symbol,ath_before,cutoff,built
20MICRONS,348.0,2026-10-01,2026-10-07
21STCENMGM,141.4,2026-10-01,2026-10-07
360ONE,1318.0,2026-10-01,2026-10-07
3BBLACKBIO,1740.0,2026-10-01,2026-10-07
3IINFOLTD,119.3,2026-10-01,2026-10-07
3MINDIA,40856.5,2026-10-01,2026-10-07
3PLAND,82.06,2026-10-01,2026-10-07
5PAISA,758.45,2026-10-01,2026-10-07
63MOONS,3044.7,2026-10-01,2026-10-07
A2ZINFRA,500.0,2026-10-01,2026-10-07
AAATECH,160.85,2026-10-01,2026-10-07
AADHARHFC,563.0,2026-10-01,2026-10-07
AAKASH,33.8,2026-10-01,2026-10-07
AAREYDRUGS,103.99,2026-10-01,2026-10-07
AARNAV,37.6,2026-10-01,2026-10-07
AARON,258.0,2026-10-01,2026-10-07
AARTECH,105.39,2026-10-01,2026-10-07
AARTIDRUGS,1026.95,2026-10-01,2026-10-07
AARTIIND,1168.0,2026-10-01,2026-10-07
AARTIPHARM,1002.4,2026-10-01,2026-10-07
AARTISURF,1858.15,2026-10-01,2026-10-07
AARVI,203.0,2026-10-01,2026-10-07
AASTHA,70.0,2026-10-01,2026-10-07
AAVAS,3340.0,2026-10-01,2026-10-07
ABAN,5416.0,2026-10-01,2026-10-07
ABANSENT,48.85,2026-10-01,2026-10-07
ABB,9149.95,2026-10-01,2026-10-07
ABBOTINDIA,37000.0,2026-10-01,2026-10-07
ABCAPITAL,430.7,2026-10-01,2026-10-07
ABCOTS,516.0,2026-10-01,2026-10-07
ABDL,753.8,2026-10-01,2026-10-07
ABFRL,364.4,2026-10-01,2026-10-07
ABINFRA,23.56,2026-10-01,2026-10-07
ABLBL,175.0,2026-10-01,2026-10-07
ABMINTLLTD,160.0,2026-10-01,2026-10-07
ABMKNO,254.9,2026-10-01,2026-10-07
ABREL,3140.0,2026-10-01,2026-10-07
ABSLAMC,1224.9,2026-10-01,2026-10-07
ACC,2844.0,2026-10-01,2026-10-07
ACCELYA,2127.4,2026-10-01,2026-10-07
ACCURACY,30.3,2026-10-01,2026-10-07
ACE,1695.0,2026-10-01,2026-10-07
ACEINTEG,82.3,2026-10-01,2026-10-07
ACGL,1961.9,2026-10-01,2026-10-07
ACI,837.7,2026-10-01,2026-10-07
ACL,158.25,2026-10-01,2026-10-07
ACMESOLAR,476.9,2026-10-01,2026-10-07
ACSTECH,84.38,2026-10-01,2026-10-07
ACUTAAS,3740.0,2026-10-01,2026-10-07
ADANIENSOL,4236.75,2026-10-01,2026-10-07
ADANIENT,4190.0,2026-10-01,2026-10-07
ADANIGREEN,3050.0,2026-10-01,2026-10-07
ADANIPORTS,1891.1,2026-10-01,2026-10-07
ADANIPOWER,254.2,2026-10-01,2026-10-07
ADDIND,94.6,2026-10-01,2026-10-07
ADFFOODS,353.95,2026-10-01,2026-10-07
ADL,146.6,2026-10-01,2026-10-07
ADOR,1770.0,2026-10-01,2026-10-07
ADROITIND,248.39,2026-10-01,2026-10-07
ADROITINFO,211.7,2026-10-01,2026-10-07
ADSL,564.05,2026-10-01,2026-10-07
ADVAIT,2485.0,2026-10-01,2026-10-07
ADVANCE,154.0,2026-10-01,2026-10-07
ADVANIHOTR,91.65,2026-10-01,2026-10-07
ADVENTHTL,345.05,2026-10-01,2026-10-07
ADVENZYMES,571.0,2026-10-01,2026-10-07
ADVIKCA,1.27,2026-10-01,2026-10-07
AEGISLOG,1528.7,2026-10-01,2026-10-07
AEGISVOPAK,320.95,2026-10-01,2026-10-07
AEPL,20.25,2026-10-01,2026-10-07
AEQUS,285.95,2026-10-01,2026-10-07
AEROENTER,159.6,2026-10-01,2026-10-07
AEROFLEX,584.15,2026-10-01,2026-10-07
AERONEU,134.3,2026-10-01,2026-10-07
AEROPLANE,212.07,2026-10-01,2026-10-07
AETHER,1798.0,2026-10-01,2026-10-07
AFCONS,570.0,2026-10-01,2026-10-07
AFFLE,2185.9,2026-10-01,2026-10-07
AFFORDABLE,788.5,2026-10-01,2026-10-07
AFIL,13.4,2026-10-01,2026-10-07
AFSL,625.0,2026-10-01,2026-10-07
AGARIND,1380.0,2026-10-01,2026-10-07
AGARWALEYE,568.0,2026-10-01,2026-10-07
AGASTYAEN,177.35,2026-10-01,2026-10-07
AGI,1307.9,2026-10-01,2026-10-07
AGIIL,434.4,2026-10-01,2026-10-07
AGL,22.0,2026-10-01,2026-10-07
AGRITECH,309.15,2026-10-01,2026-10-07
AGROPHOS,155.4,2026-10-01,2026-10-07
AHCL,37.24,2026-10-01,2026-10-07
AHLADA,1020.0,2026-10-01,2026-10-07
AHLEAST,326.65,2026-10-01,2026-10-07
AHLUCONT,1542.45,2026-10-01,2026-10-07
AHLWEST,751.4,2026-10-01,2026-10-07
AIAENG,5180.0,2026-10-01,2026-10-07
AIIL,683.0,2026-10-01,2026-10-07
AIRAN,379.0,2026-10-01,2026-10-07
AIROLAM,196.8,2026-10-01,2026-10-07
AJANTPHARM,3796.0,2026-10-01,2026-10-07
AJAXENGG,756.2,2026-10-01,2026-10-07
AJMERA,433.35,2026-10-01,2026-10-07
AJOONI,646.25,2026-10-01,2026-10-07
AKASH,281.0,2026-10-01,2026-10-07
AKCAPIT,1875.0,2026-10-01,2026-10-07
AKG,60.2,2026-10-01,2026-10-07
AKI,32.5,2026-10-01,2026-10-07
AKSHAR,10.75,2026-10-01,2026-10-07
AKSHARCHEM,945.0,2026-10-01,2026-10-07
AKSHOPTFBR,96.95,2026-10-01,2026-10-07
AKUMS,1175.9,2026-10-01,2026-10-07
ALANKIT,88.75,2026-10-01,2026-10-07
ALBERTDAVD,1753.95,2026-10-01,2026-10-07
ALEMBICLTD,169.0,2026-10-01,2026-10-07
ALFREDHE,3599.0,2026-10-01,2026-10-07
ALGOQUANT,76.2,2026-10-01,2026-10-07
ALICON,1541.9,2026-10-01,2026-10-07
ALIVUS,1493.8,2026-10-01,2026-10-07
ALKALI,398.0,2026-10-01,2026-10-07
ALKEM,6439.9,2026-10-01,2026-10-07
ALKYLAMINE,4749.0,2026-10-01,2026-10-07
ALLCARGO,123.75,2026-10-01,2026-10-07
ALLDIGI,1251.9,2026-10-01,2026-10-07
ALLTIME,334.9,2026-10-01,2026-10-07
ALMONDZ,39.13,2026-10-01,2026-10-07
ALOKINDS,58.5,2026-10-01,2026-10-07
ALPA,144.5,2026-10-01,2026-10-07
ALPHAGEO,1147.0,2026-10-01,2026-10-07
ALPINETEX,105.0,2026-10-01,2026-10-07
ALUFLUOR,649.0,2026-10-01,2026-10-07
AMAGI,727.4,2026-10-01,2026-10-07
AMAL,822.0,2026-10-01,2026-10-07
AMANTA,209.95,2026-10-01,2026-10-07
AMARJOTHI,166.0,2026-10-01,2026-10-07
AMBALALSA,49.98,2026-10-01,2026-10-07
AMBER,8974.0,2026-10-01,2026-10-07
AMBICAAGAR,44.4,2026-10-01,2026-10-07
AMBIKCO,2830.0,2026-10-01,2026-10-07
AMBUJACEM,706.95,2026-10-01,2026-10-07
AMDIND,105.95,2026-10-01,2026-10-07
AMJLAND,76.49,2026-10-01,2026-10-07
AMNPLST,359.95,2026-10-01,2026-10-07
AMRUTANJAN,1024.55,2026-10-01,2026-10-07
ANANDRATHI,2268.4,2026-10-01,2026-10-07
ANANTRAJ,947.9,2026-10-01,2026-10-07
ANDHRAPAP,135.0,2026-10-01,2026-10-07
ANDHRSUGAR,177.6,2026-10-01,2026-10-07
ANDREWYU,30.49,2026-10-01,2026-10-07
ANGELONE,389.6,2026-10-01,2026-10-07
ANIKINDS,133.0,2026-10-01,2026-10-07
ANMOL,68.0,2026-10-01,2026-10-07
ANNAPURNA,494.9,2026-10-01,2026-10-07
ANNU,75.6,2026-10-01,2026-10-07
ANSALBU,107.5,2026-10-01,2026-10-07
ANTELOPUS,1290.9,2026-10-01,2026-10-07
ANTGRAPHIC,3.35,2026-10-01,2026-10-07
ANTHEM,977.55,2026-10-01,2026-10-07
ANUHPHR,122.85,2026-10-01,2026-10-07
ANUP,3859.4,2026-10-01,2026-10-07
ANURAS,1415.0,2026-10-01,2026-10-07
APARINDS,19265.0,2026-10-01,2026-10-07
APCL,499.9,2026-10-01,2026-10-07
APCOTEXIND,712.0,2026-10-01,2026-10-07
APEX,939.0,2026-10-01,2026-10-07
APLAPOLLO,2301.4,2026-10-01,2026-10-07
APLLTD,1303.9,2026-10-01,2026-10-07
APOLLO,466.5,2026-10-01,2026-10-07
APOLLOHOSP,9070.5,2026-10-01,2026-10-07
APOLLOPIPE,798.65,2026-10-01,2026-10-07
APOLLOTYRE,584.9,2026-10-01,2026-10-07
APOLSINHOT,2652.0,2026-10-01,2026-10-07
APOORVA,35.58,2026-10-01,2026-10-07
APTECHT,422.8,2026-10-01,2026-10-07
APTUS,401.65,2026-10-01,2026-10-07
AQYLON,224.7,2026-10-01,2026-10-07
ARCHIDPLY,153.0,2026-10-01,2026-10-07
ARCHIES,55.15,2026-10-01,2026-10-07
ARCIL,157.0,2026-10-01,2026-10-07
ARCL,280.7,2026-10-01,2026-10-07
ARDEE,73.19,2026-10-01,2026-10-07
ARE&M,1775.95,2026-10-01,2026-10-07
ARENTERP,88.34,2026-10-01,2026-10-07
ARFIN,106.2,2026-10-01,2026-10-07
ARIES,524.75,2026-10-01,2026-10-07
ARIHANT,1225.0,2026-10-01,2026-10-07
ARIHANTCAP,124.8,2026-10-01,2026-10-07
ARIHANTSUP,553.6,2026-10-01,2026-10-07
ARIS,208.5,2026-10-01,2026-10-07
ARKADE,213.69,2026-10-01,2026-10-07
ARMANFIN,2680.0,2026-10-01,2026-10-07
ARMEE,375.0,2026-10-01,2026-10-07
AROGRANITE,97.9,2026-10-01,2026-10-07
ARROWGREEN,1099.0,2026-10-01,2026-10-07
ARSSBL,794.85,2026-10-01,2026-10-07
ARTEMISMED,378.8,2026-10-01,2026-10-07
ARTNIRMAN,195.9,2026-10-01,2026-10-07
ARVEE,315.0,2026-10-01,2026-10-07
ARVIND,607.15,2026-10-01,2026-10-07
ARVINDFASN,1063.95,2026-10-01,2026-10-07
ARVSMART,1025.0,2026-10-01,2026-10-07
ARYAMAN,674.95,2026-10-01,2026-10-07
ASAHIINDIA,1074.0,2026-10-01,2026-10-07
ASAHISONG,588.95,2026-10-01,2026-10-07
ASAL,1094.55,2026-10-01,2026-10-07
ASALCBR,2749.95,2026-10-01,2026-10-07
ASHAPURMIN,924.9,2026-10-01,2026-10-07
ASHIANA,469.0,2026-10-01,2026-10-07
ASHIKAG,520.95,2026-10-01,2026-10-07
ASHIMASYN,51.6,2026-10-01,2026-10-07
ASHOKA,319.0,2026-10-01,2026-10-07
ASHOKAMET,35.7,2026-10-01,2026-10-07
ASHOKLEY,215.42,2026-10-01,2026-10-07
ASIANENE,565.7,2026-10-01,2026-10-07
ASIANHOTNR,934.0,2026-10-01,2026-10-07
ASIANPAINT,3590.0,2026-10-01,2026-10-07
ASIANTILES,390.5,2026-10-01,2026-10-07
ASIANTNE,10.99,2026-10-01,2026-10-07
ASKAUTOLTD,687.7,2026-10-01,2026-10-07
ASMS,28.75,2026-10-01,2026-10-07
ASPINWALL,579.5,2026-10-01,2026-10-07
ASSAMENT,857.75,2026-10-01,2026-10-07
ASTAR,848.0,2026-10-01,2026-10-07
ASTEC,2288.8,2026-10-01,2026-10-07
ASTERDM,891.3,2026-10-01,2026-10-07
ASTRAL,2454.0,2026-10-01,2026-10-07
ASTRAMICRO,1960.0,2026-10-01,2026-10-07
ASTRAZEN,10691.0,2026-10-01,2026-10-07
ATALREAL,36.7,2026-10-01,2026-10-07
ATAM,270.0,2026-10-01,2026-10-07
ATGL,4000.0,2026-10-01,2026-10-07
ATHERENERG,1744.0,2026-10-01,2026-10-07
ATL,82.5,2026-10-01,2026-10-07
ATLANTAA,175.18,2026-10-01,2026-10-07
ATLANTAELE,2152.6,2026-10-01,2026-10-07
ATLASCYCLE,176.39,2026-10-01,2026-10-07
ATUL,10969.0,2026-10-01,2026-10-07
ATULAUTO,844.4,2026-10-01,2026-10-07
AUBANK,1144.1,2026-10-01,2026-10-07
AUGMONT,1138.5,2026-10-01,2026-10-07
AURIONPRO,1991.75,2026-10-01,2026-10-07
AUROPHARMA,1740.0,2026-10-01,2026-10-07
AURUM,734.85,2026-10-01,2026-10-07
AURUS,110.36,2026-10-01,2026-10-07
AUSOMENT,186.35,2026-10-01,2026-10-07
AUSTENG,178.0,2026-10-01,2026-10-07
AUTOAXLES,2693.2,2026-10-01,2026-10-07
AUTOIND,463.7,2026-10-01,2026-10-07
AVADHSUGAR,1309.4,2026-10-01,2026-10-07
AVALON,2618.0,2026-10-01,2026-10-07
AVANCE,0.94,2026-10-01,2026-10-07
AVANTEL,215.0,2026-10-01,2026-10-07
AVANTIFEED,1593.8,2026-10-01,2026-10-07
AVG,668.4,2026-10-01,2026-10-07
AVL,705.0,2026-10-01,2026-10-07
AVONMORE,29.95,2026-10-01,2026-10-07
AVROIND,23.05,2026-10-01,2026-10-07
AVTNPL,135.7,2026-10-01,2026-10-07
AWFIS,946.0,2026-10-01,2026-10-07
AWHCL,902.0,2026-10-01,2026-10-07
AWL,878.0,2026-10-01,2026-10-07
AXISBANK,1418.3,2026-10-01,2026-10-07
AXISCADES,2274.1,2026-10-01,2026-10-07
AXITA,42.45,2026-10-01,2026-10-07
AXTEL,459.9,2026-10-01,2026-10-07
AYE,197.29,2026-10-01,2026-10-07
AYMSYNTEX,330.0,2026-10-01,2026-10-07
AZAD,3127.9,2026-10-01,2026-10-07
AZADIND,98.99,2026-10-01,2026-10-07
BAFNAPH,371.4,2026-10-01,2026-10-07
BAGFILMS,105.0,2026-10-01,2026-10-07
BAIDFIN,48.75,2026-10-01,2026-10-07
BAJAJ-AUTO,12774.0,2026-10-01,2026-10-07
BAJAJCON,692.0,2026-10-01,2026-10-07
BAJAJELEC,1148.0,2026-10-01,2026-10-07
BAJAJFINSV,2195.0,2026-10-01,2026-10-07
BAJAJHCARE,745.0,2026-10-01,2026-10-07
BAJAJHFL,188.5,2026-10-01,2026-10-07
BAJAJHIND,481.29,2026-10-01,2026-10-07
BAJAJHLDNG,14763.0,2026-10-01,2026-10-07
BAJAJINDEF,580.25,2026-10-01,2026-10-07
BAJAJST,507.8,2026-10-01,2026-10-07
BAJEL,330.0,2026-10-01,2026-10-07
BAJFINANCE,1176.4,2026-10-01,2026-10-07
BALAJEE,99.22,2026-10-01,2026-10-07
BALAJITELE,397.52,2026-10-01,2026-10-07
BALAMINES,5223.55,2026-10-01,2026-10-07
BALAXI,216.05,2026-10-01,2026-10-07
BALKRISHNA,86.2,2026-10-01,2026-10-07
BALKRISIND,3375.0,2026-10-01,2026-10-07
BALMLAWRIE,320.45,2026-10-01,2026-10-07
BALPHARMA,167.9,2026-10-01,2026-10-07
BALRAMCHIN,780.95,2026-10-01,2026-10-07
BALUFORGE,886.95,2026-10-01,2026-10-07
BANARBEADS,169.52,2026-10-01,2026-10-07
BANARISUG,4444.0,2026-10-01,2026-10-07
BANCOINDIA,879.8,2026-10-01,2026-10-07
BANDHANBNK,741.8,2026-10-01,2026-10-07
BANG,308.8,2026-10-01,2026-10-07
BANKA,166.8,2026-10-01,2026-10-07
BANKBARODA,325.5,2026-10-01,2026-10-07
BANKINDIA,589.0,2026-10-01,2026-10-07
BANSALWIRE,503.95,2026-10-01,2026-10-07
BANSWRAS,188.65,2026-10-01,2026-10-07
BASF,8750.0,2026-10-01,2026-10-07
BASML,130.35,2026-10-01,2026-10-07
BATAINDIA,2262.0,2026-10-01,2026-10-07
BATLIBOI,106.5,2026-10-01,2026-10-07
BAYERCROP,7196.85,2026-10-01,2026-10-07
BBL,5689.65,2026-10-01,2026-10-07
BBOX,1103.0,2026-10-01,2026-10-07
BBTC,2975.0,2026-10-01,2026-10-07
BBTCL,1400.0,2026-10-01,2026-10-07
BCG,122.9,2026-10-01,2026-10-07
BCLIND,86.3,2026-10-01,2026-10-07
BCONCEPTS,966.1,2026-10-01,2026-10-07
BCPL,92.0,2026-10-01,2026-10-07
BDL,2096.6,2026-10-01,2026-10-07
BEARDSELL,559.35,2026-10-01,2026-10-07
BECTORFOOD,21279.8,2026-10-01,2026-10-07
BEDMUTHA,314.4,2026-10-01,2026-10-07
BEEKAY,480.0,2026-10-01,2026-10-07
BEL,473.45,2026-10-01,2026-10-07
BELLACASA,497.35,2026-10-01,2026-10-07
BELRISE,268.2,2026-10-01,2026-10-07
BEML,2744.0,2026-10-01,2026-10-07
BENARAS,11499.0,2026-10-01,2026-10-07
BENGALASM,7268.0,2026-10-01,2026-10-07
BEPL,177.0,2026-10-01,2026-10-07
BERGEPAINT,727.45,2026-10-01,2026-10-07
BESTAGRO,118.35,2026-10-01,2026-10-07
BETA,2807.9,2026-10-01,2026-10-07
BFINVEST,829.0,2026-10-01,2026-10-07
BFUTILITIE,2605.74,2026-10-01,2026-10-07
BGRENERGY,989.0,2026-10-01,2026-10-07
BHAGCHEM,447.7,2026-10-01,2026-10-07
BHAGERIA,413.5,2026-10-01,2026-10-07
BHAGYANGR,467.9,2026-10-01,2026-10-07
BHANDARI,14.2,2026-10-01,2026-10-07
BHARATCOAL,45.09,2026-10-01,2026-10-07
BHARATFORG,2295.0,2026-10-01,2026-10-07
BHARATGEAR,172.65,2026-10-01,2026-10-07
BHARATRAS,3783.0,2026-10-01,2026-10-07
BHARATSE,263.18,2026-10-01,2026-10-07
BHARATWIRE,400.6,2026-10-01,2026-10-07
BHARTIARTL,2174.5,2026-10-01,2026-10-07
BHARTIHEXA,2052.9,2026-10-01,2026-10-07
BHEL,446.5,2026-10-01,2026-10-07
BI,113.0,2026-10-01,2026-10-07
BIGBLOC,148.5,2026-10-01,2026-10-07
BIKAJI,1007.95,2026-10-01,2026-10-07
BIL,1150.0,2026-10-01,2026-10-07
BILVYAPAR,406.9,2026-10-01,2026-10-07
BIMETAL,750.75,2026-10-01,2026-10-07
BIOCON,487.75,2026-10-01,2026-10-07
BIOFILCHEM,356.1,2026-10-01,2026-10-07
BIRLACABLE,429.7,2026-10-01,2026-10-07
BIRLACORPN,1802.0,2026-10-01,2026-10-07
BIRLAMONEY,303.72,2026-10-01,2026-10-07
BIRLANU,6758.05,2026-10-01,2026-10-07
BIRLAPREC,63.49,2026-10-01,2026-10-07
BLACKBUCK,748.0,2026-10-01,2026-10-07
BLACKROSE,129.9,2026-10-01,2026-10-07
BLAL,377.45,2026-10-01,2026-10-07
BLBLIMITED,84.55,2026-10-01,2026-10-07
BLEL,548.0,2026-10-01,2026-10-07
BLIL,79.5,2026-10-01,2026-10-07
BLISSGVS,739.9,2026-10-01,2026-10-07
BLKASHYAP,240.0,2026-10-01,2026-10-07
BLS,521.8,2026-10-01,2026-10-07
BLSE,211.85,2026-10-01,2026-10-07
BLUECLOUDS,24.5,2026-10-01,2026-10-07
BLUECOAST,86.31,2026-10-01,2026-10-07
BLUEDART,9640.0,2026-10-01,2026-10-07
BLUEJET,1027.8,2026-10-01,2026-10-07
BLUESTARCO,2417.0,2026-10-01,2026-10-07
BLUESTONE,969.9,2026-10-01,2026-10-07
BLUSPRING,152.5,2026-10-01,2026-10-07
BMWVENTLTD,78.0,2026-10-01,2026-10-07
BNAGROCHEM,394.8,2026-10-01,2026-10-07
BNALTD,589.0,2026-10-01,2026-10-07
BODALCHEM,207.7,2026-10-01,2026-10-07
BOHRAIND,206.9,2026-10-01,2026-10-07
BOMDYEING,321.9,2026-10-01,2026-10-07
BONLON,57.0,2026-10-01,2026-10-07
BORANA,420.0,2026-10-01,2026-10-07
BOROLTD,515.9,2026-10-01,2026-10-07
BORORENEW,833.35,2026-10-01,2026-10-07
BOROSCI,230.0,2026-10-01,2026-10-07
BOSCH-HCIL,3484.4,2026-10-01,2026-10-07
BOSCHLTD,50000.0,2026-10-01,2026-10-07
BPCL,391.65,2026-10-01,2026-10-07
BPL,176.65,2026-10-01,2026-10-07
BPLPHARMA,2277.6,2026-10-01,2026-10-07
BRAHMINFRA,184.0,2026-10-01,2026-10-07
BRIGADE,1089.8,2026-10-01,2026-10-07
BRIGHOTEL,91.77,2026-10-01,2026-10-07
BRIGHTBR,270.0,2026-10-01,2026-10-07
BRITANNIA,6469.9,2026-10-01,2026-10-07
BRNL,217.55,2026-10-01,2026-10-07
BROOKS,198.86,2026-10-01,2026-10-07
BSE,4446.8,2026-10-01,2026-10-07
BSHSL,665.7,2026-10-01,2026-10-07
BSL,331.85,2026-10-01,2026-10-07
BSOFT,861.85,2026-10-01,2026-10-07
BTML,22.2,2026-10-01,2026-10-07
BTTL,58.23,2026-10-01,2026-10-07
BUILDPRO,1380.0,2026-10-01,2026-10-07
BURNPUR,22.63,2026-10-01,2026-10-07
BUTTERFLY,1903.35,2026-10-01,2026-10-07
BVCL,77.0,2026-10-01,2026-10-07
BYKE,221.9,2026-10-01,2026-10-07
CALSOFT,123.4,2026-10-01,2026-10-07
CAMLINFINE,333.3,2026-10-01,2026-10-07
CAMPUS,639.3,2026-10-01,2026-10-07
CAMS,1073.5,2026-10-01,2026-10-07
CANBK,164.2,2026-10-01,2026-10-07
CANFINHOME,971.5,2026-10-01,2026-10-07
CANHLIFE,166.69,2026-10-01,2026-10-07
CANTABIL,334.0,2026-10-01,2026-10-07
CAPACITE,465.0,2026-10-01,2026-10-07
CAPILLARY,798.95,2026-10-01,2026-10-07
CAPITALSFB,469.0,2026-10-01,2026-10-07
CAPLIPOINT,2990.0,2026-10-01,2026-10-07
CAPTRUST,569.85,2026-10-01,2026-10-07
CARBORUNIV,1841.15,2026-10-01,2026-10-07
CARERATING,1964.0,2026-10-01,2026-10-07
CARRARO,692.4,2026-10-01,2026-10-07
CARTRADE,3290.5,2026-10-01,2026-10-07
CARYSIL,1280.9,2026-10-01,2026-10-07
CASTROLIND,284.4,2026-10-01,2026-10-07
CCAVENUE,59.75,2026-10-01,2026-10-07
CCCL,244.0,2026-10-01,2026-10-07
CCHHL,30.65,2026-10-01,2026-10-07
CCL,1242.2,2026-10-01,2026-10-07
CDSL,1989.8,2026-10-01,2026-10-07
CEATLTD,4438.0,2026-10-01,2026-10-07
CEIGALL,424.8,2026-10-01,2026-10-07
CEINSYS,1249.9,2026-10-01,2026-10-07
CELEBRITY,151.64,2026-10-01,2026-10-07
CELLO,1025.0,2026-10-01,2026-10-07
CEMPRO,1649.2,2026-10-01,2026-10-07
CENTENKA,864.9,2026-10-01,2026-10-07
CENTEXT,34.75,2026-10-01,2026-10-07
CENTEXT-RE,3.88,2026-10-01,2026-10-07
CENTRALBK,212.14,2026-10-01,2026-10-07
CENTRUM,66.85,2026-10-01,2026-10-07
CENTUM,4999.5,2026-10-01,2026-10-07
CENTURYPLY,935.0,2026-10-01,2026-10-07
CERA,10789.95,2026-10-01,2026-10-07
CESC,212.49,2026-10-01,2026-10-07
CEWATER,860.0,2026-10-01,2026-10-07
CFEL,52.8,2026-10-01,2026-10-07
CGCL,289.25,2026-10-01,2026-10-07
CGPOWER,980.9,2026-10-01,2026-10-07
CGVAK,163.7,2026-10-01,2026-10-07
CHALET,1082.0,2026-10-01,2026-10-07
CHAMBLFERT,742.2,2026-10-01,2026-10-07
CHEMBOND,743.2,2026-10-01,2026-10-07
CHEMBONDCH,290.0,2026-10-01,2026-10-07
CHEMCON,731.25,2026-10-01,2026-10-07
CHEMCRUX,89.29,2026-10-01,2026-10-07
CHEMFAB,1230.0,2026-10-01,2026-10-07
CHEMPLASTS,826.0,2026-10-01,2026-10-07
CHENNPETRO,1677.5,2026-10-01,2026-10-07
CHEVIOT,1653.4,2026-10-01,2026-10-07
CHOICEIN,860.5,2026-10-01,2026-10-07
CHOLAFIN,1952.5,2026-10-01,2026-10-07
CHOLAHLDNG,2231.6,2026-10-01,2026-10-07
CIEINDIA,622.4,2026-10-01,2026-10-07
CIFL,44.5,2026-10-01,2026-10-07
CINELINE,213.65,2026-10-01,2026-10-07
CINEVISTA,25.6,2026-10-01,2026-10-07
CIPLA,1702.05,2026-10-01,2026-10-07
CLEAN,2705.0,2026-10-01,2026-10-07
CLEANMAX,1536.0,2026-10-01,2026-10-07
CLEDUCATE,136.98,2026-10-01,2026-10-07
CLSEL,447.2,2026-10-01,2026-10-07
CMLL,624.4,2026-10-01,2026-10-07
CMPDI,283.69,2026-10-01,2026-10-07
CMRGREEN,268.96,2026-10-01,2026-10-07
CMSINFO,616.5,2026-10-01,2026-10-07
CNL,1328.0,2026-10-01,2026-10-07
COALINDIA,543.55,2026-10-01,2026-10-07
COASTCORP,107.03,2026-10-01,2026-10-07
COCHINSHIP,2979.45,2026-10-01,2026-10-07
COCKERILL,10871.5,2026-10-01,2026-10-07
COFFEEDAY,374.9,2026-10-01,2026-10-07
COFORGE,2021.2,2026-10-01,2026-10-07
COHANCE,1360.0,2026-10-01,2026-10-07
COLPAL,3890.0,2026-10-01,2026-10-07
COMFINTE,9.19,2026-10-01,2026-10-07
COMPEAU,420.0,2026-10-01,2026-10-07
COMPUSOFT,43.6,2026-10-01,2026-10-07
COMSYN,315.4,2026-10-01,2026-10-07
CONCOR,944.0,2026-10-01,2026-10-07
CONCORDBIO,2664.0,2026-10-01,2026-10-07
CONFIPET,120.0,2026-10-01,2026-10-07
CONSOFINVT,346.95,2026-10-01,2026-10-07
CONTROLPR,1080.0,2026-10-01,2026-10-07
CORALFINAC,275.0,2026-10-01,2026-10-07
CORDELIA,118.53,2026-10-01,2026-10-07
CORDSCABLE,406.95,2026-10-01,2026-10-07
COROMANDEL,2718.9,2026-10-01,2026-10-07
CORONA,2292.4,2026-10-01,2026-10-07
COSMOFIRST,1428.0,2026-10-01,2026-10-07
COUNCODOS,11.92,2026-10-01,2026-10-07
CPCAP,714.4,2026-10-01,2026-10-07
CPEDU,338.75,2026-10-01,2026-10-07
CPL,75.74,2026-10-01,2026-10-07
CPPLUS,4094.0,2026-10-01,2026-10-07
CRAFTSMAN,11999.0,2026-10-01,2026-10-07
CRAMC,353.4,2026-10-01,2026-10-07
CRAVATEX,410.0,2026-10-01,2026-10-07
CREATIVEYE,41.6,2026-10-01,2026-10-07
CREDITACC,1796.0,2026-10-01,2026-10-07
CREST,621.65,2026-10-01,2026-10-07
CRESTO,86.0,2026-10-01,2026-10-07
CRISIL,6950.0,2026-10-01,2026-10-07
CRIZAC,387.95,2026-10-01,2026-10-07
CROMPTON,512.8,2026-10-01,2026-10-07
CROWN,325.05,2026-10-01,2026-10-07
CSBBANK,574.4,2026-10-01,2026-10-07
CSLFINANCE,533.0,2026-10-01,2026-10-07
CSM,114.9,2026-10-01,2026-10-07
CTE,163.45,2026-10-01,2026-10-07
CUB,248.85,2026-10-01,2026-10-07
CUBEXTUB,184.0,2026-10-01,2026-10-07
CUMMINSIND,6100.0,2026-10-01,2026-10-07
CUPID,312.0,2026-10-01,2026-10-07
CURAA,337.0,2026-10-01,2026-10-07
CYBERMEDIA,135.9,2026-10-01,2026-10-07
CYBERTECH,293.0,2026-10-01,2026-10-07
CYIENT,2458.95,2026-10-01,2026-10-07
CYIENTDLM,1009.0,2026-10-01,2026-10-07
DABUR,672.0,2026-10-01,2026-10-07
DAICHI,380.0,2026-10-01,2026-10-07
DALBHARAT,2548.4,2026-10-01,2026-10-07
DALMIASUG,585.0,2026-10-01,2026-10-07
DAMCAPITAL,456.9,2026-10-01,2026-10-07
DAMODARIND,81.4,2026-10-01,2026-10-07
DANGEE,32.45,2026-10-01,2026-10-07
DATAMATICS,1120.0,2026-10-01,2026-10-07
DATAPATTNS,5000.0,2026-10-01,2026-10-07
DAVANGERE,11.5,2026-10-01,2026-10-07
DBCORP,447.7,2026-10-01,2026-10-07
DBEIL,21.4,2026-10-01,2026-10-07
DBL,1247.5,2026-10-01,2026-10-07
DBOL,229.0,2026-10-01,2026-10-07
DBREALTY,475.9,2026-10-01,2026-10-07
DBSTOCKBRO,116.0,2026-10-01,2026-10-07
DCAL,396.4,2026-10-01,2026-10-07
DCBBANK,244.65,2026-10-01,2026-10-07
DCI,475.0,2026-10-01,2026-10-07
DCM,206.95,2026-10-01,2026-10-07
DCMFINSERV,19.2,2026-10-01,2026-10-07
DCMNVL,386.1,2026-10-01,2026-10-07
DCMSHRIRAM,1502.3,2026-10-01,2026-10-07
DCMSIL,105.27,2026-10-01,2026-10-07
DCMSRIND,242.5,2026-10-01,2026-10-07
DCW,113.0,2026-10-01,2026-10-07
DCXINDIA,451.9,2026-10-01,2026-10-07
DDEVPLSTIK,360.0,2026-10-01,2026-10-07
DECCANCE,1164.9,2026-10-01,2026-10-07
DECNGOLD,250.8,2026-10-01,2026-10-07
DEEDEV,760.0,2026-10-01,2026-10-07
DEEP,49.17,2026-10-01,2026-10-07
DEEPA,222.0,2026-10-01,2026-10-07
DEEPAKFERT,1778.6,2026-10-01,2026-10-07
DEEPAKNTR,3169.0,2026-10-01,2026-10-07
DEEPINDS,825.0,2026-10-01,2026-10-07
DELHIVERY,708.0,2026-10-01,2026-10-07
DELPHIFX,110.35,2026-10-01,2026-10-07
DELTACORP,401.6,2026-10-01,2026-10-07
DELTAMAGNT,139.8,2026-10-01,2026-10-07
DEN,254.4,2026-10-01,2026-10-07
DENORA,2336.95,2026-10-01,2026-10-07
DENTA,479.6,2026-10-01,2026-10-07
DEVIT,79.6,2026-10-01,2026-10-07
DEVX,64.05,2026-10-01,2026-10-07
DEVYANI,227.5,2026-10-01,2026-10-07
DGCONTENT,68.5,2026-10-01,2026-10-07
DHABRIYA,603.0,2026-10-01,2026-10-07
DHAMPURSUG,584.5,2026-10-01,2026-10-07
DHANBANK,212.2,2026-10-01,2026-10-07
DHANUKA,1975.0,2026-10-01,2026-10-07
DHARMAJ,389.65,2026-10-01,2026-10-07
DHATRE,5.17,2026-10-01,2026-10-07
DHOOTTRANS,1735.3,2026-10-01,2026-10-07
DHRUV,168.33,2026-10-01,2026-10-07
DHUNINV,2668.5,2026-10-01,2026-10-07
DIACABS,404.0,2026-10-01,2026-10-07
DIAMINESQ,693.4,2026-10-01,2026-10-07
DIAMONDYD,1458.7,2026-10-01,2026-10-07
DICIND,839.9,2026-10-01,2026-10-07
DIFFNKG,519.9,2026-10-01,2026-10-07
DIGIDRIVE,108.7,2026-10-01,2026-10-07
DIGISPICE,150.0,2026-10-01,2026-10-07
DIGITIDE,279.69,2026-10-01,2026-10-07
DIGJAMLMTD,362.3,2026-10-01,2026-10-07
DISAQ,12864.0,2026-10-01,2026-10-07
DISHTV,142.8,2026-10-01,2026-10-07
DIVGIITTS,1329.8,2026-10-01,2026-10-07
DIVISLAB,9740.0,2026-10-01,2026-10-07
DIXON,19148.9,2026-10-01,2026-10-07
DJML,209.7,2026-10-01,2026-10-07
DLF,1225.0,2026-10-01,2026-10-07
DLINKINDIA,728.8,2026-10-01,2026-10-07
DMART,5900.0,2026-10-01,2026-10-07
DMCC,479.45,2026-10-01,2026-10-07
DNAMEDIA,14.4,2026-10-01,2026-10-07
DODLA,1525.0,2026-10-01,2026-10-07
DOLATALGO,186.5,2026-10-01,2026-10-07
DOLLAR,665.0,2026-10-01,2026-10-07
DOLLEX,57.9,2026-10-01,2026-10-07
DOLPHIN,948.7,2026-10-01,2026-10-07
DOMS,3115.0,2026-10-01,2026-10-07
DONEAR,241.0,2026-10-01,2026-10-07
DPABHUSHAN,1927.0,2026-10-01,2026-10-07
DPSCLTD,48.6,2026-10-01,2026-10-07
DPWIRES,681.45,2026-10-01,2026-10-07
DRAGARWQ,6059.7,2026-10-01,2026-10-07
DRCSYSTEMS,147.0,2026-10-01,2026-10-07
DREAMFOLKS,847.0,2026-10-01,2026-10-07
DREDGECORP,1457.95,2026-10-01,2026-10-07
DRREDDY,1421.5,2026-10-01,2026-10-07
DSFCL,52.5,2026-10-01,2026-10-07
DSKULKARNI,25.56,2026-10-01,2026-10-07
DSSL,1924.8,2026-10-01,2026-10-07
DTIL,399.95,2026-10-01,2026-10-07
DUCON,83.6,2026-10-01,2026-10-07
DVL,558.7,2026-10-01,2026-10-07
DWARKESH,148.45,2026-10-01,2026-10-07
DYCL,560.0,2026-10-01,2026-10-07
DYNAMATECH,13650.0,2026-10-01,2026-10-07
DYNPRO,766.2,2026-10-01,2026-10-07
E2E,698.0,2026-10-01,2026-10-07
EASEMYTRIP,36.75,2026-10-01,2026-10-07
EASTSILK,99.25,2026-10-01,2026-10-07
EASTWEST,2.68,2026-10-01,2026-10-07
EBGNG,730.0,2026-10-01,2026-10-07
EBIX,22.83,2026-10-01,2026-10-07
ECLERX,2497.5,2026-10-01,2026-10-07
ECORECO,494.9,2026-10-01,2026-10-07
ECOSMOBLTY,593.7,2026-10-01,2026-10-07
EDELWEISS,230.85,2026-10-01,2026-10-07
EFCIL,357.0,2026-10-01,2026-10-07
EICHERMOT,8230.0,2026-10-01,2026-10-07
EIDPARRY,1246.8,2026-10-01,2026-10-07
EIEL,391.6,2026-10-01,2026-10-07
EIFFL,381.96,2026-10-01,2026-10-07
EIHAHOTELS,543.95,2026-10-01,2026-10-07
EIHOTEL,502.2,2026-10-01,2026-10-07
EIMCOELECO,3499.0,2026-10-01,2026-10-07
EKC,384.9,2026-10-01,2026-10-07
EKI,108.94,2026-10-01,2026-10-07
ELANTAS,15150.0,2026-10-01,2026-10-07
ELCIDIN,137000.0,2026-10-01,2026-10-07
ELDEHSG,1175.0,2026-10-01,2026-10-07
ELECON,739.1,2026-10-01,2026-10-07
ELECTCAST,236.6,2026-10-01,2026-10-07
ELECTHERM,1455.0,2026-10-01,2026-10-07
ELEVATE,372.75,2026-10-01,2026-10-07
ELGIEQUIP,798.95,2026-10-01,2026-10-07
ELGIRUBCO,154.98,2026-10-01,2026-10-07
ELIN,282.0,2026-10-01,2026-10-07
ELITECON,46.4,2026-10-01,2026-10-07
ELLEN,637.7,2026-10-01,2026-10-07
ELPROINTL,180.89,2026-10-01,2026-10-07
EMAMILTD,860.0,2026-10-01,2026-10-07
EMAMIPAP,214.8,2026-10-01,2026-10-07
EMAMIREAL,598.8,2026-10-01,2026-10-07
EMBDL,697.21,2026-10-01,2026-10-07
EMCURE,2100.7,2026-10-01,2026-10-07
EMIL,262.0,2026-10-01,2026-10-07
EMKAY,418.8,2026-10-01,2026-10-07
EMMBI,262.05,2026-10-01,2026-10-07
EMMVEE,371.55,2026-10-01,2026-10-07
EMPIND,1248.0,2026-10-01,2026-10-07
EMPOWER,2.82,2026-10-01,2026-10-07
EMSLIMITED,1016.0,2026-10-01,2026-10-07
EMUDHRA,1024.0,2026-10-01,2026-10-07
ENDURANCE,3079.9,2026-10-01,2026-10-07
ENERGYDEV,356.3,2026-10-01,2026-10-07
ENGINERSIN,321.4,2026-10-01,2026-10-07
ENIL,1005.0,2026-10-01,2026-10-07
ENKEIWHEL,425.0,2026-10-01,2026-10-07
ENRIN,3968.0,2026-10-01,2026-10-07
ENTERO,1920.0,2026-10-01,2026-10-07
EPACK,669.95,2026-10-01,2026-10-07
EPACKPEB,344.0,2026-10-01,2026-10-07
EPIGRAL,2406.75,2026-10-01,2026-10-07
EPL,318.6,2026-10-01,2026-10-07
EQUIPPP,181.15,2026-10-01,2026-10-07
EQUITASBNK,116.5,2026-10-01,2026-10-07
ERIS,1910.0,2026-10-01,2026-10-07
ESABINDIA,7319.5,2026-10-01,2026-10-07
ESAFSFB,82.4,2026-10-01,2026-10-07
ESCORTS,4420.0,2026-10-01,2026-10-07
ESDS,1859.2,2026-10-01,2026-10-07
ESSARSHPNG,71.54,2026-10-01,2026-10-07
ESSENTIA,7.55,2026-10-01,2026-10-07
ESTER,190.0,2026-10-01,2026-10-07
ETERNAL,368.45,2026-10-01,2026-10-07
ETHOSLTD,3524.95,2026-10-01,2026-10-07
EUREKAFORB,668.3,2026-10-01,2026-10-07
EUROBOND,254.5,2026-10-01,2026-10-07
EUROPRATIK,390.0,2026-10-01,2026-10-07
EUROTEXIND,73.75,2026-10-01,2026-10-07
EVEREADY,505.0,2026-10-01,2026-10-07
EVERESTIND,1450.95,2026-10-01,2026-10-07
EXCELINDUS,1922.3,2026-10-01,2026-10-07
EXCELSOFT,142.59,2026-10-01,2026-10-07
EXICOM,530.0,2026-10-01,2026-10-07
EXIDEIND,620.35,2026-10-01,2026-10-07
EXPLEOSOL,1874.0,2026-10-01,2026-10-07
EXXARO,17.27,2026-10-01,2026-10-07
FABTECH,262.8,2026-10-01,2026-10-07
FACT,1187.0,2026-10-01,2026-10-07
FAIRCHEMOR,2449.9,2026-10-01,2026-10-07
FAZE3Q,747.95,2026-10-01,2026-10-07
FCL,62.4,2026-10-01,2026-10-07
FCSSOFT,8.95,2026-10-01,2026-10-07
FDC,658.85,2026-10-01,2026-10-07
FEDDERSHOL,72.77,2026-10-01,2026-10-07
FEDERALBNK,371.7,2026-10-01,2026-10-07
FEDFINA,178.48,2026-10-01,2026-10-07
FERMENTA,580.45,2026-10-01,2026-10-07
FIBERWEB,66.6,2026-10-01,2026-10-07
FIEMIND,2674.8,2026-10-01,2026-10-07
FILATEX,113.94,2026-10-01,2026-10-07
FILATFASH,2.86,2026-10-01,2026-10-07
FINCABLES,1700.0,2026-10-01,2026-10-07
FINEORG,7328.75,2026-10-01,2026-10-07
FINKURVE,134.9,2026-10-01,2026-10-07
FINOPB,582.95,2026-10-01,2026-10-07
FINPIPE,355.9,2026-10-01,2026-10-07
FIRSTCRY,734.0,2026-10-01,2026-10-07
FISCHER,839.9,2026-10-01,2026-10-07
FIVESTAR,943.75,2026-10-01,2026-10-07
FLAIR,514.4,2026-10-01,2026-10-07
FLEXITUFF,384.45,2026-10-01,2026-10-07
FLUOROCHEM,4958.9,2026-10-01,2026-10-07
FMGOETZE,666.45,2026-10-01,2026-10-07
FMNL,199.75,2026-10-01,2026-10-07
FOCUS,217.8,2026-10-01,2026-10-07
FOODSIN,222.2,2026-10-01,2026-10-07
FORCEMOT,26450.0,2026-10-01,2026-10-07
FORTIS,1104.3,2026-10-01,2026-10-07
FOSECOIND,7389.5,2026-10-01,2026-10-07
FRACTAL,1118.0,2026-10-01,2026-10-07
FREDUN,1590.0,2026-10-01,2026-10-07
FRONTSP,1869.0,2026-10-01,2026-10-07
FSL,422.3,2026-10-01,2026-10-07
FUSION,691.0,2026-10-01,2026-10-07
GABRIEL,1600.0,2026-10-01,2026-10-07
GAEL,210.6,2026-10-01,2026-10-07
GAIL,246.3,2026-10-01,2026-10-07
GAJA,191.65,2026-10-01,2026-10-07
GALAPREC,1480.0,2026-10-01,2026-10-07
GALAXYSURF,3585.65,2026-10-01,2026-10-07
GALLANTT,948.0,2026-10-01,2026-10-07
GANDHAR,344.05,2026-10-01,2026-10-07
GANDHITUBE,1046.6,2026-10-01,2026-10-07
GANECOS,2484.2,2026-10-01,2026-10-07
GANESHBE,217.05,2026-10-01,2026-10-07
GANESHCP,309.95,2026-10-01,2026-10-07
GANESHHOU,1485.0,2026-10-01,2026-10-07
GANGAFORGE,25.0,2026-10-01,2026-10-07
GANGESSECU,230.08,2026-10-01,2026-10-07
GARFIBRES,986.4,2026-10-01,2026-10-07
GARUDA,249.3,2026-10-01,2026-10-07
GATECH,37.32,2026-10-01,2026-10-07
GATECHDVR,20.1,2026-10-01,2026-10-07
GATEWAY,121.55,2026-10-01,2026-10-07
GAUDIUMIVF,163.18,2026-10-01,2026-10-07
GAYAHWS,10.9,2026-10-01,2026-10-07
GAYAPROJ,239.0,2026-10-01,2026-10-07
GCSL,682.5,2026-10-01,2026-10-07
GEECEE,477.5,2026-10-01,2026-10-07
GEEKAYWIRE,73.9,2026-10-01,2026-10-07
GEMAROMA,349.6,2026-10-01,2026-10-07
GENCON,70.97,2026-10-01,2026-10-07
GENESYS,1055.0,2026-10-01,2026-10-07
GENUSPAPER,30.3,2026-10-01,2026-10-07
GENUSPOWER,486.05,2026-10-01,2026-10-07
GEOJITFSL,177.0,2026-10-01,2026-10-07
GESHIP,1798.0,2026-10-01,2026-10-07
GFLLIMITED,312.75,2026-10-01,2026-10-07
GFSTEELS,37.55,2026-10-01,2026-10-07
GHCL,779.0,2026-10-01,2026-10-07
GHCLTEXTIL,144.59,2026-10-01,2026-10-07
GICHSGFIN,623.4,2026-10-01,2026-10-07
GICL,52.4,2026-10-01,2026-10-07
GICRE,525.5,2026-10-01,2026-10-07
GILLANDERS,159.8,2026-10-01,2026-10-07
GILLETTE,11500.0,2026-10-01,2026-10-07
GINNIFILA,65.4,2026-10-01,2026-10-07
GIPCL,269.9,2026-10-01,2026-10-07
GKB,76.02,2026-10-01,2026-10-07
GKENERGY,239.6,2026-10-01,2026-10-07
GKSL,186.99,2026-10-01,2026-10-07
GKWLIMITED,4149.9,2026-10-01,2026-10-07
GLAND,4350.0,2026-10-01,2026-10-07
GLASSWALL,317.9,2026-10-01,2026-10-07
GLAXO,3515.7,2026-10-01,2026-10-07
GLENMARK,2537.6,2026-10-01,2026-10-07
GLFL,26.05,2026-10-01,2026-10-07
GLOBAL,153.08,2026-10-01,2026-10-07
GLOBALE,87.0,2026-10-01,2026-10-07
GLOBALVECT,345.5,2026-10-01,2026-10-07
GLOBE,15.75,2026-10-01,2026-10-07
GLOBECIVIL,95.0,2026-10-01,2026-10-07
GLOBUSSPR,1759.5,2026-10-01,2026-10-07
GLOSTERLTD,940.05,2026-10-01,2026-10-07
GLOTTIS,93.0,2026-10-01,2026-10-07
GMBREW,1328.8,2026-10-01,2026-10-07
GMDCLTD,771.9,2026-10-01,2026-10-07
GMMPFAUDLR,2300.0,2026-10-01,2026-10-07
GMRAIRPORT,132.35,2026-10-01,2026-10-07
GMRP&UI,169.25,2026-10-01,2026-10-07
GNA,648.0,2026-10-01,2026-10-07
GNFC,882.0,2026-10-01,2026-10-07
GNRL,120.9,2026-10-01,2026-10-07
GOACARBON,1215.0,2026-10-01,2026-10-07
GOCLCORP,699.55,2026-10-01,2026-10-07
GOCOLORS,1453.0,2026-10-01,2026-10-07
GODAVARIB,408.6,2026-10-01,2026-10-07
GODFRYPHLP,3947.0,2026-10-01,2026-10-07
GODIGIT,407.4,2026-10-01,2026-10-07
GODREJAGRO,876.7,2026-10-01,2026-10-07
GODREJCP,1541.85,2026-10-01,2026-10-07
GODREJIND,1443.0,2026-10-01,2026-10-07
GODREJPROP,3402.7,2026-10-01,2026-10-07
GOKEX,1262.15,2026-10-01,2026-10-07
GOKUL,107.94,2026-10-01,2026-10-07
GOKULAGRO,259.8,2026-10-01,2026-10-07
GOLDIAM,426.75,2026-10-01,2026-10-07
GOLDTECH,268.3,2026-10-01,2026-10-07
GOODLUCK,557.3,2026-10-01,2026-10-07
GOODYEAR,876.0,2026-10-01,2026-10-07
GOPAL,520.0,2026-10-01,2026-10-07
GOYALALUM,298.7,2026-10-01,2026-10-07
GPIL,320.0,2026-10-01,2026-10-07
GPPL,261.89,2026-10-01,2026-10-07
GPTHEALTH,219.9,2026-10-01,2026-10-07
GPTINFRA,204.0,2026-10-01,2026-10-07
GRADIENTE,9.4,2026-10-01,2026-10-07
GRANDOAK,55.76,2026-10-01,2026-10-07
GRANULES,923.65,2026-10-01,2026-10-07
GRAPHITE,1127.0,2026-10-01,2026-10-07
GRASIM,3411.1,2026-10-01,2026-10-07
GRAUWEIL,88.75,2026-10-01,2026-10-07
GRAVISSHO,49.9,2026-10-01,2026-10-07
GRAVITA,2700.0,2026-10-01,2026-10-07
GREAVESCOT,319.5,2026-10-01,2026-10-07
GREENLAM,331.0,2026-10-01,2026-10-07
GREENPANEL,625.7,2026-10-01,2026-10-07
GREENPLY,411.95,2026-10-01,2026-10-07
GREENPOWER,43.5,2026-10-01,2026-10-07
GRINDWELL,2960.0,2026-10-01,2026-10-07
GRINFRA,2267.65,2026-10-01,2026-10-07
GRMOVER,185.45,2026-10-01,2026-10-07
GROBTEA,2627.6,2026-10-01,2026-10-07
GROWW,227.2,2026-10-01,2026-10-07
GRPLTD,4815.15,2026-10-01,2026-10-07
GRSE,3538.4,2026-10-01,2026-10-07
GRWRHITECH,7990.0,2026-10-01,2026-10-07
GSFC,322.25,2026-10-01,2026-10-07
GSLSU,333.0,2026-10-01,2026-10-07
GSPCROP,667.95,2026-10-01,2026-10-07
GSPLTRANS,159.6,2026-10-01,2026-10-07
GSS,869.0,2026-10-01,2026-10-07
GTECJAINX,140.65,2026-10-01,2026-10-07
GTL,477.0,2026-10-01,2026-10-07
GTLINFRA,106.5,2026-10-01,2026-10-07
GTPL,313.9,2026-10-01,2026-10-07
GUFICBIO,504.25,2026-10-01,2026-10-07
GUJALKALI,1044.7,2026-10-01,2026-10-07
GUJAPOLLO,556.0,2026-10-01,2026-10-07
GUJENERGY,786.0,2026-10-01,2026-10-07
GUJRAFFIA,105.88,2026-10-01,2026-10-07
GUJTHEM,479.0,2026-10-01,2026-10-07
GULFOILLUB,1513.55,2026-10-01,2026-10-07
GULFPETRO,103.9,2026-10-01,2026-10-07
GULPOLY,354.15,2026-10-01,2026-10-07
GVKPIL,92.9,2026-10-01,2026-10-07
GVPIL,1190.33,2026-10-01,2026-10-07
GVPTECH,92.45,2026-10-01,2026-10-07
GVT&D,5650.0,2026-10-01,2026-10-07
GYFTR,193.9,2026-10-01,2026-10-07
HAL,5674.75,2026-10-01,2026-10-07
HALDER,319.0,2026-10-01,2026-10-07
HALDYNGL,163.78,2026-10-01,2026-10-07
HALEOSLABS,1774.0,2026-10-01,2026-10-07
HAMPTON,9.65,2026-10-01,2026-10-07
HAPPSTMNDS,1580.0,2026-10-01,2026-10-07
HAPPYFORGE,2470.0,2026-10-01,2026-10-07
HARDWYN,92.19,2026-10-01,2026-10-07
HARIOMPIPE,888.75,2026-10-01,2026-10-07
HARRMALAYA,341.85,2026-10-01,2026-10-07
HARSHA,613.85,2026-10-01,2026-10-07
HATHWAY,76.4,2026-10-01,2026-10-07
HATSUN,1498.0,2026-10-01,2026-10-07
HAVELLS,2106.0,2026-10-01,2026-10-07
HAVISHA,4.6,2026-10-01,2026-10-07
HAWKINCOOK,9600.0,2026-10-01,2026-10-07
HAZOOR,22.49,2026-10-01,2026-10-07
HBESD,95.9,2026-10-01,2026-10-07
HBLENGINE,1122.0,2026-10-01,2026-10-07
HBPOR,65.0,2026-10-01,2026-10-07
HBSL,186.02,2026-10-01,2026-10-07
HCC,132.65,2026-10-01,2026-10-07
HCG,804.65,2026-10-01,2026-10-07
HCL-INSYS,290.0,2026-10-01,2026-10-07
HCLTECH,2012.2,2026-10-01,2026-10-07
HDBFS,891.9,2026-10-01,2026-10-07
HDFCAMC,2967.0,2026-10-01,2026-10-07
HDFCBANK,1020.5,2026-10-01,2026-10-07
HDFCLIFE,820.75,2026-10-01,2026-10-07
HEADSUP,247.0,2026-10-01,2026-10-07
HEALTHX,580.0,2026-10-01,2026-10-07
HECPROJECT,184.1,2026-10-01,2026-10-07
HEGAM,991.0,2026-10-01,2026-10-07
HEIDELBERG,284.95,2026-10-01,2026-10-07
HEMIPROP,264.95,2026-10-01,2026-10-07
HERANBA,945.0,2026-10-01,2026-10-07
HERITGFOOD,727.35,2026-10-01,2026-10-07
HEROMOTOCO,6388.5,2026-10-01,2026-10-07
HEROMOTORS,155.85,2026-10-01,2026-10-07
HESTERBIO,3379.0,2026-10-01,2026-10-07
HEXAGON,78.25,2026-10-01,2026-10-07
HEXATRADEX,371.6,2026-10-01,2026-10-07
HEXT,900.0,2026-10-01,2026-10-07
HFCL,256.7,2026-10-01,2026-10-07
HGINFRA,1879.9,2026-10-01,2026-10-07
HGM,397.0,2026-10-01,2026-10-07
HGS,1960.0,2026-10-01,2026-10-07
HIKAL,742.0,2026-10-01,2026-10-07
HILINFRA,131.4,2026-10-01,2026-10-07
HILTON,174.0,2026-10-01,2026-10-07
HIMATSEIDE,443.8,2026-10-01,2026-10-07
HINDADH,402.65,2026-10-01,2026-10-07
HINDALCO,1176.0,2026-10-01,2026-10-07
HINDALUMI,107.5,2026-10-01,2026-10-07
HINDCOMPOS,803.33,2026-10-01,2026-10-07
HINDCON,69.7,2026-10-01,2026-10-07
HINDCOPPER,760.05,2026-10-01,2026-10-07
HINDOILEXP,399.25,2026-10-01,2026-10-07
HINDPETRO,508.45,2026-10-01,2026-10-07
HINDUNILVR,3035.0,2026-10-01,2026-10-07
HINDWAREAP,664.1,2026-10-01,2026-10-07
HINDZINC,807.7,2026-10-01,2026-10-07
HIRECT,1399.0,2026-10-01,2026-10-07
HISARMETAL,251.9,2026-10-01,2026-10-07
HITECH,210.85,2026-10-01,2026-10-07
HITECHCORP,351.35,2026-10-01,2026-10-07
HITECHGEAR,1280.45,2026-10-01,2026-10-07
HLEGLAS,1510.0,2026-10-01,2026-10-07
HLVLTD,88.8,2026-10-01,2026-10-07
HMAAGRO,84.05,2026-10-01,2026-10-07
HMVL,314.0,2026-10-01,2026-10-07
HNDFDS,749.0,2026-10-01,2026-10-07
HOMEFIRST,1519.0,2026-10-01,2026-10-07
HONASA,547.0,2026-10-01,2026-10-07
HONAUT,59994.0,2026-10-01,2026-10-07
HONDAPOWER,4500.0,2026-10-01,2026-10-07
HORIZONIND,60.25,2026-10-01,2026-10-07
HPAL,131.0,2026-10-01,2026-10-07
HPIL,210.6,2026-10-01,2026-10-07
HPL,694.0,2026-10-01,2026-10-07
HRYNSHP,104.05,2026-10-01,2026-10-07
HSCL,819.5,2026-10-01,2026-10-07
HTEL,86.45,2026-10-01,2026-10-07
HTMEDIA,266.0,2026-10-01,2026-10-07
HUBTOWN,2359.95,2026-10-01,2026-10-07
HUDCO,353.7,2026-10-01,2026-10-07
HUHTAMAKI,451.85,2026-10-01,2026-10-07
HYBRIDFIN,33.62,2026-10-01,2026-10-07
HYUNDAI,2890.0,2026-10-01,2026-10-07
IBULLSLTD,785.0,2026-10-01,2026-10-07
ICDSLTD,161.2,2026-10-01,2026-10-07
ICEMAKE,1088.75,2026-10-01,2026-10-07
ICICIAMC,3611.0,2026-10-01,2026-10-07
ICICIBANK,1500.0,2026-10-01,2026-10-07
ICICIGI,2301.9,2026-10-01,2026-10-07
ICICIPRULI,796.8,2026-10-01,2026-10-07
ICIL,485.95,2026-10-01,2026-10-07
ICRA,7735.4,2026-10-01,2026-10-07
IDBI,202.25,2026-10-01,2026-10-07
IDEA,123.2,2026-10-01,2026-10-07
IDEAFORGE,1343.95,2026-10-01,2026-10-07
IDFCFIRSTB,100.7,2026-10-01,2026-10-07
IEX,318.65,2026-10-01,2026-10-07
IFBAGRO,1790.0,2026-10-01,2026-10-07
IFBIND,2359.9,2026-10-01,2026-10-07
IFCI,121.2,2026-10-01,2026-10-07
IFGLEXPOR,467.5,2026-10-01,2026-10-07
IGARASHI,1004.2,2026-10-01,2026-10-07
IGCL,122.0,2026-10-01,2026-10-07
IGIL,642.3,2026-10-01,2026-10-07
IGL,301.0,2026-10-01,2026-10-07
IGPL,1018.6,2026-10-01,2026-10-07
IIFL,848.95,2026-10-01,2026-10-07
IIFLCAPS,448.95,2026-10-01,2026-10-07
IITL,444.95,2026-10-01,2026-10-07
IKIO,477.0,2026-10-01,2026-10-07
IKS,2189.0,2026-10-01,2026-10-07
IMAGICAA,207.0,2026-10-01,2026-10-07
IMFA,1679.9,2026-10-01,2026-10-07
IMPAL,1500.0,2026-10-01,2026-10-07
INA,161.81,2026-10-01,2026-10-07
INCREDIBLE,193.95,2026-10-01,2026-10-07
INDBANK,60.65,2026-10-01,2026-10-07
INDGN,736.3,2026-10-01,2026-10-07
INDHOTEL,894.9,2026-10-01,2026-10-07
INDIACEM,485.8,2026-10-01,2026-10-07
INDIAGLYCO,1222.0,2026-10-01,2026-10-07
INDIAMART,4975.0,2026-10-01,2026-10-07
INDIANB,1000.9,2026-10-01,2026-10-07
INDIANCARD,452.2,2026-10-01,2026-10-07
INDIANHUME,613.7,2026-10-01,2026-10-07
INDIASHLTR,1011.75,2026-10-01,2026-10-07
INDIGO,6232.5,2026-10-01,2026-10-07
INDIGOPNTS,3329.95,2026-10-01,2026-10-07
INDIQUBE,243.8,2026-10-01,2026-10-07
INDNIPPON,1564.0,2026-10-01,2026-10-07
INDOAMIN,248.4,2026-10-01,2026-10-07
INDOBORAX,542.8,2026-10-01,2026-10-07
INDOCO,530.25,2026-10-01,2026-10-07
INDOFARM,293.2,2026-10-01,2026-10-07
INDOKEM,668.0,2026-10-01,2026-10-07
INDOMIM,1349.0,2026-10-01,2026-10-07
INDORAMA,112.3,2026-10-01,2026-10-07
INDOSTAR,607.8,2026-10-01,2026-10-07
INDOTECH,4030.0,2026-10-01,2026-10-07
INDOTHAI,466.35,2026-10-01,2026-10-07
INDOUS,388.4,2026-10-01,2026-10-07
INDOWIND,203.55,2026-10-01,2026-10-07
INDPRUD,7052.5,2026-10-01,2026-10-07
INDRAMEDCO,640.85,2026-10-01,2026-10-07
INDSWFTLAB,424.75,2026-10-01,2026-10-07
INDTERRAIN,253.0,2026-10-01,2026-10-07
INDUSINDBK,2038.0,2026-10-01,2026-10-07
INDUSTOWER,499.65,2026-10-01,2026-10-07
INFOBEAN,257.5,2026-10-01,2026-10-07
INFOMEDIA,319.0,2026-10-01,2026-10-07
INFY,2006.45,2026-10-01,2026-10-07
INGERRAND,5000.0,2026-10-01,2026-10-07
INNOVACAP,1353.5,2026-10-01,2026-10-07
INNOVANA,799.95,2026-10-01,2026-10-07
INNOVISION,470.0,2026-10-01,2026-10-07
INOXGREEN,279.0,2026-10-01,2026-10-07
INOXINDIA,2339.5,2026-10-01,2026-10-07
INOXWIND,261.9,2026-10-01,2026-10-07
INSECTICID,1098.0,2026-10-01,2026-10-07
INSPIRISYS,192.9,2026-10-01,2026-10-07
INTELLECT,1255.0,2026-10-01,2026-10-07
INTENTECH,182.0,2026-10-01,2026-10-07
INTERARCH,2762.6,2026-10-01,2026-10-07
INTLCONV,124.75,2026-10-01,2026-10-07
INVENTURE,8.45,2026-10-01,2026-10-07
INVPRECQ,1560.0,2026-10-01,2026-10-07
IOB,227.45,2026-10-01,2026-10-07
IOC,196.8,2026-10-01,2026-10-07
IOLCP,219.04,2026-10-01,2026-10-07
IONEXCHANG,768.4,2026-10-01,2026-10-07
IPCALAB,2038.0,2026-10-01,2026-10-07
IPL,431.75,2026-10-01,2026-10-07
IPRINGLTD,187.0,2026-10-01,2026-10-07
IRB,39.08,2026-10-01,2026-10-07
IRCON,351.6,2026-10-01,2026-10-07
IRCTC,1279.25,2026-10-01,2026-10-07
IREDA,310.0,2026-10-01,2026-10-07
IRFC,229.0,2026-10-01,2026-10-07
IRIS,577.0,2026-10-01,2026-10-07
IRISDOREME,68.0,2026-10-01,2026-10-07
IRMENERGY,641.0,2026-10-01,2026-10-07
ISFT,854.0,2026-10-01,2026-10-07
ISGEC,1675.55,2026-10-01,2026-10-07
ISHANCH,83.37,2026-10-01,2026-10-07
ISTLTD,749.95,2026-10-01,2026-10-07
ITC,528.5,2026-10-01,2026-10-07
ITCHOTELS,261.62,2026-10-01,2026-10-07
ITDC,930.8,2026-10-01,2026-10-07
ITI,592.7,2026-10-01,2026-10-07
ITL,378.95,2026-10-01,2026-10-07
IVALUE,340.0,2026-10-01,2026-10-07
IVC,39.72,2026-10-01,2026-10-07
IVP,290.0,2026-10-01,2026-10-07
IWP,42.4,2026-10-01,2026-10-07
IXIGO,339.15,2026-10-01,2026-10-07
IZMO,1374.7,2026-10-01,2026-10-07
J&KBANK,201.75,2026-10-01,2026-10-07
JAGRAN,213.05,2026-10-01,2026-10-07
JAGSNPHARM,328.05,2026-10-01,2026-10-07
JAIBALAJI,262.8,2026-10-01,2026-10-07
JAICORPLTD,1449.9,2026-10-01,2026-10-07
JAINREC,593.95,2026-10-01,2026-10-07
JAIPURKURT,117.25,2026-10-01,2026-10-07
JAMNAAUTO,152.6,2026-10-01,2026-10-07
JARO,890.0,2026-10-01,2026-10-07
JASH,698.95,2026-10-01,2026-10-07
JAYAGROGN,570.0,2026-10-01,2026-10-07
JAYBARMARU,207.0,2026-10-01,2026-10-07
JAYKAY,219.7,2026-10-01,2026-10-07
JAYNECOIND,117.0,2026-10-01,2026-10-07
JAYSREETEA,208.47,2026-10-01,2026-10-07
JBMA,1214.2,2026-10-01,2026-10-07
JENBURPH,1073.9,2026-10-01,2026-10-07
JETFREIGHT,40.7,2026-10-01,2026-10-07
JGCHEM,688.0,2026-10-01,2026-10-07
JHS,128.0,2026-10-01,2026-10-07
JINDALPHOT,1616.6,2026-10-01,2026-10-07
JINDALPOLY,1449.0,2026-10-01,2026-10-07
JINDALSAW,383.85,2026-10-01,2026-10-07
JINDALSTEL,1306.2,2026-10-01,2026-10-07
JINDRILL,1085.05,2026-10-01,2026-10-07
JINDWORLD,95.35,2026-10-01,2026-10-07
JIOFIN,394.7,2026-10-01,2026-10-07
JISLDVREQS,114.9,2026-10-01,2026-10-07
JISLJALEQS,264.4,2026-10-01,2026-10-07
JITFINFRA,1215.0,2026-10-01,2026-10-07
JKCEMENT,7565.5,2026-10-01,2026-10-07
JKIL,936.8,2026-10-01,2026-10-07
JKIPL,126.95,2026-10-01,2026-10-07
JKLAKSHMI,1021.2,2026-10-01,2026-10-07
JKPAPER,638.75,2026-10-01,2026-10-07
JKTYRE,611.9,2026-10-01,2026-10-07
JLHL,354.0,2026-10-01,2026-10-07
JMA,140.7,2026-10-01,2026-10-07
JMFINANCIL,199.8,2026-10-01,2026-10-07
JNKINDIA,897.25,2026-10-01,2026-10-07
JNPR,282.75,2026-10-01,2026-10-07
JOCIL,319.8,2026-10-01,2026-10-07
JPOLYINVST,1487.7,2026-10-01,2026-10-07
JPPOWER,143.4,2026-10-01,2026-10-07
JSFB,760.9,2026-10-01,2026-10-07
JSIPL,160.79,2026-10-01,2026-10-07
JSL,884.0,2026-10-01,2026-10-07
JSLL,849.5,2026-10-01,2026-10-07
JSWCEMENT,162.15,2026-10-01,2026-10-07
JSWDULUX,4674.0,2026-10-01,2026-10-07
JSWENERGY,804.9,2026-10-01,2026-10-07
JSWHL,27740.0,2026-10-01,2026-10-07
JSWINFRA,375.5,2026-10-01,2026-10-07
JSWSTEEL,1351.0,2026-10-01,2026-10-07
JTEKTINDIA,225.7,2026-10-01,2026-10-07
JTLIND,139.0,2026-10-01,2026-10-07
JUBLCPL,3013.4,2026-10-01,2026-10-07
JUBLFOOD,918.0,2026-10-01,2026-10-07
JUBLINGREA,885.0,2026-10-01,2026-10-07
JUBLPHARMA,1309.9,2026-10-01,2026-10-07
JUNIPER,538.25,2026-10-01,2026-10-07
JUSTDIAL,1894.4,2026-10-01,2026-10-07
JWL,748.1,2026-10-01,2026-10-07
JYOTHYLAB,595.85,2026-10-01,2026-10-07
JYOTICNC,1504.3,2026-10-01,2026-10-07
JYOTIRES,911.0,2026-10-01,2026-10-07
JYOTISTRUC,311.15,2026-10-01,2026-10-07
KABRAEXTRU,888.7,2026-10-01,2026-10-07
KAJARIACER,1578.7,2026-10-01,2026-10-07
KAKATCEM,599.0,2026-10-01,2026-10-07
KALAMANDIR,312.0,2026-10-01,2026-10-07
KALPATARU,457.4,2026-10-01,2026-10-07
KALYANI,144.99,2026-10-01,2026-10-07
KALYANIFRG,1192.25,2026-10-01,2026-10-07
KALYANKJIL,795.4,2026-10-01,2026-10-07
KAMAHOLD,2783.9,2026-10-01,2026-10-07
KAMANWALA,19.51,2026-10-01,2026-10-07
KAMATHOTEL,372.0,2026-10-01,2026-10-07
KAMDHENU,67.3,2026-10-01,2026-10-07
KAMOPAINTS,58.6,2026-10-01,2026-10-07
KANANIIND,21.7,2026-10-01,2026-10-07
KANCHI,463.35,2026-10-01,2026-10-07
KANCOTEA,58.7,2026-10-01,2026-10-07
KANOHAR,937.7,2026-10-01,2026-10-07
KANORICHEM,221.55,2026-10-01,2026-10-07
KANPRPLA,283.14,2026-10-01,2026-10-07
KANSAINER,453.35,2026-10-01,2026-10-07
KAPSTON,616.2,2026-10-01,2026-10-07
KARAMTARA,395.35,2026-10-01,2026-10-07
KARMAENG,105.1,2026-10-01,2026-10-07
KARURVYSYA,358.65,2026-10-01,2026-10-07
KAUSHALYA,1841.9,2026-10-01,2026-10-07
KAVDEFENCE,295.0,2026-10-01,2026-10-07
KAYA,1498.0,2026-10-01,2026-10-07
KAYNES,7822.0,2026-10-01,2026-10-07
KCP,281.79,2026-10-01,2026-10-07
KCPSUGIND,94.0,2026-10-01,2026-10-07
KDDL,4270.0,2026-10-01,2026-10-07
KDGREEN,61.49,2026-10-01,2026-10-07
KEC,1313.25,2026-10-01,2026-10-07
KECL,254.79,2026-10-01,2026-10-07
KEEPLEARN,8.45,2026-10-01,2026-10-07
KEI,5899.0,2026-10-01,2026-10-07
KELLTONTEC,36.86,2026-10-01,2026-10-07
KENNAMET,5136.0,2026-10-01,2026-10-07
KERNEX,2580.0,2026-10-01,2026-10-07
KESORAMIND,452.85,2026-10-01,2026-10-07
KEYFINSERV,479.0,2026-10-01,2026-10-07
KFINTECH,1641.35,2026-10-01,2026-10-07
KHADIM,862.7,2026-10-01,2026-10-07
KHAICHEM,157.0,2026-10-01,2026-10-07
KHAITANLTD,178.0,2026-10-01,2026-10-07
KHANDSE,133.0,2026-10-01,2026-10-07
KICL,8231.45,2026-10-01,2026-10-07
KILITCH,250.0,2026-10-01,2026-10-07
KIMS,858.0,2026-10-01,2026-10-07
KINGFA,6601.0,2026-10-01,2026-10-07
KIOCL,634.55,2026-10-01,2026-10-07
KIRANVYPAR,221.78,2026-10-01,2026-10-07
KIRIINDUS,876.0,2026-10-01,2026-10-07
KIRLFER,513.0,2026-10-01,2026-10-07
KIRLOSBROS,2684.0,2026-10-01,2026-10-07
KIRLOSENG,2720.0,2026-10-01,2026-10-07
KIRLOSIND,6698.9,2026-10-01,2026-10-07
KIRLPNU,1098.6,2026-10-01,2026-10-07
KISSHT,373.0,2026-10-01,2026-10-07
KITEX,324.42,2026-10-01,2026-10-07
KJMCFIN,84.5,2026-10-01,2026-10-07
KKCL,827.45,2026-10-01,2026-10-07
KLBRENG-B,544.85,2026-10-01,2026-10-07
KMCSHIL,177.79,2026-10-01,2026-10-07
KMEW,3175.0,2026-10-01,2026-10-07
KMSUGAR,50.4,2026-10-01,2026-10-07
KNACK,222.0,2026-10-01,2026-10-07
KNAGRI,310.0,2026-10-01,2026-10-07
KNRCON,415.4,2026-10-01,2026-10-07
KOHINOOR,146.95,2026-10-01,2026-10-07
KOKUYOCMLN,230.89,2026-10-01,2026-10-07
KOLTEPATIL,585.0,2026-10-01,2026-10-07
KOPRAN,370.45,2026-10-01,2026-10-07
KOTAKBANK,460.4,2026-10-01,2026-10-07
KOTARISUG,144.0,2026-10-01,2026-10-07
KOTHARIPET,267.42,2026-10-01,2026-10-07
KOTHARIPRO,136.0,2026-10-01,2026-10-07
KOTIC,223.7,2026-10-01,2026-10-07
KOTYARK,143.8,2026-10-01,2026-10-07
KOVAI,6444.0,2026-10-01,2026-10-07
KPEL,675.0,2026-10-01,2026-10-07
KPIGREEN,745.35,2026-10-01,2026-10-07
KPIL,1479.6,2026-10-01,2026-10-07
KPITTECH,1928.7,2026-10-01,2026-10-07
KPL,3949.0,2026-10-01,2026-10-07
KPRMILL,1389.0,2026-10-01,2026-10-07
KRBL,675.0,2026-10-01,2026-10-07
KREBSBIO,227.9,2026-10-01,2026-10-07
KRIDHANINF,142.4,2026-10-01,2026-10-07
KRISHANA,206.39,2026-10-01,2026-10-07
KRISHIVAL,508.0,2026-10-01,2026-10-07
KRISHNADEF,1400.0,2026-10-01,2026-10-07
KRITI,270.0,2026-10-01,2026-10-07
KRITIKA,24.5,2026-10-01,2026-10-07
KRITINUT,166.7,2026-10-01,2026-10-07
KRN,1687.0,2026-10-01,2026-10-07
KRONOX,228.88,2026-10-01,2026-10-07
KROSS,283.0,2026-10-01,2026-10-07
KRSNAA,1099.7,2026-10-01,2026-10-07
KRYSTAL,1021.95,2026-10-01,2026-10-07
KSB,1060.0,2026-10-01,2026-10-07
KSCL,1602.0,2026-10-01,2026-10-07
KSE,205.0,2026-10-01,2026-10-07
KSHINTL,1198.0,2026-10-01,2026-10-07
KSHITIJPOL,73.7,2026-10-01,2026-10-07
KSL,1277.0,2026-10-01,2026-10-07
KSOLVES,733.7,2026-10-01,2026-10-07
KSR,48.84,2026-10-01,2026-10-07
KTKBANK,345.9,2026-10-01,2026-10-07
KUANTUM,225.85,2026-10-01,2026-10-07
KUSUMGAR,659.5,2026-10-01,2026-10-07
KWIL,50.68,2026-10-01,2026-10-07
LADDERUP,80.98,2026-10-01,2026-10-07
LAGNAM,175.76,2026-10-01,2026-10-07
LAHOTIOV,53.9,2026-10-01,2026-10-07
LAKSHMIMIL,8505.0,2026-10-01,2026-10-07
LAL,35.5,2026-10-01,2026-10-07
LALITHAA,393.75,2026-10-01,2026-10-07
LALPATHLAB,2122.8,2026-10-01,2026-10-07
LAMBODHARA,559.95,2026-10-01,2026-10-07
LANCER,13.8,2026-10-01,2026-10-07
LANCORHOL,57.0,2026-10-01,2026-10-07
LANDMARK,905.0,2026-10-01,2026-10-07
LANDSMILL,119.9,2026-10-01,2026-10-07
LAOPALA,479.75,2026-10-01,2026-10-07
LASERPOWER,343.5,2026-10-01,2026-10-07
LATENTVIEW,754.9,2026-10-01,2026-10-07
LATTEYS,51.9,2026-10-01,2026-10-07
LAURUSLABS,2055.3,2026-10-01,2026-10-07
LAXMICOT,42.38,2026-10-01,2026-10-07
LAXMIDENTL,584.0,2026-10-01,2026-10-07
LAXMIINDIA,180.9,2026-10-01,2026-10-07
LCCINFOTEC,11.65,2026-10-01,2026-10-07
LCCPROJECT,189.0,2026-10-01,2026-10-07
LCL,609.4,2026-10-01,2026-10-07
LEAPIND,172.29,2026-10-01,2026-10-07
LEENEE,11.48,2026-10-01,2026-10-07
LEMERITE,107.55,2026-10-01,2026-10-07
LEMONTREE,180.68,2026-10-01,2026-10-07
LENSKART,725.0,2026-10-01,2026-10-07
LEXUS,134.1,2026-10-01,2026-10-07
LFIC,372.0,2026-10-01,2026-10-07
LGBBROSLTD,2048.0,2026-10-01,2026-10-07
LGEINDIA,1755.0,2026-10-01,2026-10-07
LGHL,399.6,2026-10-01,2026-10-07
LIBAS,118.55,2026-10-01,2026-10-07
LIBERTSHOE,569.6,2026-10-01,2026-10-07
LICHSGFIN,826.75,2026-10-01,2026-10-07
LICI,611.0,2026-10-01,2026-10-07
LIKHITHA,497.45,2026-10-01,2026-10-07
LINC,225.0,2026-10-01,2026-10-07
LINCOLN,979.5,2026-10-01,2026-10-07
LINDEINDIA,9935.05,2026-10-01,2026-10-07
LKPSEC,18.43,2026-10-01,2026-10-07
LLOYDSENGG,104.2,2026-10-01,2026-10-07
LLOYDSENT,96.4,2026-10-01,2026-10-07
LLOYDSME,2125.0,2026-10-01,2026-10-07
LMW,20151.0,2026-10-01,2026-10-07
LODHA,1649.95,2026-10-01,2026-10-07
LOKESHMACH,475.75,2026-10-01,2026-10-07
LORDSCHLO,241.99,2026-10-01,2026-10-07
LOTUSCHO,671.0,2026-10-01,2026-10-07
LOTUSDEV,226.0,2026-10-01,2026-10-07
LOTUSEYE,147.0,2026-10-01,2026-10-07
LOVABLE,637.0,2026-10-01,2026-10-07
LOYALTEX,1095.0,2026-10-01,2026-10-07
LPDC,200.0,2026-10-01,2026-10-07
LT,4440.0,2026-10-01,2026-10-07
LTF,338.6,2026-10-01,2026-10-07
LTFOODS,518.55,2026-10-01,2026-10-07
LTM,7588.8,2026-10-01,2026-10-07
LTTS,6000.0,2026-10-01,2026-10-07
LUMAXIND,6934.5,2026-10-01,2026-10-07
LUMAXTECH,2190.0,2026-10-01,2026-10-07
LUMINO,122.0,2026-10-01,2026-10-07
LUPIN,2529.5,2026-10-01,2026-10-07
LUXIND,4644.0,2026-10-01,2026-10-07
LXCHEM,628.0,2026-10-01,2026-10-07
LYKALABS,267.0,2026-10-01,2026-10-07
M&M,3839.9,2026-10-01,2026-10-07
M&MFIN,415.0,2026-10-01,2026-10-07
MAANALU,259.5,2026-10-01,2026-10-07
MACPOWER,2226.0,2026-10-01,2026-10-07
MADHAV,136.0,2026-10-01,2026-10-07
MADHAVIPL,9.9,2026-10-01,2026-10-07
MADHUCON,434.98,2026-10-01,2026-10-07
MADRASFERT,134.0,2026-10-01,2026-10-07
MAFATIND,157.77,2026-10-01,2026-10-07
MAGADSUGAR,1010.0,2026-10-01,2026-10-07
MAGNUM,77.8,2026-10-01,2026-10-07
MAHABANK,96.75,2026-10-01,2026-10-07
MAHAPEXLTD,270.0,2026-10-01,2026-10-07
MAHASTEEL,1421.0,2026-10-01,2026-10-07
MAHEPC,194.5,2026-10-01,2026-10-07
MAHESHWARI,245.0,2026-10-01,2026-10-07
MAHLIFE,678.8,2026-10-01,2026-10-07
MAHLOG,821.0,2026-10-01,2026-10-07
MAHSCOOTER,18538.0,2026-10-01,2026-10-07
MAHSEAMLES,1097.0,2026-10-01,2026-10-07
MAITHANALL,1595.9,2026-10-01,2026-10-07
MAJESAUT,500.0,2026-10-01,2026-10-07
MAKERSL,236.0,2026-10-01,2026-10-07
MALLCOM,1785.0,2026-10-01,2026-10-07
MALUPAPER,74.95,2026-10-01,2026-10-07
MAMATA,630.0,2026-10-01,2026-10-07
MANAKALUCO,68.12,2026-10-01,2026-10-07
MANAKCOAT,182.82,2026-10-01,2026-10-07
MANAKSIA,194.2,2026-10-01,2026-10-07
MANAKSTEEL,120.76,2026-10-01,2026-10-07
MANALIPETC,149.65,2026-10-01,2026-10-07
MANAPPURAM,381.55,2026-10-01,2026-10-07
MANBA,199.8,2026-10-01,2026-10-07
MANCREDIT,287.27,2026-10-01,2026-10-07
MANGALAM,442.4,2026-10-01,2026-10-07
MANGLMCEM,1120.0,2026-10-01,2026-10-07
MANIKA,43.52,2026-10-01,2026-10-07
MANINDS,1039.7,2026-10-01,2026-10-07
MANINFRA,262.8,2026-10-01,2026-10-07
MANIPALHOS,815.0,2026-10-01,2026-10-07
MANKIND,3054.8,2026-10-01,2026-10-07
MANOMAY,314.95,2026-10-01,2026-10-07
MANORAMA,2149.5,2026-10-01,2026-10-07
MANORG,1299.0,2026-10-01,2026-10-07
MANUGRAPH,288.4,2026-10-01,2026-10-07
MANYAVAR,1512.0,2026-10-01,2026-10-07
MAPMYINDIA,2747.85,2026-10-01,2026-10-07
MARALOVER,138.2,2026-10-01,2026-10-07
MARATHON,769.45,2026-10-01,2026-10-07
MARICO,889.1,2026-10-01,2026-10-07
MARINE,2202.0,2026-10-01,2026-10-07
MARKOLINES,191.75,2026-10-01,2026-10-07
MARKSANS,358.7,2026-10-01,2026-10-07
MARSONS,175.4,2026-10-01,2026-10-07
MARUTI,17370.0,2026-10-01,2026-10-07
MASFIN,423.35,2026-10-01,2026-10-07
MASKINVEST,292.46,2026-10-01,2026-10-07
MASTEK,3669.0,2026-10-01,2026-10-07
MASTERTR,197.0,2026-10-01,2026-10-07
MATRIMONY,1242.0,2026-10-01,2026-10-07
MAWANASUG,179.7,2026-10-01,2026-10-07
MAXESTATES,698.75,2026-10-01,2026-10-07
MAXHEALTH,1314.3,2026-10-01,2026-10-07
MAXIND,338.0,2026-10-01,2026-10-07
MAYURUNIQ,907.0,2026-10-01,2026-10-07
MAZDA,428.9,2026-10-01,2026-10-07
MAZDOCK,3775.0,2026-10-01,2026-10-07
MBAPL,174.94,2026-10-01,2026-10-07
MBECL,484.32,2026-10-01,2026-10-07
MBEL,535.9,2026-10-01,2026-10-07
MBLINFRA,329.5,2026-10-01,2026-10-07
MCCHRLS-B,799.0,2026-10-01,2026-10-07
MCL,139.95,2026-10-01,2026-10-07
MCLEODRUSS,386.45,2026-10-01,2026-10-07
MCLOUD,105.42,2026-10-01,2026-10-07
MCX,3481.4,2026-10-01,2026-10-07
MEDANTA,1544.0,2026-10-01,2026-10-07
MEDIASSIST,716.15,2026-10-01,2026-10-07
MEDICAMEQ,1225.0,2026-10-01,2026-10-07
MEDICAPQ,36.8,2026-10-01,2026-10-07
MEDICO,100.7,2026-10-01,2026-10-07
MEDPLUS,3767.0,2026-10-01,2026-10-07
MEESHO,254.4,2026-10-01,2026-10-07
MEGASTAR,404.95,2026-10-01,2026-10-07
MEIL,573.7,2026-10-01,2026-10-07
MENNPIS,85.8,2026-10-01,2026-10-07
MENONBE,330.0,2026-10-01,2026-10-07
MERCANTILE,31.9,2026-10-01,2026-10-07
MERCURYEV,44.05,2026-10-01,2026-10-07
METROBRAND,1441.2,2026-10-01,2026-10-07
METROGLOBL,165.0,2026-10-01,2026-10-07
METROPOLIS,895.0,2026-10-01,2026-10-07
MFML,118.2,2026-10-01,2026-10-07
MFSL,1892.5,2026-10-01,2026-10-07
MGEL,25.85,2026-10-01,2026-10-07
MGL,1988.0,2026-10-01,2026-10-07
MHLXMIRU,376.0,2026-10-01,2026-10-07
MHRIL,505.0,2026-10-01,2026-10-07
MICEL,114.79,2026-10-01,2026-10-07
MIDHANI,547.5,2026-10-01,2026-10-07
MIDWESTLTD,1859.9,2026-10-01,2026-10-07
MIIL,742.9,2026-10-01,2026-10-07
MILKYMIST,333.11,2026-10-01,2026-10-07
MINALIND,5.89,2026-10-01,2026-10-07
MINDACORP,829.4,2026-10-01,2026-10-07
MINDTECK,368.0,2026-10-01,2026-10-07
MIRZAINT,219.85,2026-10-01,2026-10-07
MITCON,187.56,2026-10-01,2026-10-07
MITTAL,15.2,2026-10-01,2026-10-07
MKEXIM,72.0,2026-10-01,2026-10-07
MKPL,33.35,2026-10-01,2026-10-07
MLKFOOD,93.0,2026-10-01,2026-10-07
MMFL,729.8,2026-10-01,2026-10-07
MMP,498.0,2026-10-01,2026-10-07
MMTC,1310.0,2026-10-01,2026-10-07
MMWL,16.57,2026-10-01,2026-10-07
MOBIKWIK,698.3,2026-10-01,2026-10-07
MODINATUR,524.8,2026-10-01,2026-10-07
MODIRUBBER,216.05,2026-10-01,2026-10-07
MODIS,429.05,2026-10-01,2026-10-07
MODISONLTD,546.0,2026-10-01,2026-10-07
MODTHREAD,75.5,2026-10-01,2026-10-07
MOHITE,3.3,2026-10-01,2026-10-07
MOHITIND,88.4,2026-10-01,2026-10-07
MOIL,588.0,2026-10-01,2026-10-07
MOKSH,61.15,2026-10-01,2026-10-07
MOL,152.5,2026-10-01,2026-10-07
MOLBIO,1686.8,2026-10-01,2026-10-07
MOLDTECH,398.55,2026-10-01,2026-10-07
MOLDTKPAC,1110.0,2026-10-01,2026-10-07
MOMSBELIEF,267.61,2026-10-01,2026-10-07
MONARCH,499.0,2026-10-01,2026-10-07
MONEYBOXX,170.12,2026-10-01,2026-10-07
MONTECARLO,986.0,2026-10-01,2026-10-07
MOREPENLAB,128.1,2026-10-01,2026-10-07
MOSCHIP,288.45,2026-10-01,2026-10-07
MOTHERSON,173.27,2026-10-01,2026-10-07
MOTILALOFS,1097.1,2026-10-01,2026-10-07
MOTISONS,33.8,2026-10-01,2026-10-07
MOTOGENFIN,54.92,2026-10-01,2026-10-07
MPDL,45.29,2026-10-01,2026-10-07
MPHASIS,3659.75,2026-10-01,2026-10-07
MPIMANIPAL,458.0,2026-10-01,2026-10-07
MPSLTD,3079.0,2026-10-01,2026-10-07
MRF,163600.0,2026-10-01,2026-10-07
MRPL,289.25,2026-10-01,2026-10-07
MSL,160.0,2026-10-01,2026-10-07
MSPL,89.45,2026-10-01,2026-10-07
MSTCLTD,1165.0,2026-10-01,2026-10-07
MSUMI,53.59,2026-10-01,2026-10-07
MTARTECH,8714.0,2026-10-01,2026-10-07
MTEDUCARE,200.0,2026-10-01,2026-10-07
MTNL,228.85,2026-10-01,2026-10-07
MUFIN,274.4,2026-10-01,2026-10-07
MUFTI,324.8,2026-10-01,2026-10-07
MUKANDLTD,212.8,2026-10-01,2026-10-07
MUKESHB,147.15,2026-10-01,2026-10-07
MUKKA,56.56,2026-10-01,2026-10-07
MUKTAARTS,241.5,2026-10-01,2026-10-07
MUNJALAU,145.7,2026-10-01,2026-10-07
MUNJALSHOW,313.0,2026-10-01,2026-10-07
MURUDCERA,156.0,2026-10-01,2026-10-07
MUTHOOTCAP,1300.0,2026-10-01,2026-10-07
MUTHOOTFIN,4149.5,2026-10-01,2026-10-07
MUTHOOTMF,281.0,2026-10-01,2026-10-07
MVELECTRO,948.0,2026-10-01,2026-10-07
MVGJL,382.0,2026-10-01,2026-10-07
MWL,48.0,2026-10-01,2026-10-07
MYSORPETRO,182.03,2026-10-01,2026-10-07
NACLIND,339.45,2026-10-01,2026-10-07
NAGREEKCAP,185.5,2026-10-01,2026-10-07
NAGREEKEXP,95.7,2026-10-01,2026-10-07
NAHARCAP,691.55,2026-10-01,2026-10-07
NAHARINDUS,237.9,2026-10-01,2026-10-07
NAHARPOLY,597.9,2026-10-01,2026-10-07
NAHARSPING,690.0,2026-10-01,2026-10-07
NAM-INDIA,1269.5,2026-10-01,2026-10-07
NARMADA,36.65,2026-10-01,2026-10-07
NATCAPSUQ,296.0,2026-10-01,2026-10-07
NATCOPHARM,1639.0,2026-10-01,2026-10-07
NATHBIOGEN,585.0,2026-10-01,2026-10-07
NATIONALUM,445.15,2026-10-01,2026-10-07
NATIONSTD,1519.95,2026-10-01,2026-10-07
NAUKRI,1826.0,2026-10-01,2026-10-07
NAVA,739.4,2026-10-01,2026-10-07
NAVINFLUOR,8949.5,2026-10-01,2026-10-07
NAVKARCORP,247.0,2026-10-01,2026-10-07
NAVKARURB,4.28,2026-10-01,2026-10-07
NAVNETEDUL,193.5,2026-10-01,2026-10-07
NAZARA,419.5,2026-10-01,2026-10-07
NBCC,139.84,2026-10-01,2026-10-07
NBIFIN,5040.0,2026-10-01,2026-10-07
NCC,364.5,2026-10-01,2026-10-07
NCLIND,304.95,2026-10-01,2026-10-07
NDGL,6689.0,2026-10-01,2026-10-07
NDL,7.35,2026-10-01,2026-10-07
NDLVENTURE,813.4,2026-10-01,2026-10-07
NDRAUTO,1220.0,2026-10-01,2026-10-07
NDTV,573.0,2026-10-01,2026-10-07
NEAGI,3600.0,2026-10-01,2026-10-07
NECCLTD,102.95,2026-10-01,2026-10-07
NECLIFE,60.9,2026-10-01,2026-10-07
NELCAST,194.3,2026-10-01,2026-10-07
NELCO,1502.75,2026-10-01,2026-10-07
NEOGEN,2499.7,2026-10-01,2026-10-07
NEPHROPLUS,781.5,2026-10-01,2026-10-07
NESCO,1638.9,2026-10-01,2026-10-07
NESTLEIND,1553.0,2026-10-01,2026-10-07
NETWEB,5813.0,2026-10-01,2026-10-07
NETWORK18,630.3,2026-10-01,2026-10-07
NEUEON,27.4,2026-10-01,2026-10-07
NEULANDLAB,24225.0,2026-10-01,2026-10-07
NEWGEN,1798.9,2026-10-01,2026-10-07
NEXTMEDIA,29.2,2026-10-01,2026-10-07
NFL,169.95,2026-10-01,2026-10-07
NGIL,246.25,2026-10-01,2026-10-07
NGLFINE,3602.0,2026-10-01,2026-10-07
NH,2370.2,2026-10-01,2026-10-07
NHPC,118.4,2026-10-01,2026-10-07
NIACL,382.43,2026-10-01,2026-10-07
NIBE,2001.0,2026-10-01,2026-10-07
NIBL,82.0,2026-10-01,2026-10-07
NICCOPAR,98.99,2026-10-01,2026-10-07
NIITLTD,658.65,2026-10-01,2026-10-07
NIITMTS,576.9,2026-10-01,2026-10-07
NILAINFRA,17.32,2026-10-01,2026-10-07
NILASPACES,20.47,2026-10-01,2026-10-07
NILE,2018.9,2026-10-01,2026-10-07
NILKAMAL,3180.0,2026-10-01,2026-10-07
NIMBSPROJ,231.23,2026-10-01,2026-10-07
NINSYS,935.0,2026-10-01,2026-10-07
NIPPOBATRY,857.8,2026-10-01,2026-10-07
NIRAJ,74.9,2026-10-01,2026-10-07
NIRAJISPAT,612.5,2026-10-01,2026-10-07
NIRLON,657.0,2026-10-01,2026-10-07
NITCO,360.0,2026-10-01,2026-10-07
NITINSPIN,665.5,2026-10-01,2026-10-07
NITIRAJ,421.6,2026-10-01,2026-10-07
NITTAGELA,2087.2,2026-10-01,2026-10-07
NIVABUPA,109.34,2026-10-01,2026-10-07
NKIND,98.4,2026-10-01,2026-10-07
NLCINDIA,387.8,2026-10-01,2026-10-07
NMDC,97.49,2026-10-01,2026-10-07
NOCIL,336.0,2026-10-01,2026-10-07
NOIDATOLL,85.2,2026-10-01,2026-10-07
NORBTEAEXP,99.35,2026-10-01,2026-10-07
NORTHARC,350.0,2026-10-01,2026-10-07
NOVAAGRI,94.0,2026-10-01,2026-10-07
NOVARTIND,2588.8,2026-10-01,2026-10-07
NPST,3577.0,2026-10-01,2026-10-07
NRAIL,706.4,2026-10-01,2026-10-07
NRBBEARING,559.9,2026-10-01,2026-10-07
NRL,167.26,2026-10-01,2026-10-07
NSIL,9974.0,2026-10-01,2026-10-07
NSLNISP,73.7,2026-10-01,2026-10-07
NTCIND,155.0,2026-10-01,2026-10-07
NTPC,448.45,2026-10-01,2026-10-07
NTPCGREEN,155.35,2026-10-01,2026-10-07
NUCLEUS,1822.95,2026-10-01,2026-10-07
NURECA,2315.0,2026-10-01,2026-10-07
NUVAMA,2066.0,2026-10-01,2026-10-07
NUVOCO,577.9,2026-10-01,2026-10-07
NYKAA,428.95,2026-10-01,2026-10-07
OAL,1100.0,2026-10-01,2026-10-07
OBCL,164.8,2026-10-01,2026-10-07
OBEROIRLTY,2343.65,2026-10-01,2026-10-07
OCCLLTD,187.44,2026-10-01,2026-10-07
ODIGMA,150.0,2026-10-01,2026-10-07
ODYCORP,8.48,2026-10-01,2026-10-07
OFSS,13220.0,2026-10-01,2026-10-07
OIL,767.9,2026-10-01,2026-10-07
OILCOUNTUB,144.7,2026-10-01,2026-10-07
OLAELEC,157.4,2026-10-01,2026-10-07
OLECTRA,2221.95,2026-10-01,2026-10-07
OMAXAUTO,263.4,2026-10-01,2026-10-07
OMAXE,487.5,2026-10-01,2026-10-07
OMFREIGHT,114.33,2026-10-01,2026-10-07
OMINFRAL,227.9,2026-10-01,2026-10-07
OMNI,764.85,2026-10-01,2026-10-07
OMPOWER,206.0,2026-10-01,2026-10-07
ONEGLOBAL,580.0,2026-10-01,2026-10-07
ONELIFECAP,159.94,2026-10-01,2026-10-07
ONEPOINT,77.5,2026-10-01,2026-10-07
ONESOURCE,2248.0,2026-10-01,2026-10-07
ONGC,345.0,2026-10-01,2026-10-07
ONIDA,64.7,2026-10-01,2026-10-07
ONIXSOLAR,464.2,2026-10-01,2026-10-07
ONMOBILE,372.5,2026-10-01,2026-10-07
ONWARDTEC,740.0,2026-10-01,2026-10-07
OPTIEMUS,873.8,2026-10-01,2026-10-07
OPTIFIN,17.0,2026-10-01,2026-10-07
ORBTEXP,306.29,2026-10-01,2026-10-07
ORCHASP,4.16,2026-10-01,2026-10-07
ORCHPHARMA,2654.25,2026-10-01,2026-10-07
ORICONENT,73.75,2026-10-01,2026-10-07
ORIENTALTL,52.5,2026-10-01,2026-10-07
ORIENTBELL,822.15,2026-10-01,2026-10-07
ORIENTCEM,379.0,2026-10-01,2026-10-07
ORIENTCER,72.35,2026-10-01,2026-10-07
ORIENTELEC,408.0,2026-10-01,2026-10-07
ORIENTHOT,202.0,2026-10-01,2026-10-07
ORIENTLTD,449.55,2026-10-01,2026-10-07
ORIENTPPR,110.55,2026-10-01,2026-10-07
ORIENTTECH,613.5,2026-10-01,2026-10-07
ORIRAIL,142.0,2026-10-01,2026-10-07
ORISSAMINE,9721.05,2026-10-01,2026-10-07
ORKLAINDIA,760.0,2026-10-01,2026-10-07
ORTINGLOBE,126.7,2026-10-01,2026-10-07
OSWALAGRO,110.8,2026-10-01,2026-10-07
OSWALGREEN,78.9,2026-10-01,2026-10-07
OSWALPUMPS,888.4,2026-10-01,2026-10-07
OSWALSEEDS,70.9,2026-10-01,2026-10-07
PACEDIGITK,231.95,2026-10-01,2026-10-07
PACIFICI,160.0,2026-10-01,2026-10-07
PAGEIND,54349.1,2026-10-01,2026-10-07
PAISALO,99.6,2026-10-01,2026-10-07
PAKKA,399.0,2026-10-01,2026-10-07
PALASHSECU,198.7,2026-10-01,2026-10-07
PALREDTEC,351.65,2026-10-01,2026-10-07
PANACEABIO,647.0,2026-10-01,2026-10-07
PANACHE,559.4,2026-10-01,2026-10-07
PANAMAPET,599.6,2026-10-01,2026-10-07
PANCHMAHQ,339.0,2026-10-01,2026-10-07
PANORAMA,64.8,2026-10-01,2026-10-07
PANSARI,388.9,2026-10-01,2026-10-07
PAR,348.45,2026-10-01,2026-10-07
PARACABLES,274.0,2026-10-01,2026-10-07
PARADEEP,234.39,2026-10-01,2026-10-07
PARAGMILK,376.95,2026-10-01,2026-10-07
PARAS,1585.0,2026-10-01,2026-10-07
PARASPETRO,4.63,2026-10-01,2026-10-07
PARIN,789.0,2026-10-01,2026-10-07
PARKHOSPS,305.0,2026-10-01,2026-10-07
PARKHOTELS,235.0,2026-10-01,2026-10-07
PARNAXLAB,149.5,2026-10-01,2026-10-07
PARSVNATH,299.0,2026-10-01,2026-10-07
PASHUPATI,118.35,2026-10-01,2026-10-07
PASUPTAC,81.29,2026-10-01,2026-10-07
PATANJALI,670.3,2026-10-01,2026-10-07
PATELENG,950.95,2026-10-01,2026-10-07
PATELRMART,305.0,2026-10-01,2026-10-07
PATINTLOG,72.65,2026-10-01,2026-10-07
PAUSHAKLTD,826.75,2026-10-01,2026-10-07
PAVNAIND,75.95,2026-10-01,2026-10-07
PAYTM,1955.0,2026-10-01,2026-10-07
PBMPOLY,72.2,2026-10-01,2026-10-07
PCBL,584.4,2026-10-01,2026-10-07
PCJEWELLER,60.06,2026-10-01,2026-10-07
PDMJEPAPER,232.2,2026-10-01,2026-10-07
PDSL,666.0,2026-10-01,2026-10-07
PEARLPOLY,53.7,2026-10-01,2026-10-07
PENIND,279.9,2026-10-01,2026-10-07
PENINLAND,193.63,2026-10-01,2026-10-07
PERMAGN,929.0,2026-10-01,2026-10-07
PERNIASPOP,588.9,2026-10-01,2026-10-07
PERSISTENT,6788.9,2026-10-01,2026-10-07
PETRONET,384.2,2026-10-01,2026-10-07
PFC,580.0,2026-10-01,2026-10-07
PFIZER,6451.15,2026-10-01,2026-10-07
PFOCUS,367.0,2026-10-01,2026-10-07
PFS,73.15,2026-10-01,2026-10-07
PGEL,1054.2,2026-10-01,2026-10-07
PGHH,19250.0,2026-10-01,2026-10-07
PGHL,7500.0,2026-10-01,2026-10-07
PGIL,1357.9,2026-10-01,2026-10-07
PHOENIXLTD,2169.8,2026-10-01,2026-10-07
PHOENXINTL,35.64,2026-10-01,2026-10-07
PICCADIL,809.7,2026-10-01,2026-10-07
PIDILITIND,1707.5,2026-10-01,2026-10-07
PIGL,417.0,2026-10-01,2026-10-07
PIIND,4804.05,2026-10-01,2026-10-07
PILANIINVS,8207.45,2026-10-01,2026-10-07
PILITA,20.64,2026-10-01,2026-10-07
PINELABS,284.0,2026-10-01,2026-10-07
PIONEEREMB,340.0,2026-10-01,2026-10-07
PIONRINV,135.44,2026-10-01,2026-10-07
PIRAMALFIN,2326.4,2026-10-01,2026-10-07
PITTIENG,1512.4,2026-10-01,2026-10-07
PIXTRANS,2799.95,2026-10-01,2026-10-07
PKTEA,1169.0,2026-10-01,2026-10-07
PLASTIBLEN,398.45,2026-10-01,2026-10-07
PLATIND,502.05,2026-10-01,2026-10-07
PLAZACABLE,173.5,2026-10-01,2026-10-07
PML,645.0,2026-10-01,2026-10-07
PNB,279.98,2026-10-01,2026-10-07
PNBGILTS,149.0,2026-10-01,2026-10-07
PNBHOUSING,1422.65,2026-10-01,2026-10-07
PNC,115.0,2026-10-01,2026-10-07
PNCINFRA,574.8,2026-10-01,2026-10-07
PNGJL,848.0,2026-10-01,2026-10-07
PNGSREVA,644.0,2026-10-01,2026-10-07
POCL,647.6,2026-10-01,2026-10-07
PODDARMENT,476.15,2026-10-01,2026-10-07
POEL,168.97,2026-10-01,2026-10-07
POKARNA,1451.65,2026-10-01,2026-10-07
POLICYBZR,2246.9,2026-10-01,2026-10-07
POLYCAB,10126.0,2026-10-01,2026-10-07
POLYMED,3357.8,2026-10-01,2026-10-07
POLYPLEX,2870.2,2026-10-01,2026-10-07
POLYSPIN,36.49,2026-10-01,2026-10-07
PONNIERODE,598.9,2026-10-01,2026-10-07
POONAWALLA,570.4,2026-10-01,2026-10-07
POWERGRID,366.25,2026-10-01,2026-10-07
POWERICA,676.95,2026-10-01,2026-10-07
POWERINDIA,38785.0,2026-10-01,2026-10-07
POWERMECH,3725.0,2026-10-01,2026-10-07
PPAP,723.1,2026-10-01,2026-10-07
PPL,667.95,2026-10-01,2026-10-07
PPLPHARMA,307.9,2026-10-01,2026-10-07
PRABHA,315.9,2026-10-01,2026-10-07
PRADPME,596.0,2026-10-01,2026-10-07
PRAENG,489.0,2026-10-01,2026-10-07
PRAJIND,875.0,2026-10-01,2026-10-07
PRAKASH,355.15,2026-10-01,2026-10-07
PRAKASHSTL,24.39,2026-10-01,2026-10-07
PRANAV,165.1,2026-10-01,2026-10-07
PRASOLCHEM,914.9,2026-10-01,2026-10-07
PRAVEG,325.0,2026-10-01,2026-10-07
PRAXIS,137.7,2026-10-01,2026-10-07
PRECAM,382.8,2026-10-01,2026-10-07
PRECOT,899.0,2026-10-01,2026-10-07
PRECWIRE,524.9,2026-10-01,2026-10-07
PREMCO,484.9,2026-10-01,2026-10-07
PREMEXPLN,908.8,2026-10-01,2026-10-07
PREMIER,214.2,2026-10-01,2026-10-07
PREMIERENE,1388.0,2026-10-01,2026-10-07
PREMIERPOL,106.0,2026-10-01,2026-10-07
PRESTIGE,2074.8,2026-10-01,2026-10-07
PRICOLLTD,823.0,2026-10-01,2026-10-07
PRIMESECU,359.0,2026-10-01,2026-10-07
PRIMO,31.39,2026-10-01,2026-10-07
PRINCEPIPE,897.0,2026-10-01,2026-10-07
PRIORITY,329.55,2026-10-01,2026-10-07
PRISMX,0.63,2026-10-01,2026-10-07
PRITI,300.05,2026-10-01,2026-10-07
PRITIKAUTO,53.5,2026-10-01,2026-10-07
PRIVISCL,3785.3,2026-10-01,2026-10-07
PROSTARM,253.49,2026-10-01,2026-10-07
PROTEAN,1535.0,2026-10-01,2026-10-07
PROZONER,78.4,2026-10-01,2026-10-07
PRSMJOHNSN,246.0,2026-10-01,2026-10-07
PRUDENT,4105.5,2026-10-01,2026-10-07
PRUDMOULI,75.84,2026-10-01,2026-10-07
PSB,146.7,2026-10-01,2026-10-07
PSPPROJECT,1143.0,2026-10-01,2026-10-07
PTC,254.6,2026-10-01,2026-10-07
PTCIL,24125.0,2026-10-01,2026-10-07
PTL,89.0,2026-10-01,2026-10-07
PUNJABCHEM,1933.7,2026-10-01,2026-10-07
PURVA,569.6,2026-10-01,2026-10-07
PVP,244.65,2026-10-01,2026-10-07
PVRINOX,2214.85,2026-10-01,2026-10-07
PVSL,296.55,2026-10-01,2026-10-07
PWL,161.99,2026-10-01,2026-10-07
PYRAMID,258.99,2026-10-01,2026-10-07
QMSMEDI,4922.4,2026-10-01,2026-10-07
QPOWER,1675.0,2026-10-01,2026-10-07
QUADFUTURE,744.0,2026-10-01,2026-10-07
QUESS,1303.15,2026-10-01,2026-10-07
QUICKHEAL,825.0,2026-10-01,2026-10-07
QUINT,90.0,2026-10-01,2026-10-07
QUINTEGRA,2.78,2026-10-01,2026-10-07
RACE,460.0,2026-10-01,2026-10-07
RACLGEAR,1927.7,2026-10-01,2026-10-07
RADAAN,25.4,2026-10-01,2026-10-07
RADHIKAJWE,157.36,2026-10-01,2026-10-07
RADIANTCMS,116.8,2026-10-01,2026-10-07
RADICO,4747.0,2026-10-01,2026-10-07
RADIOCITY,73.45,2026-10-01,2026-10-07
RAILTEL,617.8,2026-10-01,2026-10-07
RAIN,475.0,2026-10-01,2026-10-07
RAINBOW,1709.6,2026-10-01,2026-10-07
RAJMET,32.55,2026-10-01,2026-10-07
RAJOOENG,145.88,2026-10-01,2026-10-07
RAJPALAYAM,875.0,2026-10-01,2026-10-07
RAJRATAN,1985.0,2026-10-01,2026-10-07
RAJRILTD,89.75,2026-10-01,2026-10-07
RAJSREESUG,224.0,2026-10-01,2026-10-07
RAJTV,167.0,2026-10-01,2026-10-07
RALLIS,385.9,2026-10-01,2026-10-07
RAMANEWS,58.3,2026-10-01,2026-10-07
RAMAPHO,217.19,2026-10-01,2026-10-07
RAMASTEEL,17.55,2026-10-01,2026-10-07
RAMBHAJO,308.4,2026-10-01,2026-10-07
RAMCOCEM,1214.5,2026-10-01,2026-10-07
RAMCOIND,398.05,2026-10-01,2026-10-07
RAMCOSYS,1110.45,2026-10-01,2026-10-07
RAMKY,1009.05,2026-10-01,2026-10-07
RAMRAT,602.45,2026-10-01,2026-10-07
RANASUG,53.65,2026-10-01,2026-10-07
RANEHOLDIN,2799.0,2026-10-01,2026-10-07
RATEGAIN,1050.0,2026-10-01,2026-10-07
RATNAMANI,3978.5,2026-10-01,2026-10-07
RATNAVEER,344.4,2026-10-01,2026-10-07
RAYMOND,3496.0,2026-10-01,2026-10-07
RAYMONDLSL,3100.0,2026-10-01,2026-10-07
RAYMONDREL,1050.0,2026-10-01,2026-10-07
RBA,213.8,2026-10-01,2026-10-07
RBLBANK,716.4,2026-10-01,2026-10-07
RBZJEWEL,255.35,2026-10-01,2026-10-07
RCF,245.0,2026-10-01,2026-10-07
RCOM,844.7,2026-10-01,2026-10-07
RECLTD,654.0,2026-10-01,2026-10-07
REDINGTON,419.5,2026-10-01,2026-10-07
REDTAPE,245.0,2026-10-01,2026-10-07
REFEX,600.0,2026-10-01,2026-10-07
REGAAL,145.7,2026-10-01,2026-10-07
REGENCERAM,106.9,2026-10-01,2026-10-07
RELAXO,1448.0,2026-10-01,2026-10-07
RELCHEMQ,349.0,2026-10-01,2026-10-07
RELIABLE,175.0,2026-10-01,2026-10-07
RELIANCE,1611.8,2026-10-01,2026-10-07
RELIGARE,705.06,2026-10-01,2026-10-07
RELINFRA,2641.0,2026-10-01,2026-10-07
RELTD,196.45,2026-10-01,2026-10-07
REMSONSIND,234.8,2026-10-01,2026-10-07
RENTOMOJO,581.95,2026-10-01,2026-10-07
RENUKA,123.5,2026-10-01,2026-10-07
REPCOHOME,924.0,2026-10-01,2026-10-07
REPL,348.0,2026-10-01,2026-10-07
REPRO,980.0,2026-10-01,2026-10-07
RESPONIND,364.95,2026-10-01,2026-10-07
RETAIL,57.0,2026-10-01,2026-10-07
RGL,218.2,2026-10-01,2026-10-07
RHETAN,34.87,2026-10-01,2026-10-07
RHIM,892.9,2026-10-01,2026-10-07
RHL,10900.0,2026-10-01,2026-10-07
RICOAUTO,157.99,2026-10-01,2026-10-07
RIIL,3175.0,2026-10-01,2026-10-07
RIR,213.94,2026-10-01,2026-10-07
RISHABH,852.0,2026-10-01,2026-10-07
RITCO,444.0,2026-10-01,2026-10-07
RITES,413.0,2026-10-01,2026-10-07
RKDL,93.8,2026-10-01,2026-10-07
RKEC,182.9,2026-10-01,2026-10-07
RKFORGE,1064.05,2026-10-01,2026-10-07
RKSWAMY,320.7,2026-10-01,2026-10-07
RMC,530.0,2026-10-01,2026-10-07
RMDRIP,72.21,2026-10-01,2026-10-07
RML,1529.0,2026-10-01,2026-10-07
RNBDENIMS,67.67,2026-10-01,2026-10-07
ROHLTD,593.4,2026-10-01,2026-10-07
ROLEXRINGS,279.4,2026-10-01,2026-10-07
ROLLT,19.9,2026-10-01,2026-10-07
ROML,124.65,2026-10-01,2026-10-07
ROSSARI,1619.0,2026-10-01,2026-10-07
ROSSELLIND,664.4,2026-10-01,2026-10-07
ROSSTECH,1525.0,2026-10-01,2026-10-07
ROTO,124.4,2026-10-01,2026-10-07
ROUTE,2389.0,2026-10-01,2026-10-07
RPEL,1943.7,2026-10-01,2026-10-07
RPGLIFE,3127.8,2026-10-01,2026-10-07
RPOWER,331.25,2026-10-01,2026-10-07
RPPINFRA,273.7,2026-10-01,2026-10-07
RPPL,64.75,2026-10-01,2026-10-07
RPSGVENT,1360.0,2026-10-01,2026-10-07
RPTECH,1004.7,2026-10-01,2026-10-07
RRECL,152.0,2026-10-01,2026-10-07
RRIL,21.5,2026-10-01,2026-10-07
RRKABEL,2983.8,2026-10-01,2026-10-07
RSDFIN,168.48,2026-10-01,2026-10-07
RSL,202.22,2026-10-01,2026-10-07
RSSOFTWARE,415.0,2026-10-01,2026-10-07
RSWM,367.7,2026-10-01,2026-10-07
RSYSTEMS,599.0,2026-10-01,2026-10-07
RTNINDIA,94.85,2026-10-01,2026-10-07
RTNPOWER,45.05,2026-10-01,2026-10-07
RTSPOWR,138.05,2026-10-01,2026-10-07
RUBFILA,100.0,2026-10-01,2026-10-07
RUBICON,1899.0,2026-10-01,2026-10-07
RUBYMILLS,522.0,2026-10-01,2026-10-07
RUCHINFRA,73.55,2026-10-01,2026-10-07
RUCHIRA,198.0,2026-10-01,2026-10-07
RUDRA,29.7,2026-10-01,2026-10-07
RUPA,589.95,2026-10-01,2026-10-07
RUSHIL,106.1,2026-10-01,2026-10-07
RUSTOMJEE,801.05,2026-10-01,2026-10-07
RVHL,81.9,2026-10-01,2026-10-07
RVNL,647.0,2026-10-01,2026-10-07
RVTH,3670.0,2026-10-01,2026-10-07
S&SPOWER,493.75,2026-10-01,2026-10-07
SAATVIKGL,567.0,2026-10-01,2026-10-07
SAB,192.6,2026-10-01,2026-10-07
SADBHAV,440.0,2026-10-01,2026-10-07
SADBHIN,157.3,2026-10-01,2026-10-07
SADHNANIQ,121.4,2026-10-01,2026-10-07
SAFARI,2744.7,2026-10-01,2026-10-07
SAGARDEEP,98.6,2026-10-01,2026-10-07
SAGCEM,317.0,2026-10-01,2026-10-07
SAGILITY,57.89,2026-10-01,2026-10-07
SAHLIBHFI,91.95,2026-10-01,2026-10-07
SAHYADRI,484.1,2026-10-01,2026-10-07
SAICAPI,170.05,2026-10-01,2026-10-07
SAIL,293.0,2026-10-01,2026-10-07
SAILIFE,1697.0,2026-10-01,2026-10-07
SAIPARENT,706.0,2026-10-01,2026-10-07
SAKAR,1229.85,2026-10-01,2026-10-07
SAKHTISUG,274.75,2026-10-01,2026-10-07
SAKSOFT,321.75,2026-10-01,2026-10-07
SAKUMA,49.51,2026-10-01,2026-10-07
SALASAR,33.95,2026-10-01,2026-10-07
SALONA,357.0,2026-10-01,2026-10-07
SALSTEEL,101.53,2026-10-01,2026-10-07
SALZERELEC,1649.95,2026-10-01,2026-10-07
SAMBANDAM,161.9,2026-10-01,2026-10-07
SAMBHAAV,16.65,2026-10-01,2026-10-07
SAMBHV,167.31,2026-10-01,2026-10-07
SAMHI,254.5,2026-10-01,2026-10-07
SAMMAANCAP,1283.6,2026-10-01,2026-10-07
SAMPANN,63.45,2026-10-01,2026-10-07
SANATHAN,560.2,2026-10-01,2026-10-07
SANDESH,2058.3,2026-10-01,2026-10-07
SANDHAR,763.2,2026-10-01,2026-10-07
SANDUMA,273.0,2026-10-01,2026-10-07
SANGAMIND,672.5,2026-10-01,2026-10-07
SANGHVIMOV,747.5,2026-10-01,2026-10-07
SANOFI,10524.95,2026-10-01,2026-10-07
SANOFICONR,5894.5,2026-10-01,2026-10-07
SANSERA,4743.5,2026-10-01,2026-10-07
SANSTAR,158.8,2026-10-01,2026-10-07
SAPPHIRE,401.0,2026-10-01,2026-10-07
SAPPL,334.3,2026-10-01,2026-10-07
SARDAEN,639.75,2026-10-01,2026-10-07
SAREGAMA,688.9,2026-10-01,2026-10-07
SARLAPOLY,132.3,2026-10-01,2026-10-07
SARVESHWAR,15.55,2026-10-01,2026-10-07
SASKEN,2780.2,2026-10-01,2026-10-07
SATIA,164.3,2026-10-01,2026-10-07
SATIN,716.0,2026-10-01,2026-10-07
SAURASHCEM,148.86,2026-10-01,2026-10-07
SAYAJIHOTL,365.2,2026-10-01,2026-10-07
SAYAJIIND,125.95,2026-10-01,2026-10-07
SBC,59.5,2026-10-01,2026-10-07
SBCL,1215.7,2026-10-01,2026-10-07
SBFC,123.0,2026-10-01,2026-10-07
SBGLP,142.44,2026-10-01,2026-10-07
SBICARD,1165.0,2026-10-01,2026-10-07
SBIFUNDS,624.95,2026-10-01,2026-10-07
SBILIFE,2132.0,2026-10-01,2026-10-07
SBIN,1234.7,2026-10-01,2026-10-07
SCANSTL,68.81,2026-10-01,2026-10-07
SCHAEFFLER,4951.0,2026-10-01,2026-10-07
SCHAND,700.0,2026-10-01,2026-10-07
SCHNEIDER,1548.0,2026-10-01,2026-10-07
SCI,384.2,2026-10-01,2026-10-07
SCILAL,108.55,2026-10-01,2026-10-07
SCODATUBES,230.85,2026-10-01,2026-10-07
SCPL,717.05,2026-10-01,2026-10-07
SDBL,173.03,2026-10-01,2026-10-07
SEAMECLTD,1849.0,2026-10-01,2026-10-07
SECMARK,179.5,2026-10-01,2026-10-07
SECURKLOUD,1029.95,2026-10-01,2026-10-07
SEDEMAC,3596.0,2026-10-01,2026-10-07
SEIL,239.96,2026-10-01,2026-10-07
SEJALLTD,1400.0,2026-10-01,2026-10-07
SEKURITIND,124.65,2026-10-01,2026-10-07
SEMAC,3484.9,2026-10-01,2026-10-07
SENCO,772.0,2026-10-01,2026-10-07
SENORES,1599.0,2026-10-01,2026-10-07
SEPC,371.8,2026-10-01,2026-10-07
SERVOTECH,205.4,2026-10-01,2026-10-07
SESHAPAPER,421.85,2026-10-01,2026-10-07
SETCO,74.25,2026-10-01,2026-10-07
SETL,468.15,2026-10-01,2026-10-07
SEYAIND,499.9,2026-10-01,2026-10-07
SFL,2027.5,2026-10-01,2026-10-07
SGFIN,727.45,2026-10-01,2026-10-07
SGIL,697.95,2026-10-01,2026-10-07
SGL,96.75,2026-10-01,2026-10-07
SGLRES,2.74,2026-10-01,2026-10-07
SGMART,860.6,2026-10-01,2026-10-07
SGRL,749.85,2026-10-01,2026-10-07
SHADOWFAX,292.2,2026-10-01,2026-10-07
SHAH,12.35,2026-10-01,2026-10-07
SHAHALLOYS,168.95,2026-10-01,2026-10-07
SHAILY,3615.2,2026-10-01,2026-10-07
SHAKTIPUMP,1387.0,2026-10-01,2026-10-07
SHALBY,339.5,2026-10-01,2026-10-07
SHALPAINTS,320.6,2026-10-01,2026-10-07
SHANKARA,2364.8,2026-10-01,2026-10-07
SHANKESH,115.9,2026-10-01,2026-10-07
SHANTI,1115.5,2026-10-01,2026-10-07
SHANTIGEAR,743.0,2026-10-01,2026-10-07
SHANTIGOLD,333.09,2026-10-01,2026-10-07
SHARDACROP,1297.0,2026-10-01,2026-10-07
SHARDAMOTR,1476.0,2026-10-01,2026-10-07
SHARDUL,60.0,2026-10-01,2026-10-07
SHAREINDIA,405.3,2026-10-01,2026-10-07
SHBAJRG,214.95,2026-10-01,2026-10-07
SHEKHAWATI,86.43,2026-10-01,2026-10-07
SHEMAROO,594.7,2026-10-01,2026-10-07
SHERVANI,374.0,2026-10-01,2026-10-07
SHILCTECH,5399.0,2026-10-01,2026-10-07
SHILGRAVQ,179.7,2026-10-01,2026-10-07
SHILPAMED,1075.0,2026-10-01,2026-10-07
SHINDL,179.99,2026-10-01,2026-10-07
SHIPROCKET,156.9,2026-10-01,2026-10-07
SHIVAAGRO,45.9,2026-10-01,2026-10-07
SHIVACEM,17.94,2026-10-01,2026-10-07
SHIVALIK,1195.0,2026-10-01,2026-10-07
SHIVAMAUTO,100.45,2026-10-01,2026-10-07
SHIVAMILLS,204.8,2026-10-01,2026-10-07
SHIVATEX,669.9,2026-10-01,2026-10-07
SHIVAUM,559.1,2026-10-01,2026-10-07
SHK,362.9,2026-10-01,2026-10-07
SHOPERSTOP,943.4,2026-10-01,2026-10-07
SHRADDHA,179.0,2026-10-01,2026-10-07
SHRADHA,103.21,2026-10-01,2026-10-07
SHREDIGCEM,123.9,2026-10-01,2026-10-07
SHREECEM,32490.0,2026-10-01,2026-10-07
SHREEJISPG,774.0,2026-10-01,2026-10-07
SHREEPUSHK,545.2,2026-10-01,2026-10-07
SHREERAMA,71.99,2026-10-01,2026-10-07
SHREYANIND,347.0,2026-10-01,2026-10-07
SHRIKRISH,56.0,2026-10-01,2026-10-07
SHRINGARMS,266.5,2026-10-01,2026-10-07
SHRIPISTON,4843.0,2026-10-01,2026-10-07
SHRIRAMFIN,1153.7,2026-10-01,2026-10-07
SHRIRAMPPS,147.6,2026-10-01,2026-10-07
SHRJAGP,801.25,2026-10-01,2026-10-07
SHUKRAPHAR,63.36,2026-10-01,2026-10-07
SHYAMCENT,38.05,2026-10-01,2026-10-07
SHYAMMETL,1148.0,2026-10-01,2026-10-07
SHYAMTEL,180.8,2026-10-01,2026-10-07
SICAGEN,74.06,2026-10-01,2026-10-07
SICALLOG,298.25,2026-10-01,2026-10-07
SIEL,44.54,2026-10-01,2026-10-07
SIEMENS,8129.9,2026-10-01,2026-10-07
SIGACHI,95.9,2026-10-01,2026-10-07
SIGIND,97.35,2026-10-01,2026-10-07
SIGMA,65.5,2026-10-01,2026-10-07
SIGMAADV,1025.7,2026-10-01,2026-10-07
SIGNATURE,1647.0,2026-10-01,2026-10-07
SIGNPOST,466.0,2026-10-01,2026-10-07
SIKA,1359.4,2026-10-01,2026-10-07
SIKKO,6.92,2026-10-01,2026-10-07
SIL,115.5,2026-10-01,2026-10-07
SILGO,87.5,2026-10-01,2026-10-07
SILINV,910.0,2026-10-01,2026-10-07
SILVERTUC,216.8,2026-10-01,2026-10-07
SIMPLEXINF,790.0,2026-10-01,2026-10-07
SIMPLXREA,149.98,2026-10-01,2026-10-07
SINCLAIR,139.4,2026-10-01,2026-10-07
SINDHUTRAD,45.15,2026-10-01,2026-10-07
SINGERIND,91.3,2026-10-01,2026-10-07
SINTERCOM,186.0,2026-10-01,2026-10-07
SIRCA,539.0,2026-10-01,2026-10-07
SIS,699.0,2026-10-01,2026-10-07
SIYSIL,1175.0,2026-10-01,2026-10-07
SJS,2590.0,2026-10-01,2026-10-07
SJVN,170.5,2026-10-01,2026-10-07
SKFINDIA,7350.0,2026-10-01,2026-10-07
SKFINDUS,3218.7,2026-10-01,2026-10-07
SKIPPER,665.0,2026-10-01,2026-10-07
SKMEGGPROD,372.0,2026-10-01,2026-10-07
SKYGOLD,868.8,2026-10-01,2026-10-07
SKYWAYS,137.38,2026-10-01,2026-10-07
SMARTLINK,355.75,2026-10-01,2026-10-07
SMARTWORKS,619.0,2026-10-01,2026-10-07
SMCGLOBAL,107.0,2026-10-01,2026-10-07
SMLMAH,6898.5,2026-10-01,2026-10-07
SMLT,448.0,2026-10-01,2026-10-07
SMSPHARMA,494.45,2026-10-01,2026-10-07
SNOWMAN,134.65,2026-10-01,2026-10-07
SOBHA,2220.0,2026-10-01,2026-10-07
SOFTTECH,612.05,2026-10-01,2026-10-07
SOLARA,1713.95,2026-10-01,2026-10-07
SOLARINDS,22700.0,2026-10-01,2026-10-07
SOLARWORLD,388.5,2026-10-01,2026-10-07
SOLEX,1985.0,2026-10-01,2026-10-07
SOMANYCERA,977.6,2026-10-01,2026-10-07
SOMATEX,161.25,2026-10-01,2026-10-07
SOMICONVEY,235.58,2026-10-01,2026-10-07
SONA,107.42,2026-10-01,2026-10-07
SONACOMS,844.0,2026-10-01,2026-10-07
SONAL,104.75,2026-10-01,2026-10-07
SONAMLTD,630.0,2026-10-01,2026-10-07
SONATSOFTW,870.0,2026-10-01,2026-10-07
SOTL,860.4,2026-10-01,2026-10-07
SOUTHBANK,50.68,2026-10-01,2026-10-07
SOUTHWEST,275.0,2026-10-01,2026-10-07
SPAL,1221.9,2026-10-01,2026-10-07
SPANDANA,1397.0,2026-10-01,2026-10-07
SPARC,598.0,2026-10-01,2026-10-07
SPCENET,39.4,2026-10-01,2026-10-07
SPECIALITY,287.1,2026-10-01,2026-10-07
SPECTRUM,3879.8,2026-10-01,2026-10-07
SPENCERS,173.7,2026-10-01,2026-10-07
SPIC,128.2,2026-10-01,2026-10-07
SPLIL,118.9,2026-10-01,2026-10-07
SPLPETRO,979.0,2026-10-01,2026-10-07
SPMLINFRA,599.5,2026-10-01,2026-10-07
SPORTKING,241.51,2026-10-01,2026-10-07
SRD,115.0,2026-10-01,2026-10-07
SREEL,433.7,2026-10-01,2026-10-07
SRF,3325.0,2026-10-01,2026-10-07
SRGHFL,414.65,2026-10-01,2026-10-07
SRHHYPOLTD,951.9,2026-10-01,2026-10-07
SRIKPRIND,36.8,2026-10-01,2026-10-07
SRM,649.95,2026-10-01,2026-10-07
SRTL,73.36,2026-10-01,2026-10-07
SSDL,213.88,2026-10-01,2026-10-07
SSRETAIL,888.0,2026-10-01,2026-10-07
SSWL,413.75,2026-10-01,2026-10-07
STALLION,423.8,2026-10-01,2026-10-07
STANLEY,627.5,2026-10-01,2026-10-07
STAR,1675.0,2026-10-01,2026-10-07
STARCEMENT,308.95,2026-10-01,2026-10-07
STARHEALTH,1200.0,2026-10-01,2026-10-07
STARPAPER,318.55,2026-10-01,2026-10-07
STARTECK,412.3,2026-10-01,2026-10-07
STCINDIA,872.27,2026-10-01,2026-10-07
STEAMHOUSE,117.6,2026-10-01,2026-10-07
STEELCAS,390.9,2026-10-01,2026-10-07
STEELCITY,153.7,2026-10-01,2026-10-07
STEELXIND,26.25,2026-10-01,2026-10-07
STEL,689.95,2026-10-01,2026-10-07
STERTOOLS,744.3,2026-10-01,2026-10-07
STLNETWORK,56.5,2026-10-01,2026-10-07
STLSTRINF,27.9,2026-10-01,2026-10-07
STLTECH,912.0,2026-10-01,2026-10-07
STOVEKRAFT,1133.7,2026-10-01,2026-10-07
STUDDS,600.0,2026-10-01,2026-10-07
STYL,437.45,2026-10-01,2026-10-07
STYLAMIND,4150.0,2026-10-01,2026-10-07
STYLEBAAZA,447.1,2026-10-01,2026-10-07
STYRENIX,3498.0,2026-10-01,2026-10-07
SUBEXLTD,790.0,2026-10-01,2026-10-07
SUBROS,1213.7,2026-10-01,2026-10-07
SUDARCOLOR,1185.0,2026-10-01,2026-10-07
SUDARSCHEM,1603.0,2026-10-01,2026-10-07
SUDEEPPHRM,1378.0,2026-10-01,2026-10-07
SUKHJITS,628.8,2026-10-01,2026-10-07
SULA,699.0,2026-10-01,2026-10-07
SUMEDHA,48.1,2026-10-01,2026-10-07
SUMEETINDS,55.96,2026-10-01,2026-10-07
SUMICHEM,665.0,2026-10-01,2026-10-07
SUMIT,157.75,2026-10-01,2026-10-07
SUMMITSEC,3675.0,2026-10-01,2026-10-07
SUNCLAY,2934.0,2026-10-01,2026-10-07
SUNDARAM,24.9,2026-10-01,2026-10-07
SUNDARMFIN,5642.0,2026-10-01,2026-10-07
SUNDRMBRAK,1440.0,2026-10-01,2026-10-07
SUNDRMFAST,1505.95,2026-10-01,2026-10-07
SUNDROP,1152.0,2026-10-01,2026-10-07
SUNFLAG,471.0,2026-10-01,2026-10-07
SUNLOC,82.0,2026-10-01,2026-10-07
SUNPHARMA,2046.9,2026-10-01,2026-10-07
SUNRAKSHAK,382.4,2026-10-01,2026-10-07
SUNSHIEL,1284.8,2026-10-01,2026-10-07
SUNSHINE,524.95,2026-10-01,2026-10-07
SUNTECK,699.0,2026-10-01,2026-10-07
SUNTV,1097.8,2026-10-01,2026-10-07
SUPERHOUSE,304.0,2026-10-01,2026-10-07
SUPERSPIN,60.56,2026-10-01,2026-10-07
SUPRAJIT,639.6,2026-10-01,2026-10-07
SUPREME,116.5,2026-10-01,2026-10-07
SUPREMEIND,6460.0,2026-10-01,2026-10-07
SUPREMEINF,446.0,2026-10-01,2026-10-07
SUPRIYA,1085.0,2026-10-01,2026-10-07
SUPTANERY,16.21,2026-10-01,2026-10-07
SURAJEST,847.0,2026-10-01,2026-10-07
SURAJLTD,530.4,2026-10-01,2026-10-07
SURAKSHA,449.0,2026-10-01,2026-10-07
SURANASOL,81.95,2026-10-01,2026-10-07
SURANAT&P,29.6,2026-10-01,2026-10-07
SURYALA,508.0,2026-10-01,2026-10-07
SURYALAXMI,272.4,2026-10-01,2026-10-07
SURYAROSNI,420.8,2026-10-01,2026-10-07
SURYODAY,296.35,2026-10-01,2026-10-07
SUTLEJTEX,120.0,2026-10-01,2026-10-07
SUVEN,403.35,2026-10-01,2026-10-07
SUVIDHAA,115.5,2026-10-01,2026-10-07
SUYOG,1968.2,2026-10-01,2026-10-07
SUZLON,422.2,2026-10-01,2026-10-07
SVGLOBAL,177.5,2026-10-01,2026-10-07
SVLL,897.45,2026-10-01,2026-10-07
SVPGLOB,164.85,2026-10-01,2026-10-07
SWANCORP,809.8,2026-10-01,2026-10-07
SWANDEF,2804.9,2026-10-01,2026-10-07
SWARAJ,391.85,2026-10-01,2026-10-07
SWARAJENG,4720.0,2026-10-01,2026-10-07
SWARNSAR,45.7,2026-10-01,2026-10-07
SWASTIKAIN,210.0,2026-10-01,2026-10-07
SWELECTES,1492.75,2026-10-01,2026-10-07
SWIGGY,617.3,2026-10-01,2026-10-07
SWISSMLTRY,18.5,2026-10-01,2026-10-07
SWSOLAR,828.0,2026-10-01,2026-10-07
SYMBIOTEC,1196.8,2026-10-01,2026-10-07
SYMPHONY,2209.0,2026-10-01,2026-10-07
SYNCOMF,27.9,2026-10-01,2026-10-07
SYNGENE,960.6,2026-10-01,2026-10-07
SYRMA,1820.0,2026-10-01,2026-10-07
SYSTMTXC,177.9,2026-10-01,2026-10-07
TAALTECH,1234.0,2026-10-01,2026-10-07
TAINWALCHM,335.0,2026-10-01,2026-10-07
TAJGVK,528.1,2026-10-01,2026-10-07
TAKE,308.25,2026-10-01,2026-10-07
TALBROAUTO,485.8,2026-10-01,2026-10-07
TAMBOLIIN,318.85,2026-10-01,2026-10-07
TANAA,378.95,2026-10-01,2026-10-07
TANLA,2096.75,2026-10-01,2026-10-07
TARACHAND,104.8,2026-10-01,2026-10-07
TARAPUR,50.85,2026-10-01,2026-10-07
TARC,269.95,2026-10-01,2026-10-07
TARIL,648.9,2026-10-01,2026-10-07
TARMAT,387.0,2026-10-01,2026-10-07
TARSONS,924.9,2026-10-01,2026-10-07
TASTYBITE,21487.0,2026-10-01,2026-10-07
TATACAP,390.2,2026-10-01,2026-10-07
TATACHEM,1349.0,2026-10-01,2026-10-07
TATACOMM,2175.0,2026-10-01,2026-10-07
TATACONSUM,1282.7,2026-10-01,2026-10-07
TATAELXSI,10760.0,2026-10-01,2026-10-07
TATAINVEST,1185.0,2026-10-01,2026-10-07
TATAPOWER,494.85,2026-10-01,2026-10-07
TATASTEEL,224.4,2026-10-01,2026-10-07
TATATECH,1400.0,2026-10-01,2026-10-07
TATVA,2977.8,2026-10-01,2026-10-07
TBOTEK,2001.0,2026-10-01,2026-10-07
TBZ,698.6,2026-10-01,2026-10-07
TCC,105.28,2026-10-01,2026-10-07
TCI,1309.0,2026-10-01,2026-10-07
TCIEXP,2572.0,2026-10-01,2026-10-07
TCIFINANCE,129.8,2026-10-01,2026-10-07
TCPLPACK,4900.0,2026-10-01,2026-10-07
TCS,4592.25,2026-10-01,2026-10-07
TDPOWERSYS,817.55,2026-10-01,2026-10-07
TEAMGTY,332.55,2026-10-01,2026-10-07
TEAMLEASE,5550.0,2026-10-01,2026-10-07
TECHM,1854.0,2026-10-01,2026-10-07
TECHNOCRAF,496.5,2026-10-01,2026-10-07
TECHNOE,1822.0,2026-10-01,2026-10-07
TECHNVISN,6198.0,2026-10-01,2026-10-07
TECILCHEM,42.16,2026-10-01,2026-10-07
TEGA,2328.9,2026-10-01,2026-10-07
TEJASNET,1495.0,2026-10-01,2026-10-07
TEMBO,90.5,2026-10-01,2026-10-07
TEMPSENS,634.85,2026-10-01,2026-10-07
TENNIND,657.0,2026-10-01,2026-10-07
TERAI,140.0,2026-10-01,2026-10-07
TERASOFT,598.0,2026-10-01,2026-10-07
TEXINFRA,159.5,2026-10-01,2026-10-07
TEXMOPIPES,162.9,2026-10-01,2026-10-07
TEXRAIL,296.49,2026-10-01,2026-10-07
TFCILTD,148.5,2026-10-01,2026-10-07
TFL,55.5,2026-10-01,2026-10-07
TGBHOTELS,196.0,2026-10-01,2026-10-07
TGVSL,130.49,2026-10-01,2026-10-07
THACKER,1689.9,2026-10-01,2026-10-07
THAKDEV,163.01,2026-10-01,2026-10-07
THANGAMAYL,7430.0,2026-10-01,2026-10-07
THEINVEST,337.8,2026-10-01,2026-10-07
THEJO,3707.9,2026-10-01,2026-10-07
THELEELA,586.95,2026-10-01,2026-10-07
THEMISMED,317.0,2026-10-01,2026-10-07
THERMAX,5839.95,2026-10-01,2026-10-07
THOMASCOOK,264.0,2026-10-01,2026-10-07
THOMASCOTT,509.0,2026-10-01,2026-10-07
THYROCARE,662.0,2026-10-01,2026-10-07
TI,607.8,2026-10-01,2026-10-07
TICL,61.0,2026-10-01,2026-10-07
TIGERLOGS,56.69,2026-10-01,2026-10-07
TIIL,3933.0,2026-10-01,2026-10-07
TIINDIA,4810.8,2026-10-01,2026-10-07
TIJARIA,28.95,2026-10-01,2026-10-07
TIL,435.15,2026-10-01,2026-10-07
TIMETECHNO,256.8,2026-10-01,2026-10-07
TIMEX,748.0,2026-10-01,2026-10-07
TIMKEN,4817.9,2026-10-01,2026-10-07
TINNARUBR,1322.0,2026-10-01,2026-10-07
TIPSFILMS,994.9,2026-10-01,2026-10-07
TIPSMUSIC,950.0,2026-10-01,2026-10-07
TIRUMALCHM,394.95,2026-10-01,2026-10-07
TIRUPATIFL,83.9,2026-10-01,2026-10-07
TITAGARH,1896.95,2026-10-01,2026-10-07
TITAN,5186.7,2026-10-01,2026-10-07
TMB,954.2,2026-10-01,2026-10-07
TMCV,509.0,2026-10-01,2026-10-07
TMPV,1179.0,2026-10-01,2026-10-07
TNPETRO,150.75,2026-10-01,2026-10-07
TNPL,499.0,2026-10-01,2026-10-07
TNTELE,26.45,2026-10-01,2026-10-07
TOKYOPLAST,169.6,2026-10-01,2026-10-07
TOLINS,259.2,2026-10-01,2026-10-07
TORNTPHARM,5250.0,2026-10-01,2026-10-07
TORNTPOWER,2037.0,2026-10-01,2026-10-07
TOTAL,202.55,2026-10-01,2026-10-07
TOUCHWOOD,227.35,2026-10-01,2026-10-07
TOYAMSL,0.92,2026-10-01,2026-10-07
TPHQ,5.0,2026-10-01,2026-10-07
TPLPLASTEH,136.0,2026-10-01,2026-10-07
TRACXN,124.2,2026-10-01,2026-10-07
TRANSCOR,29.0,2026-10-01,2026-10-07
TRANSPEK,1475.0,2026-10-01,2026-10-07
TRANSRAILL,855.8,2026-10-01,2026-10-07
TRANSWORLD,839.7,2026-10-01,2026-10-07
TRAVELFOOD,1470.9,2026-10-01,2026-10-07
TREEHOUSE,559.0,2026-10-01,2026-10-07
TREJHARA,303.99,2026-10-01,2026-10-07
TREL,60.5,2026-10-01,2026-10-07
TRENT,5563.6,2026-10-01,2026-10-07
TRF,1178.0,2026-10-01,2026-10-07
TRIDENT,70.35,2026-10-01,2026-10-07
TRIGYN,218.5,2026-10-01,2026-10-07
TRITONV,1219.3,2026-10-01,2026-10-07
TRITURBINE,885.0,2026-10-01,2026-10-07
TRIVENI,536.0,2026-10-01,2026-10-07
TRU,111.8,2026-10-01,2026-10-07
TRUALT,549.0,2026-10-01,2026-10-07
TSFINV,701.5,2026-10-01,2026-10-07
TTKHLTCARE,1893.95,2026-10-01,2026-10-07
TTKPRESTIG,1264.65,2026-10-01,2026-10-07
TTL,18.5,2026-10-01,2026-10-07
TTML,290.15,2026-10-01,2026-10-07
TURTLEMINT,160.0,2026-10-01,2026-10-07
TUTIALKA,62.9,2026-10-01,2026-10-07
TVSELECT,739.35,2026-10-01,2026-10-07
TVSHLTD,16297.0,2026-10-01,2026-10-07
TVSMOTOR,4484.5,2026-10-01,2026-10-07
TVSSCS,258.0,2026-10-01,2026-10-07
TVSSRICHAK,5760.0,2026-10-01,2026-10-07
TVTODAY,557.95,2026-10-01,2026-10-07
TVVISION,324.05,2026-10-01,2026-10-07
UBL,2299.7,2026-10-01,2026-10-07
UCAL,338.8,2026-10-01,2026-10-07
UCOBANK,152.4,2026-10-01,2026-10-07
UDAYJEW,180.89,2026-10-01,2026-10-07
UDS,438.6,2026-10-01,2026-10-07
UEL,709.05,2026-10-01,2026-10-07
UFBL,1945.95,2026-10-01,2026-10-07
UFLEX,859.8,2026-10-01,2026-10-07
UFO,642.79,2026-10-01,2026-10-07
UGARSUGAR,135.9,2026-10-01,2026-10-07
UGROCAP,319.15,2026-10-01,2026-10-07
UJJIVANSFB,73.94,2026-10-01,2026-10-07
ULTRACEMCO,13110.0,2026-10-01,2026-10-07
ULTRAMAR,455.75,2026-10-01,2026-10-07
UMAEXPORTS,151.58,2026-10-01,2026-10-07
UMESLTD,69.4,2026-10-01,2026-10-07
UMIYA-MRO,132.5,2026-10-01,2026-10-07
UNICHEMLAB,937.95,2026-10-01,2026-10-07
UNIDT,604.85,2026-10-01,2026-10-07
UNIECOM,263.99,2026-10-01,2026-10-07
UNIENTER,195.5,2026-10-01,2026-10-07
UNIINFO,57.3,2026-10-01,2026-10-07
UNIMECH,1868.2,2026-10-01,2026-10-07
UNIONBANK,426.95,2026-10-01,2026-10-07
UNIPARTS,915.95,2026-10-01,2026-10-07
UNITDSPR,1700.0,2026-10-01,2026-10-07
UNITECH,546.8,2026-10-01,2026-10-07
UNITEDPOLY,51.16,2026-10-01,2026-10-07
UNITEDTEA,619.0,2026-10-01,2026-10-07
UNIVASTU,178.98,2026-10-01,2026-10-07
UNIVCABLES,1774.9,2026-10-01,2026-10-07
UNIVPHOTO,988.0,2026-10-01,2026-10-07
UNOMINDA,1382.0,2026-10-01,2026-10-07
UPHOT,1550.0,2026-10-01,2026-10-07
UPL,864.7,2026-10-01,2026-10-07
URAVIDEF,666.0,2026-10-01,2026-10-07
URBANCO,201.18,2026-10-01,2026-10-07
URJA,41.65,2026-10-01,2026-10-07
USHAMART,542.6,2026-10-01,2026-10-07
USK,88.5,2026-10-01,2026-10-07
UTIAMC,1494.8,2026-10-01,2026-10-07
UTKARSHBNK,68.3,2026-10-01,2026-10-07
UTLSOLAR,494.25,2026-10-01,2026-10-07
UTTAMSUGAR,535.8,2026-10-01,2026-10-07
UYFINCORP,39.4,2026-10-01,2026-10-07
V2RETAIL,259.25,2026-10-01,2026-10-07
VADILALIND,8447.0,2026-10-01,2026-10-07
VADILENT,12598.0,2026-10-01,2026-10-07
VAIBHAVGBL,1050.0,2026-10-01,2026-10-07
VAISHALI,239.8,2026-10-01,2026-10-07
VAKRANGEE,515.0,2026-10-01,2026-10-07
VALIANTLAB,214.95,2026-10-01,2026-10-07
VALIANTORG,1991.0,2026-10-01,2026-10-07
VAML,537.0,2026-10-01,2026-10-07
VARDHACRLC,84.2,2026-10-01,2026-10-07
VARDMNPOLY,15.39,2026-10-01,2026-10-07
VARMORA,163.77,2026-10-01,2026-10-07
VARROC,1178.7,2026-10-01,2026-10-07
VASCONEQ,195.7,2026-10-01,2026-10-07
VASUPRADA,111.38,2026-10-01,2026-10-07
VASWANI,73.88,2026-10-01,2026-10-07
VBL,681.1,2026-10-01,2026-10-07
VCL,32.85,2026-10-01,2026-10-07
VEDAVAAG,25.69,2026-10-01,2026-10-07
VEDL,795.0,2026-10-01,2026-10-07
VEDPOWER,49.88,2026-10-01,2026-10-07
VEEDOL,3688.75,2026-10-01,2026-10-07
VEEGALAND,154.0,2026-10-01,2026-10-07
VELJAN,2186.8,2026-10-01,2026-10-07
VENKEYS,4725.0,2026-10-01,2026-10-07
VENTIVE,840.0,2026-10-01,2026-10-07
VENUSPIPES,2450.35,2026-10-01,2026-10-07
VENUSREM,2044.3,2026-10-01,2026-10-07
VERANDA,380.0,2026-10-01,2026-10-07
VERTOZ,111.33,2026-10-01,2026-10-07
VESUVIUS,646.0,2026-10-01,2026-10-07
VETO,265.5,2026-10-01,2026-10-07
VGCL,62.95,2026-10-01,2026-10-07
VGL,98.48,2026-10-01,2026-10-07
VGUARD,577.45,2026-10-01,2026-10-07
VHL,6200.0,2026-10-01,2026-10-07
VHLTD,155.36,2026-10-01,2026-10-07
VIDHIING,569.15,2026-10-01,2026-10-07
VIDYAWIRES,117.35,2026-10-01,2026-10-07
VIJAYA,1593.6,2026-10-01,2026-10-07
VIJIFIN,17.24,2026-10-01,2026-10-07
VIJSOLX,719.9,2026-10-01,2026-10-07
VIKASECO,30.3,2026-10-01,2026-10-07
VIKASLIFE,17.8,2026-10-01,2026-10-07
VIKRAMSOLR,407.95,2026-10-01,2026-10-07
VIKRAN,118.4,2026-10-01,2026-10-07
VIMTALABS,902.65,2026-10-01,2026-10-07
VINATIORGA,2377.0,2026-10-01,2026-10-07
VINCOFE,191.35,2026-10-01,2026-10-07
VINDHYATEL,3230.0,2026-10-01,2026-10-07
VINEETLAB,17844.38,2026-10-01,2026-10-07
VINNY,187.8,2026-10-01,2026-10-07
VINYLINDIA,951.7,2026-10-01,2026-10-07
VIPCLOTHNG,101.2,2026-10-01,2026-10-07
VIPIND,774.6,2026-10-01,2026-10-07
VIPULLTD,104.0,2026-10-01,2026-10-07
VIRAT,494.4,2026-10-01,2026-10-07
VIRINCHI,53.7,2026-10-01,2026-10-07
VIRTUALG,0.6,2026-10-01,2026-10-07
VISACHROME,73.68,2026-10-01,2026-10-07
VISAKAIND,177.95,2026-10-01,2026-10-07
VISHAL,21.94,2026-10-01,2026-10-07
VISHNU,744.0,2026-10-01,2026-10-07
VISHWARAJ,45.8,2026-10-01,2026-10-07
VISL,44.78,2026-10-01,2026-10-07
VITAL,172.0,2026-10-01,2026-10-07
VIVIANA,1162.5,2026-10-01,2026-10-07
VIVIDHA,107.47,2026-10-01,2026-10-07
VIVIMEDLAB,29.4,2026-10-01,2026-10-07
VIVOBIOT,20.94,2026-10-01,2026-10-07
VIYASH,336.5,2026-10-01,2026-10-07
VLEGOV,197.77,2026-10-01,2026-10-07
VLSFINANCE,454.85,2026-10-01,2026-10-07
VMART,1212.2,2026-10-01,2026-10-07
VMM,157.6,2026-10-01,2026-10-07
VMSTMT,105.0,2026-10-01,2026-10-07
VOEPL,593.45,2026-10-01,2026-10-07
VOGL,47.6,2026-10-01,2026-10-07
VOITHPAPR,1696.0,2026-10-01,2026-10-07
VOLTAMP,14800.0,2026-10-01,2026-10-07
VOLTAS,1944.9,2026-10-01,2026-10-07
VPRPL,345.75,2026-10-01,2026-10-07
VRAJ,296.7,2026-10-01,2026-10-07
VRLLOG,799.0,2026-10-01,2026-10-07
VSSL,428.25,2026-10-01,2026-10-07
VSTIND,486.15,2026-10-01,2026-10-07
VSTL,446.25,2026-10-01,2026-10-07
VSTTILLERS,6374.0,2026-10-01,2026-10-07
VTL,688.0,2026-10-01,2026-10-07
VTMLTD,61.9,2026-10-01,2026-10-07
WAAREEENER,3865.0,2026-10-01,2026-10-07
WAAREEINDO,725.0,2026-10-01,2026-10-07
WAAREERTL,1358.0,2026-10-01,2026-10-07
WABAG,2319.0,2026-10-01,2026-10-07
WAKEFIT,224.0,2026-10-01,2026-10-07
WALCHANNAG,1205.78,2026-10-01,2026-10-07
WANBURY,358.85,2026-10-01,2026-10-07
WATERBASE,54.0,2026-10-01,2026-10-07
WCIL,177.0,2026-10-01,2026-10-07
WEALTH,1720.0,2026-10-01,2026-10-07
WEBELSOLAR,186.5,2026-10-01,2026-10-07
WEIZMANIND,161.99,2026-10-01,2026-10-07
WEL,200.0,2026-10-01,2026-10-07
WELCORP,2900.0,2026-10-01,2026-10-07
WELENT,841.9,2026-10-01,2026-10-07
WELINV,2499.9,2026-10-01,2026-10-07
WELSPLSOL,63.25,2026-10-01,2026-10-07
WELSPUNLIV,233.0,2026-10-01,2026-10-07
WENDT,18033.65,2026-10-01,2026-10-07
WESTLIFE,1024.95,2026-10-01,2026-10-07
WEWIN,189.9,2026-10-01,2026-10-07
WEWORK,794.5,2026-10-01,2026-10-07
WHBRADY,589.9,2026-10-01,2026-10-07
WHEELS,2498.0,2026-10-01,2026-10-07
WHIRLPOOL,2787.0,2026-10-01,2026-10-07
WILLAMAGOR,146.1,2026-10-01,2026-10-07
WINDLAS,1198.25,2026-10-01,2026-10-07
WINDMACHIN,440.8,2026-10-01,2026-10-07
WIPL,270.0,2026-10-01,2026-10-07
WIPRO,369.9,2026-10-01,2026-10-07
WOCKPHARMA,2422.3,2026-10-01,2026-10-07
WONDERLA,1105.9,2026-10-01,2026-10-07
WORTHPERI,190.47,2026-10-01,2026-10-07
WPIL,510.35,2026-10-01,2026-10-07
WSI,194.0,2026-10-01,2026-10-07
WSTCSTPAPR,815.0,2026-10-01,2026-10-07
XCHANGING,357.7,2026-10-01,2026-10-07
XELPMOC,513.0,2026-10-01,2026-10-07
XPROINDIA,1677.0,2026-10-01,2026-10-07
XTGLOBAL,56.7,2026-10-01,2026-10-07
XTRANET,358.5,2026-10-01,2026-10-07
YASHO,4994.0,2026-10-01,2026-10-07
YATHARTH,1184.0,2026-10-01,2026-10-07
YATRA,202.0,2026-10-01,2026-10-07
YESBANK,404.0,2026-10-01,2026-10-07
YOGI,180.0,2026-10-01,2026-10-07
YUKEN,1569.9,2026-10-01,2026-10-07
ZAGGLE,591.9,2026-10-01,2026-10-07
ZEEL,619.0,2026-10-01,2026-10-07
ZEELEARN,101.0,2026-10-01,2026-10-07
ZEEMEDIA,49.9,2026-10-01,2026-10-07
ZENITHEXPO,453.06,2026-10-01,2026-10-07
ZENITHSTL,42.06,2026-10-01,2026-10-07
ZENSARTECH,984.95,2026-10-01,2026-10-07
ZENTEC,2627.0,2026-10-01,2026-10-07
ZFCVINDIA,3044.0,2026-10-01,2026-10-07
ZFSTEERING,894.98,2026-10-01,2026-10-07
ZIMLAB,152.7,2026-10-01,2026-10-07
ZODIAC,816.5,2026-10-01,2026-10-07
ZODIACLOTH,454.8,2026-10-01,2026-10-07
ZOTA,1740.0,2026-10-01,2026-10-07
ZSARACOM,14400.0,2026-10-01,2026-10-07
ZUARI,690.0,2026-10-01,2026-10-07
ZUARIIND,423.4,2026-10-01,2026-10-07
ZYDUSLIFE,1324.3,2026-10-01,2026-10-07
ZYDUSWELL,611.85,2026-10-01,2026-10-07
