Index,Symbols
Nifty Auto,ASHOKLEY BAJAJ-AUTO BHARATFORG BOSCHLTD EICHERMOT HEROMOTOCO HYUNDAI M&M MARUTI MOTHERSON SONACOMS TVSMOTOR TMPV TIINDIA UNOMINDA
Nifty Bank,AUBANK AXISBANK BANKBARODA CANBK FEDERALBNK HDFCBANK ICICIBANK IDFCFIRSTB INDUSINDBK KOTAKBANK PNB SBIN UNIONBANK YESBANK
Nifty Fin Services,AXISBANK BSE BAJFINANCE BAJAJFINSV CHOLAFIN HDFCBANK HDFCLIFE ICICIBANK ICICIGI JIOFIN KOTAKBANK LICHSGFIN MFSL MUTHOOTFIN PFC RECLTD SBICARD SBILIFE SHRIRAMFIN SBIN
Nifty FMCG,BRITANNIA COLPAL DABUR GODFRYPHLP GODREJCP HINDUNILVR ITC MARICO NESTLEIND PATANJALI RADICO TATACONSUM UBL UNITDSPR VBL
Nifty IT,COFORGE HCLTECH INFY LTM MPHASIS OFSS PERSISTENT TCS TECHM WIPRO
Nifty Media,DBCORP MPSLTD NAZARA NETWORK18 PVRINOX PFOCUS SAREGAMA SUNTV TIPSMUSIC ZEEL
Nifty Metal,APLAPOLLO ADANIENT HINDALCO HINDCOPPER HINDZINC JSWSTEEL JSL JINDALSTEL LLOYDSME NMDC NATIONALUM SAIL TATASTEEL VAML VEDL
Nifty Pharma,ABBOTINDIA AJANTPHARM ALKEM AUROPHARMA BIOCON CIPLA DIVISLAB DRREDDY GLAND GLENMARK IPCALAB LAURUSLABS LUPIN MANKIND PPLPHARMA SAILIFE SUNPHARMA TORNTPHARM WOCKPHARMA ZYDUSLIFE
Nifty PSU Bank,BANKBARODA BANKINDIA MAHABANK CANBK CENTRALBK INDIANB IOB PSB PNB SBIN UCOBANK UNIONBANK
Nifty Realty,ABREL ANANTRAJ BRIGADE DLF GODREJPROP LODHA OBEROIRLTY PHOENIXLTD PRESTIGE SOBHA
Nifty Healthcare,ABBOTINDIA ALKEM APOLLOHOSP AUROPHARMA BIOCON CIPLA DIVISLAB DRREDDY FORTIS GLAND GLENMARK IPCALAB KIMS LAURUSLABS LUPIN MANKIND MAXHEALTH SUNPHARMA TORNTPHARM ZYDUSLIFE
Nifty Consumer Durables,AMBER BATAINDIA BLUESTARCO CROMPTON DIXON HAVELLS KAJARIACER KALYANKJIL LGEINDIA PGEL THANGAMAYL TITAN VOLTAS WHIRLPOOL
Nifty Oil & Gas,ATGL AEGISLOG AEGISVOPAK BPCL CASTROLIND CHENNPETRO GAIL HINDPETRO IOC IGL MGL ONGC OIL PETRONET RELIANCE
Nifty Infra,ADANIGREEN ADANIPORTS ADANIPOWER APOLLOHOSP ASHOKLEY BHARATFORG BPCL BHARTIARTL CGPOWER CUMMINSIND DLF FORTIS GAIL GVT&D GRASIM HINDPETRO INDHOTEL IOC INDUSTOWER INDIGO LT MAXHEALTH NTPC ONGC POWERGRID RELIANCE MOTHERSON SUZLON TATAPOWER ULTRACEMCO
Nifty Energy,ABB ADANIENSOL ADANIGREEN ADANIPOWER ATGL AEGISLOG BHEL BPCL CESC CGPOWER CASTROLIND COALINDIA GAIL GVT&D HINDPETRO POWERINDIA IOC IGL INOXWIND JSWENERGY JPPOWER MGL NHPC NLCINDIA NTPCGREEN NTPC NAVA ONGC OIL PETRONET POWERGRID RELIANCE RPOWER ENRIN SIEMENS SUZLON TDPOWERSYS TATAPOWER THERMAX TORNTPOWER
Nifty PSE,BEL BHEL BPCL COALINDIA CONCOR GAIL HAL HINDPETRO IOC IRFC NHPC NMDC NTPC NATIONALUM ONGC OIL PFC POWERGRID RECLTD SAIL
Nifty CPSE,BEL COALINDIA COCHINSHIP NBCC NHPC NLCINDIA NTPC ONGC OIL POWERGRID SJVN
Nifty Commodities,APLAPOLLO ADANIENSOL ADANIGREEN ADANIPOWER AMBUJACEM BPCL COALINDIA GRASIM HINDALCO HINDPETRO IOC JSWENERGY JSWSTEEL JINDALSTEL NHPC NMDC NTPC ONGC OIL PIDILITIND RELIANCE SRF SHREECEM TATAPOWER TATASTEEL TORNTPOWER UPL ULTRACEMCO VAML VEDL
Nifty MNC,ABB AWL ABBOTINDIA AMBUJACEM ASHOKLEY BOSCHLTD BRITANNIA CRISIL CASTROLIND COLPAL CUMMINSIND ESCORTS GLAND HINDUNILVR POWERINDIA HYUNDAI LGEINDIA LINDEINDIA MARUTI NESTLEIND NAM-INDIA OFSS SCHAEFFLER ENRIN SIEMENS TIMKEN UBL UNITDSPR VAML VEDL
Nifty Consumption,APOLLOHOSP ASIANPAINT DMART BAJAJ-AUTO BHARTIARTL BRITANNIA DLF DIXON EICHERMOT ETERNAL FORTIS GODREJCP HEROMOTOCO HINDUNILVR ITC INDHOTEL NAUKRI INDIGO M&M MARUTI MAXHEALTH NESTLEIND TVSMOTOR TATACONSUM TATAPOWER TITAN TORNTPHARM TRENT UNITDSPR VBL
Nifty Chemicals,AARTIIND ATUL CHAMBLFERT COROMANDEL DEEPAKFERT DEEPAKNTR FLUOROCHEM HSCL JUBLINGREA LINDEINDIA NAVINFLUOR PCBL PIIND PIDILITIND SRF SOLARINDS SUMICHEM SWANCORP TATACHEM UPL
Nifty India Defence,AXISCADES AEQUS APOLLO ASTRAMICRO BEML BDL BEL BHARATFORG CENTUM COCHINSHIP DATAPATTNS DYNAMATECH GRSE HAL MTARTECH MAZDOCK MIDHANI PARAS SIGMAADV SOLARINDS UNIMECH ZENTEC
Nifty Capital Markets,360ONE ABSLAMC ANANDRATHI ANGELONE BSE GROWW CDSL CAMS HDFCAMC ICICIAMC IEX KFINTECH MOTILALOFS MCX NAM-INDIA NUVAMA UTIAMC
Nifty India Tourism,BLS DEVYANI EIHOTEL GMRAIRPORT ITCHOTELS INDHOTEL IRCTC INDIGO JUBLFOOD LEMONTREE TBOTEK
Nifty India Digital,AFFLE BLS BHARTIARTL BHARTIHEXA BSOFT BBOX FIRSTCRY CARTRADE COFORGE CYIENT ETERNAL NYKAA FRACTAL HCLTECH HEXT ITI INDIAMART IRCTC NAUKRI INFY INTELLECT IKS KPITTECH LTTS LTM MEESHO MPHASIS NETWEB PAYTM OFSS POLICYBZR PERSISTENT PWL PINELABS RAILTEL SAGILITY STLTECH SWIGGY TBOTEK TATACOMM TCS TATAELXSI TATATECH TTML TECHM TEJASNET URBANCO IDEA WIPRO ZENSARTECH
Nifty Railways PSU,BEML BEL BHEL BPCL CONCOR HINDPETRO IRCON ITI IRCTC IRFC MRPL NTPC ONGC RITES RVNL RAILTEL SAIL
Nifty India Manufacturing,ABB AIAENG APLAPOLLO ALKEM AMBER ANTHEM ASHOKLEY ASTRAL AUROPHARMA BAJAJ-AUTO BALKRISIND BEL BHARATFORG BPCL BLUESTARCO BOSCHLTD CGPOWER CIPLA COCHINSHIP COROMANDEL CROMPTON CUMMINSIND DIVISLAB DIXON DRREDDY EICHERMOT ESCORTS GVT&D HAVELLS HSCL HINDALCO HAL HINDCOPPER HINDZINC POWERINDIA HYUNDAI IOC JSWSTEEL JINDALSTEL KPRMILL KEI KAYNES LAURUSLABS LINDEINDIA LUPIN MRF M&M MARUTI MAZDOCK NAVINFLUOR PIIND PAGEIND PIDILITIND POLYCAB RELIANCE SRF MOTHERSON ENRIN SIEMENS SOLARINDS SONACOMS SUNPHARMA SUPREMEIND SUZLON TVSMOTOR TMCV TMPV TATASTEEL TORNTPHARM TIINDIA UNOMINDA UPL VAML VEDL VOLTAS WELCORP ZYDUSLIFE
Nifty Housing,ACC ADANIGREEN ATGL AMBUJACEM ASIANPAINT AXISBANK BANDHANBNK BANKBARODA BERGEPAINT CUB CROMPTON DALBHARAT DIXON DLF FEDERALBNK GODREJPROP GRASIM HAVELLS HDFCBANK HDFC ICICIBANK IDFCFIRSTB IBULHSGFIN IGL INDUSINDBK JKCEMENT JINDALSTEL JSWSTEEL KAJARIACER KANSAINER KOTAKBANK LT LICHSGFIN MGL NTPC OBEROIRLTY PETRONET PNB RBLBANK SHREECEM SBIN SAIL TATAPOWER TATASTEEL RAMCOCEM TORNTPOWER ULTRACEMCO VOLTAS WHIRLPOOL YESBANK
Nifty India Internet,ANGELONE CCAVENUE GROWW FIRSTCRY CARTRADE ETERNAL NYKAA IIFLCAPS INDIAMART IRCTC NAUKRI JUSTDIAL IXIGO MEESHO MOTILALOFS NAZARA PAYTM POLICYBZR PWL PINELABS SWIGGY TBOTEK THOMASCOOK URBANCO
Nifty Cement,ACC AMBUJACEM BIRLACORPN DALBHARAT GRASIM INDIACEM JKCEMENT JSWCEMENT NUVOCO SHREECEM RAMCOCEM ULTRACEMCO
Nifty Core Housing,AMBER AMBUJACEM ASIANPAINT BAJAJHFL BERGEPAINT BLUESTARCO BRIGADE CROMPTON DLF DALBHARAT DIXON GODREJPROP GRASIM HAVELLS JKCEMENT KEI KAJARIACER LGEINDIA LICHSGFIN LODHA OBEROIRLTY PGEL PNBHOUSING PHOENIXLTD POLYCAB PRESTIGE SHREECEM RAMCOCEM ULTRACEMCO VOLTAS
Nifty Rural,ADANIGREEN ADANIPOWER AMBUJACEM ASHOKLEY ASIANPAINT ASTRAL ATHERENERG BAJAJ-AUTO BAJFINANCE BANDHANBNK BANKBARODA BANKINDIA BERGEPAINT BHARTIARTL BLUESTARCO BRITANNIA CHOLAFIN COLPAL COROMANDEL CROMPTON CUMMINSIND DABUR DALBHARAT DIXON EICHERMOT GODREJCP GRASIM HDFCLIFE HAVELLS HEROMOTOCO HINDUNILVR HYUNDAI ICICIPRULI ITC INDIANB IRCTC JKCEMENT JSWENERGY LTF LICHSGFIN LICI M&MFIN M&M MARICO MARUTI MFSL MUTHOOTFIN NHPC NTPC NESTLEIND PIIND PNBHOUSING PATANJALI PIRAMALFIN POONAWALLA PNB SBICARD SBILIFE SHREECEM SHRIRAMFIN SBIN SUNDARMFIN SUPREMEIND TVSMOTOR TATACAP TATACOMM TATACONSUM TMCV TMPV TATAPOWER TORNTPOWER UPL ULTRACEMCO IDEA VOLTAS
Nifty Power,ACMESOLAR ADANIENSOL ADANIGREEN ADANIPOWER CESC CLEANMAX GMRP&UI JSWENERGY JPPOWER KPIGREEN NHPC NLCINDIA NTPCGREEN NTPC NAVA PTC POWERGRID RTNPOWER RPOWER SJVN TATAPOWER TORNTPOWER VEDPOWER
Nifty Capital Goods,ABB AIAENG APLAPOLLO APARINDS ASHOKLEY ASTRAMICRO ASTRAL BEML BDL BEL BHEL CGPOWER CARBORUNIV COCHINSHIP CUMMINSIND DATAPATTNS ELGIEQUIP ESCORTS FINCABLES GVT&D GRSE GRINDWELL HBLENGINE HAL POWERINDIA HONAUT INOXWIND JYOTICNC KEI KAYNES KIRLOSENG MTARTECH MAZDOCK PTCIL POLYCAB PREMIERENE ENRIN SIEMENS SUPREMEIND SUZLON TDPOWERSYS TMCV THERMAX TIMKEN TITAGARH TRITURBINE USHAMART VOLTAMP WAAREEENER WELCORP
Nifty Mobility,ADANIPORTS ASHOKLEY BAJAJ-AUTO BALKRISIND BHARATFORG BPCL BOSCHLTD CONCOR DELHIVERY EICHERMOT ETERNAL GAIL GMRAIRPORT HEROMOTOCO HINDPETRO HYUNDAI IOC INDIGO MRF M&M MARUTI PETRONET RELIANCE MOTHERSON SONACOMS SWIGGY TVSMOTOR TMCV TMPV TIINDIA
Nifty New Age Consumption,360ONE ABREL ABSLAMC AMBER ANANTRAJ ANGELONE ATHERENERG DMART BAJAJ-AUTO BATAINDIA BHARTIARTL BHARTIHEXA GROWW BLUESTARCO FIRSTCRY BRIGADE CARTRADE CROMPTON DLF DEVYANI DIXON EIHOTEL EICHERMOT ETERNAL NYKAA FORCEMOT GODREJPROP HDFCAMC HAVELLS HEROMOTOCO HYUNDAI ICICIAMC ITCHOTELS INDIAMART INDHOTEL IRCTC NAUKRI INDIGO JUBLFOOD KPRMILL KALYANKJIL LGEINDIA LEMONTREE LENSKART LODHA M&M MARUTI MEESHO MOTILALOFS NAM-INDIA NUVAMA OBEROIRLTY OLAELEC PAYTM POLICYBZR PGEL PVRINOX PAGEIND PHOENIXLTD PWL PINELABS PRESTIGE PFOCUS SOBHA SWIGGY TVSMOTOR TATACOMM TMPV TITAN TRENT VMM IDEA VOLTAS WHIRLPOOL ZEEL
Nifty IPO,AONESTEELS AASTHA ADROITIND RAMBHAJO AEQUS ALPINETEX AMAGI AEROPLANE ANNU ARMEE ARDEE ARCIL AUGMONT AYE BLEL BHARATCOAL GROWW CMRGREEN CORONA CSM CMLL CANHLIFE CAPILLARY CMPDI CLEANMAX DEEPA DHOOTTRANS ESDS ELEVATE EMMVEE EXCELSOFT FRACTAL UTLSOLAR GSPCROP GAJA GAUDIUMIVF GLASSWALL GKSL HEROMOTORS HEXAGON HORIZONIND HTEL ICICIAMC INDOMIM INNOVISION JSIPL JNPR KSHINTL KANOHAR KARAMTARA KNACK KUSUMGAR LCCPROJECT LEAPIND LALITHAA LASERPOWER LENSKART LCL LUMINO MVELECTRO MANIPALHOS MPIMANIPAL MEESHO MIDWESTLTD MILKYMIST MOLBIO MONEYVIEW NEPHROPLUS OMPOWER OMNI KISSHT ORKLAINDIA PNGSREVA PARKHOSPS PWL PINELABS POWERICA PRANAV PRASOLCHEM PERNIASPOP RSL RENTOMOJO SBIFUNDS SEDEMAC SSRETAIL SAIPARENT SHADOWFAX SHANKESH SHIPROCKET SKYWAYS SONA STEAMHOUSE STUDDS SUDEEPPHRM SUNSHINE SWASTIKAIN SYMBIOTEC TECHNOCRAF TEMPSENS TENNIND TURTLEMINT VARMORA VEEGALAND VIDYAWIRES WAKEFIT CORDELIA XTRANET
Nifty MidSmall Healthcare,ABBOTINDIA ACUTAAS AJANTPHARM ALKEM ANTHEM ASTERDM AUROPHARMA BIOCON COHANCE LALPATHLAB FORTIS GLAND GLAXO GLENMARK MEDANTA GRANULES IPCALAB KIMS LAURUSLABS LUPIN MANKIND NATCOPHARM NH NEULANDLAB ONESOURCE PPLPHARMA POLYMED SAILIFE SYNGENE WOCKPHARMA
Nifty MidSmall IT & Telecom,AFFLE BHARTIHEXA COFORGE CYIENT HFCL HEXT INDUSTOWER INTELLECT IKS KPITTECH LTTS MPHASIS NETWEB OFSS PERSISTENT SAGILITY TATACOMM TATAELXSI TATATECH ZENSARTECH
