Symbol,MarketCapCr,Close,Date
20MICRONS,687.42,194.8,2026-10-08
21STCENMGM,43.12,41.05,2026-10-08
360ONE,42467.95,1041.1,2026-10-08
3BBLACKBIO,1313.15,1530.0,2026-10-08
3IINFOLTD,477.03,23.0,2026-10-08
3MINDIA,33823.37,30025.0,2026-10-08
3PLAND,55.39,30.75,2026-10-08
5PAISA,1585.56,338.2,2026-10-08
63MOONS,3509.11,761.55,2026-10-08
A2ZINFRA,243.56,13.7,2026-10-08
AAATECH,132.68,103.45,2026-10-08
AADHARHFC,19751.8,450.55,2026-10-08
AAKASH,83.02,8.2,2026-10-08
AAREYDRUGS,294.57,103.9,2026-10-08
AARNAV,150.12,35.55,2026-10-08
AARON,253.56,121.05,2026-10-08
AARTECH,151.51,47.7,2026-10-08
AARTIDRUGS,3778.58,414.0,2026-10-08
AARTIIND,17333.83,478.05,2026-10-08
AARTIPHARM,7971.21,879.05,2026-10-08
AARTISURF,411.52,485.8,2026-10-08
AARVI,205.23,138.25,2026-10-08
AASTHA,253.2,28.7,2026-10-08
AAVAS,9439.99,1190.5,2026-10-08
ABAN,108.79,18.65,2026-10-08
ABANSENT,198.44,28.45,2026-10-08
ABB,143461.97,6770.0,2026-10-08
ABBOTINDIA,54355.71,25580.0,2026-10-08
ABCAPITAL,100926.3,368.65,2026-10-08
ABCOTS,418.78,190.65,2026-10-08
ABDL,19396.5,693.45,2026-10-08
ABFRL,5270.16,43.2,2026-10-08
ABINFRA,778.68,12.2,2026-10-08
ABLBL,8781.65,71.95,2026-10-08
ABMINTLLTD,38.54,40.95,2026-10-08
ABMKNO,322.58,161.25,2026-10-08
ABREL,11370.62,1018.0,2026-10-08
ABSLAMC,29077.64,1004.9,2026-10-08
ACC,21221.84,1130.1,2026-10-08
ACCELYA,1633.53,1094.4,2026-10-08
ACCURACY,62.03,4.1,2026-10-08
ACE,14049.44,1179.8,2026-10-08
ACEINTEG,16.78,16.45,2026-10-08
ACEVECTOR,1584.67,29.1,2026-10-08
ACGL,1029.04,1690.1,2026-10-08
ACI,5706.25,462.2,2026-10-08
ACL,359.19,38.95,2026-10-08
ACMESOLAR,29717.0,420.4,2026-10-08
ACSTECH,435.88,71.85,2026-10-08
ACUTAAS,25025.55,3056.7,2026-10-08
ADANIENSOL,153052.75,1251.5,2026-10-08
ADANIENT,351350.47,2596.0,2026-10-08
ADANIGREEN,203541.56,1235.7,2026-10-08
ADANIPORTS,393516.21,1708.0,2026-10-08
ADANIPOWER,362552.26,188.0,2026-10-08
ADDIND,78.23,72.45,2026-10-08
ADFFOODS,3167.37,288.3,2026-10-08
ADL,40.99,73.65,2026-10-08
ADOR,2586.23,1486.1,2026-10-08
ADROITIND,951.95,212.45,2026-10-08
ADROITINFO,63.15,11.55,2026-10-08
ADSL,557.56,98.4,2026-10-08
ADVAIT,2049.47,1871.6,2026-10-08
ADVANCE,731.89,113.85,2026-10-08
ADVANIHOTR,436.59,47.25,2026-10-08
ADVENTHTL,638.95,118.45,2026-10-08
ADVENZYMES,2944.39,264.9,2026-10-08
ADVIKCA,59.64,1.0,2026-10-08
AEGISLOG,48518.73,1382.3,2026-10-08
AEGISVOPAK,31599.92,285.2,2026-10-08
AEPL,372.79,14.85,2026-10-08
AEQUS,17973.84,268.0,2026-10-08
AEROENTER,1419.64,125.45,2026-10-08
AEROFLEX,7000.3,529.0,2026-10-08
AERONEU,176.44,68.4,2026-10-08
AEROPLANE,2237.65,216.1,2026-10-08
AETHER,23149.06,1744.1,2026-10-08
AFCONS,8904.43,242.1,2026-10-08
AFFLE,19742.84,1401.4,2026-10-08
AFFORDABLE,187.58,158.3,2026-10-08
AFIL,333.33,7.6,2026-10-08
AFSL,1021.88,201.0,2026-10-08
AGARIND,552.17,369.15,2026-10-08
AGARWALEYE,14931.93,471.0,2026-10-08
AGASTYAEN,387.24,64.15,2026-10-08
AGI,5063.22,782.6,2026-10-08
AGIIL,3125.56,250.05,2026-10-08
AGL,1194.08,12.15,2026-10-08
AGRITECH,55.24,93.0,2026-10-08
AGROPHOS,44.38,21.9,2026-10-08
AHCL,1423.4,26.8,2026-10-08
AHLADA,47.52,36.8,2026-10-08
AHLEAST,229.6,132.8,2026-10-08
AHLUCONT,3711.45,554.05,2026-10-08
AHLWEST,640.82,550.0,2026-10-08
AIAENG,34928.88,3742.9,2026-10-08
AIIL,46715.89,550.1,2026-10-08
AIRAN,186.9,14.95,2026-10-08
AIROLAM,129.8,86.5,2026-10-08
AJANTPHARM,42930.92,3435.6,2026-10-08
AJAXENGG,6535.49,571.25,2026-10-08
AJMERA,2278.3,115.75,2026-10-08
AJOONI,51.85,3.0,2026-10-08
AKASH,41.23,24.45,2026-10-08
AKCAPIT,1140.74,1728.4,2026-10-08
AKG,29.87,9.4,2026-10-08
AKI,63.27,6.15,2026-10-08
AKSHAR,33.07,0.4,2026-10-08
AKSHARCHEM,295.5,367.85,2026-10-08
AKSHOPTFBR,120.23,7.4,2026-10-08
AKUMS,12382.19,786.7,2026-10-08
ALANKIT,206.08,7.6,2026-10-08
ALBERTDAVD,453.09,793.9,2026-10-08
ALEMBICLTD,2560.63,99.7,2026-10-08
ALFREDHE,211.37,2740.0,2026-10-08
ALGOQUANT,1897.4,67.5,2026-10-08
ALICON,1409.78,859.0,2026-10-08
ALIVUS,16417.0,1337.2,2026-10-08
ALKALI,90.78,89.15,2026-10-08
ALKEM,62765.65,5249.5,2026-10-08
ALKYLAMINE,9346.31,1827.3,2026-10-08
ALLCARGO,1496.28,10.0,2026-10-08
ALLDIGI,1192.78,782.75,2026-10-08
ALLTIME,1149.2,175.45,2026-10-08
ALMONDZ,329.34,18.85,2026-10-08
ALOKINDS,4468.72,9.0,2026-10-08
ALPA,118.63,56.4,2026-10-08
ALPHAGEO,159.56,250.7,2026-10-08
ALPINETEX,172.53,45.1,2026-10-08
ALUFLUOR,504.42,645.0,2026-10-08
AMAGI,12225.11,555.3,2026-10-08
AMAL,957.86,774.8,2026-10-08
AMANTA,764.01,196.75,2026-10-08
AMARJOTHI,99.43,147.3,2026-10-08
AMBALALSA,308.6,40.25,2026-10-08
AMBER,23118.02,6555.0,2026-10-08
AMBICAAGAR,40.04,23.3,2026-10-08
AMBIKCO,849.19,1483.3,2026-10-08
AMBUJACEM,84732.27,341.0,2026-10-08
AMDIND,97.06,50.65,2026-10-08
AMJLAND,150.31,36.65,2026-10-08
AMNPLST,912.62,165.85,2026-10-08
AMRUTANJAN,1454.35,503.05,2026-10-08
ANANDRATHI,35514.57,2138.9,2026-10-08
ANANTRAJ,20962.83,582.5,2026-10-08
ANDHRAPAP,1341.24,67.45,2026-10-08
ANDHRSUGAR,1217.51,89.85,2026-10-08
ANDREWYU,1188.15,24.3,2026-10-08
ANGELONE,26964.08,295.0,2026-10-08
ANIKINDS,117.12,42.2,2026-10-08
ANMOL,72.11,12.65,2026-10-08
ANNAPURNA,270.57,124.0,2026-10-08
ANNU,303.43,46.35,2026-10-08
ANSALBU,60.86,82.4,2026-10-08
ANTELOPUS,3894.93,1105.8,2026-10-08
ANTGRAPHIC,10.7,0.7,2026-10-08
ANTHEM,49170.64,872.55,2026-10-08
ANUHPHR,819.73,81.8,2026-10-08
ANUP,3001.11,1498.2,2026-10-08
ANURAS,12497.3,1097.7,2026-10-08
AONESTEELS,3220.3,416.95,2026-10-08
APARINDS,74599.76,17816.0,2026-10-08
APCL,272.8,92.85,2026-10-08
APCOTEXIND,2990.94,576.9,2026-10-08
APEX,1033.12,330.6,2026-10-08
APLAPOLLO,56642.31,2040.0,2026-10-08
APLLTD,15734.88,800.5,2026-10-08
APOLLO,14683.75,395.15,2026-10-08
APOLLOHOSP,110225.32,7666.0,2026-10-08
APOLLOPIPE,2232.8,506.9,2026-10-08
APOLLOTYRE,25512.01,401.7,2026-10-08
APOLSINHOT,301.41,1159.1,2026-10-08
APOORVA,65.7,32.9,2026-10-08
APTECHT,493.31,85.05,2026-10-08
APTUS,10864.01,216.9,2026-10-08
AQYLON,400.13,15.75,2026-10-08
ARCHIDPLY,200.64,101.0,2026-10-08
ARCHIES,40.57,12.0,2026-10-08
ARCIL,5074.24,156.2,2026-10-08
ARCL,177.5,221.85,2026-10-08
ARDEE,1543.22,48.95,2026-10-08
ARE&M,13183.32,720.3,2026-10-08
ARENTERP,10.22,32.85,2026-10-08
ARFIN,1814.1,107.5,2026-10-08
ARIES,614.72,472.7,2026-10-08
ARIHANT,936.52,939.75,2026-10-08
ARIHANTCAP,1048.12,95.6,2026-10-08
ARIHANTSUP,949.38,219.5,2026-10-08
ARIS,1115.83,136.4,2026-10-08
ARKADE,2184.7,117.65,2026-10-08
ARMANFIN,1796.99,1703.9,2026-10-08
ARMEE,813.59,256.4,2026-10-08
AROGRANITE,34.82,22.75,2026-10-08
ARROWGREEN,1278.63,847.45,2026-10-08
ARSSBL,3390.13,537.55,2026-10-08
ARTEMISMED,4882.96,308.45,2026-10-08
ARTNIRMAN,94.83,38.0,2026-10-08
ARVEE,233.71,212.1,2026-10-08
ARVIND,13887.67,510.5,2026-10-08
ARVINDFASN,5241.29,392.1,2026-10-08
ARVSMART,2794.05,608.5,2026-10-08
ARYAMAN,747.07,610.0,2026-10-08
ASAHIINDIA,23932.56,938.8,2026-10-08
ASAHISONG,429.17,364.1,2026-10-08
ASAL,627.52,395.55,2026-10-08
ASALCBR,1150.94,573.2,2026-10-08
ASHAPURMIN,4483.52,469.35,2026-10-08
ASHIANA,3742.04,372.25,2026-10-08
ASHIKAG,1710.95,382.55,2026-10-08
ASHIMASYN,269.86,14.1,2026-10-08
ASHOKA,2846.53,101.4,2026-10-08
ASHOKAMET,36.49,14.6,2026-10-08
ASHOKLEY,85182.64,145.0,2026-10-08
ASIANENE,2235.81,459.45,2026-10-08
ASIANHOTNR,1404.76,329.5,2026-10-08
ASIANPAINT,221728.16,2311.6,2026-10-08
ASIANTILES,1061.92,45.8,2026-10-08
ASIANTNE,20.48,8.2,2026-10-08
ASKAUTOLTD,11722.1,594.6,2026-10-08
ASMS,176.96,5.8,2026-10-08
ASPINWALL,188.83,241.5,2026-10-08
ASSAMENT,113.68,789.55,2026-10-08
ASTAR,1027.0,641.6,2026-10-08
ASTEC,1592.66,714.75,2026-10-08
ASTERDM,59025.3,677.15,2026-10-08
ASTRAL,37839.38,1408.5,2026-10-08
ASTRAMICRO,15483.63,1630.8,2026-10-08
ASTRAZEN,14298.75,5719.5,2026-10-08
ATALREAL,144.09,11.65,2026-10-08
ATAM,62.94,54.9,2026-10-08
ATGL,61831.32,562.2,2026-10-08
ATHERENERG,55694.36,1406.0,2026-10-08
ATL,634.69,25.2,2026-10-08
ATLANTAA,286.47,35.15,2026-10-08
ATLANTAELE,13892.14,1806.6,2026-10-08
ATLASCYCLE,59.53,91.55,2026-10-08
ATUL,17438.35,5923.0,2026-10-08
ATULAUTO,1138.77,410.35,2026-10-08
AUBANK,73221.5,975.0,2026-10-08
AUGMONT,11641.9,1274.1,2026-10-08
AURIONPRO,3296.63,596.55,2026-10-08
AUROPHARMA,94649.66,1645.0,2026-10-08
AURUM,1737.77,227.4,2026-10-08
AURUS,12.65,4.3,2026-10-08
AUSOMENT,195.21,143.3,2026-10-08
AUSTENG,52.65,151.4,2026-10-08
AUTOAXLES,2431.21,1608.8,2026-10-08
AUTOIND,363.28,80.05,2026-10-08
AVADHSUGAR,1880.83,939.55,2026-10-08
AVALON,15396.31,2302.0,2026-10-08
AVANCE,154.59,0.8,2026-10-08
AVANTEL,3861.99,145.3,2026-10-08
AVANTIFEED,9518.8,698.65,2026-10-08
AVG,303.03,162.0,2026-10-08
AVL,7805.75,604.45,2026-10-08
AVONMORE,350.76,12.45,2026-10-08
AVROIND,78.76,5.85,2026-10-08
AVTNPL,1301.27,85.45,2026-10-08
AWFIS,1704.06,238.1,2026-10-08
AWHCL,962.86,339.25,2026-10-08
AWL,23759.42,182.8,2026-10-08
AXISBANK,387639.92,1245.0,2026-10-08
AXISCADES,8836.76,2077.6,2026-10-08
AXITA,283.6,7.4,2026-10-08
AXTEL,699.18,432.8,2026-10-08
AYE,3968.07,160.8,2026-10-08
AYMSYNTEX,1597.56,271.75,2026-10-08
AZAD,18623.44,2883.7,2026-10-08
AZADIND,449.48,82.55,2026-10-08
BAFNAPH,969.55,409.85,2026-10-08
BAGFILMS,88.62,4.05,2026-10-08
BAIDFIN,157.52,10.15,2026-10-08
BAJAJ-AUTO,264828.46,9637.0,2026-10-08
BAJAJCON,6389.2,489.15,2026-10-08
BAJAJELEC,3347.86,290.05,2026-10-08
BAJAJFINSV,273632.08,1708.0,2026-10-08
BAJAJHCARE,1059.95,314.85,2026-10-08
BAJAJHFL,68441.8,82.15,2026-10-08
BAJAJHIND,4790.89,20.05,2026-10-08
BAJAJHLDNG,117971.12,10600.0,2026-10-08
BAJAJINDEF,637.57,199.25,2026-10-08
BAJAJST,674.54,324.3,2026-10-08
BAJEL,1812.16,156.65,2026-10-08
BAJFINANCE,595170.1,955.95,2026-10-08
BALAJEE,193.89,23.75,2026-10-08
BALAJITELE,1049.33,86.1,2026-10-08
BALAMINES,6757.23,2085.5,2026-10-08
BALAXI,121.95,22.1,2026-10-08
BALKRISHNA,50.68,15.75,2026-10-08
BALKRISIND,38603.51,1996.9,2026-10-08
BALMLAWRIE,2669.03,156.1,2026-10-08
BALPHARMA,153.17,96.2,2026-10-08
BALRAMCHIN,14588.59,689.45,2026-10-08
BALUFORGE,5941.53,489.45,2026-10-08
BANARBEADS,72.76,110.3,2026-10-08
BANARISUG,4138.1,3300.0,2026-10-08
BANCOINDIA,8423.47,588.9,2026-10-08
BANDHANBNK,25059.79,155.55,2026-10-08
BANG,45.7,33.7,2026-10-08
BANKA,74.72,68.35,2026-10-08
BANKBARODA,121009.87,234.0,2026-10-08
BANKINDIA,60254.56,132.35,2026-10-08
BANSALWIRE,4903.33,313.2,2026-10-08
BANSWRAS,349.71,102.15,2026-10-08
BASF,14486.84,3346.8,2026-10-08
BASML,165.76,20.75,2026-10-08
BATAINDIA,7754.71,603.35,2026-10-08
BATLIBOI,442.95,94.0,2026-10-08
BAYERCROP,15197.62,3381.6,2026-10-08
BBL,2345.74,2075.3,2026-10-08
BBOX,15212.26,856.55,2026-10-08
BBTC,8544.27,1224.6,2026-10-08
BBTCL,462.61,225.55,2026-10-08
BCG,1814.11,9.0,2026-10-08
BCLIND,881.95,29.9,2026-10-08
BCONCEPTS,177.83,142.45,2026-10-08
BCPL,108.55,64.9,2026-10-08
BDL,38507.39,1050.5,2026-10-08
BEARDSELL,85.85,21.75,2026-10-08
BECTORFOOD,6312.95,205.65,2026-10-08
BEDMUTHA,350.06,108.5,2026-10-08
BEEKAY,803.03,421.05,2026-10-08
BEL,268488.18,367.3,2026-10-08
BELLACASA,329.69,246.25,2026-10-08
BELRISE,22708.73,234.8,2026-10-08
BEML,15918.19,1911.2,2026-10-08
BENARAS,1326.0,10200.0,2026-10-08
BENGALASM,6730.01,5901.5,2026-10-08
BEPL,3071.91,123.45,2026-10-08
BERGEPAINT,54563.1,467.95,2026-10-08
BESTAGRO,598.68,16.9,2026-10-08
BETA,2110.81,1898.0,2026-10-08
BFINVEST,1604.64,426.0,2026-10-08
BFUTILITIE,1774.33,471.05,2026-10-08
BGRENERGY,1872.3,259.45,2026-10-08
BHAGCHEM,2889.93,222.85,2026-10-08
BHAGERIA,1601.74,367.0,2026-10-08
BHAGYANGR,138.68,41.4,2026-10-08
BHANDARI,91.9,2.75,2026-10-08
BHARATCOAL,14581.07,31.3,2026-10-08
BHARATFORG,87501.37,1790.6,2026-10-08
BHARATGEAR,162.35,105.75,2026-10-08
BHARATRAS,1606.93,966.8,2026-10-08
BHARATSE,1261.28,200.85,2026-10-08
BHARATWIRE,1139.94,165.75,2026-10-08
BHARTIARTL,1126160.82,1804.6,2026-10-08
BHARTIHEXA,75035.0,1500.7,2026-10-08
BHEL,149589.44,429.6,2026-10-08
BI,218.66,92.85,2026-10-08
BIGBLOC,490.28,34.65,2026-10-08
BIKAJI,11750.76,468.65,2026-10-08
BIL,1406.15,1048.55,2026-10-08
BILVYAPAR,13.02,4.15,2026-10-08
BIMETAL,244.04,638.0,2026-10-08
BIOCON,57039.29,350.0,2026-10-08
BIOFILCHEM,48.04,29.5,2026-10-08
BIRLACABLE,1100.7,366.9,2026-10-08
BIRLACORPN,6120.77,794.85,2026-10-08
BIRLAMONEY,639.35,113.15,2026-10-08
BIRLANU,968.78,1284.7,2026-10-08
BIRLAPREC,384.13,56.15,2026-10-08
BLACKBUCK,10704.14,587.6,2026-10-08
BLACKROSE,547.08,107.25,2026-10-08
BLAL,650.32,156.15,2026-10-08
BLBLIMITED,88.23,16.7,2026-10-08
BLEL,2059.92,486.95,2026-10-08
BLIL,1441.05,64.9,2026-10-08
BLISSGVS,7096.0,667.7,2026-10-08
BLKASHYAP,1175.44,52.15,2026-10-08
BLS,8855.72,215.1,2026-10-08
BLSE,2862.89,157.55,2026-10-08
BLUECLOUDS,1842.47,19.95,2026-10-08
BLUECOAST,40.6,20.65,2026-10-08
BLUEDART,10812.82,4557.0,2026-10-08
BLUEJET,9814.89,518.55,2026-10-08
BLUESTARCO,31232.89,1519.0,2026-10-08
BLUESTONE,12210.84,799.25,2026-10-08
BLUSPRING,2030.09,135.8,2026-10-08
BMWVENTLTD,431.15,49.7,2026-10-08
BNAGROCHEM,1949.49,199.4,2026-10-08
BNALTD,112.53,363.0,2026-10-08
BODALCHEM,2203.39,174.95,2026-10-08
BOHRAIND,30.13,14.25,2026-10-08
BOMDYEING,2018.47,97.75,2026-10-08
BONLON,64.44,39.35,2026-10-08
BORANA,692.24,259.8,2026-10-08
BOROLTD,3218.7,269.15,2026-10-08
BORORENEW,6046.87,430.1,2026-10-08
BOROSCI,961.65,108.1,2026-10-08
BOSCH-HCIL,5285.36,1943.8,2026-10-08
BOSCHLTD,127290.42,43155.0,2026-10-08
BPCL,124189.72,286.25,2026-10-08
BPL,208.15,42.5,2026-10-08
BPLPHARMA,1304.51,1892.8,2026-10-08
BRAHMINFRA,407.68,140.5,2026-10-08
BRIGADE,17852.91,547.2,2026-10-08
BRIGHOTEL,2111.92,55.6,2026-10-08
BRIGHTBR,129.51,228.0,2026-10-08
BRITANNIA,114306.46,4745.6,2026-10-08
BRNL,130.96,15.6,2026-10-08
BROOKS,204.61,69.45,2026-10-08
BSE,136021.18,3334.8,2026-10-08
BSHSL,822.29,78.35,2026-10-08
BSL,123.06,119.55,2026-10-08
BSOFT,7601.35,271.8,2026-10-08
BTML,125.01,6.9,2026-10-08
BTTL,227.66,39.0,2026-10-08
BUILDPRO,3033.59,250.2,2026-10-08
BURNPUR,23.53,13.65,2026-10-08
BUTTERFLY,962.46,538.3,2026-10-08
BVCL,91.19,41.15,2026-10-08
BYKE,154.22,29.5,2026-10-08
CALSOFT,120.0,34.25,2026-10-08
CAMLINFINE,1706.59,88.85,2026-10-08
CAMPUS,6083.03,199.0,2026-10-08
CAMS,16457.72,662.5,2026-10-08
CANBK,106444.09,117.35,2026-10-08
CANFINHOME,9637.06,723.75,2026-10-08
CANHLIFE,13828.2,145.55,2026-10-08
CANTABIL,1946.76,232.75,2026-10-08
CAPACITE,1499.1,177.2,2026-10-08
CAPILLARY,4407.62,553.8,2026-10-08
CAPITALSFB,1222.79,268.95,2026-10-08
CAPLIPOINT,19373.86,2548.8,2026-10-08
CAPTRUST,78.52,23.1,2026-10-08
CARBORUNIV,23039.72,1209.4,2026-10-08
CARERATING,4645.16,1542.3,2026-10-08
CARRARO,2898.29,509.8,2026-10-08
CARTRADE,13796.42,2837.9,2026-10-08
CARYSIL,2877.82,1011.8,2026-10-08
CASTROLIND,19394.71,196.1,2026-10-08
CCAVENUE,5239.57,15.0,2026-10-08
CCCL,571.41,12.8,2026-10-08
CCHHL,201.06,12.3,2026-10-08
CCL,14028.44,1050.6,2026-10-08
CDSL,26292.2,1258.0,2026-10-08
CEATLTD,13050.01,3226.2,2026-10-08
CEIGALL,6517.0,374.1,2026-10-08
CEINSYS,1395.39,666.45,2026-10-08
CELEBRITY,38.73,6.0,2026-10-08
CELLO,8473.47,375.7,2026-10-08
CEMPRO,19597.53,1140.8,2026-10-08
CENTENKA,1213.91,555.55,2026-10-08
CENTEXT,148.8,18.6,2026-10-08
CENTEXT-RE,8.84,2.95,2026-10-08
CENTRALBK,27145.15,30.0,2026-10-08
CENTRUM,946.4,19.45,2026-10-08
CENTUM,6114.57,4142.1,2026-10-08
CENTURYPLY,14660.08,659.85,2026-10-08
CERA,6383.64,4949.5,2026-10-08
CESC,17064.07,128.75,2026-10-08
CEWATER,527.34,254.8,2026-10-08
CFEL,110.09,44.0,2026-10-08
CGCL,23239.87,241.55,2026-10-08
CGPOWER,135811.67,862.05,2026-10-08
CGVAK,69.56,137.75,2026-10-08
CHALET,18079.06,825.55,2026-10-08
CHAMBLFERT,15170.7,378.65,2026-10-08
CHEMBOND,244.44,181.75,2026-10-08
CHEMBONDCH,589.87,219.3,2026-10-08
CHEMCON,788.0,215.1,2026-10-08
CHEMCRUX,127.4,86.05,2026-10-08
CHEMFAB,470.88,327.6,2026-10-08
CHEMPLASTS,3357.93,212.4,2026-10-08
CHENNPETRO,22798.34,1531.0,2026-10-08
CHEVIOT,664.81,1138.0,2026-10-08
CHOICEIN,15831.61,710.65,2026-10-08
CHOLAFIN,131905.56,1544.0,2026-10-08
CHOLAHLDNG,25733.02,1370.4,2026-10-08
CIEINDIA,14099.0,371.65,2026-10-08
CIFL,788.76,20.15,2026-10-08
CINELINE,310.97,90.75,2026-10-08
CINEVISTA,83.86,14.6,2026-10-08
CIPLA,105570.94,1306.8,2026-10-08
CLEAN,8468.72,796.8,2026-10-08
CLEANMAX,15849.18,1348.3,2026-10-08
CLEDUCATE,270.6,49.85,2026-10-08
CLSEL,1438.31,289.25,2026-10-08
CMLL,3367.83,515.15,2026-10-08
CMPDI,14754.81,206.65,2026-10-08
CMRGREEN,4758.32,217.2,2026-10-08
CMSINFO,3430.96,214.35,2026-10-08
CNL,1592.07,1060.2,2026-10-08
COALINDIA,252271.28,409.35,2026-10-08
COASTCORP,229.4,34.25,2026-10-08
COCHINSHIP,31569.69,1200.0,2026-10-08
COCKERILL,3815.69,7727.5,2026-10-08
COFFEEDAY,644.95,30.55,2026-10-08
COFORGE,80369.51,1814.3,2026-10-08
COHANCE,16926.11,442.4,2026-10-08
COLPAL,47208.55,1735.7,2026-10-08
COMFINTE,199.32,6.25,2026-10-08
COMPEAU,232.02,362.0,2026-10-08
COMPUSOFT,102.07,12.9,2026-10-08
COMSYN,1034.7,256.5,2026-10-08
CONCOR,33054.22,434.0,2026-10-08
CONCORDBIO,13922.32,1330.8,2026-10-08
CONFIPET,2820.73,84.9,2026-10-08
CONSOFINVT,911.77,282.05,2026-10-08
CONTROLPR,981.08,613.4,2026-10-08
CORALFINAC,121.95,30.25,2026-10-08
CORDELIA,7449.4,102.9,2026-10-08
CORDSCABLE,389.51,301.3,2026-10-08
COROMANDEL,49384.34,1673.7,2026-10-08
CORONA,12192.26,1993.5,2026-10-08
COSMOFIRST,2133.32,812.7,2026-10-08
COUNCODOS,48.96,6.3,2026-10-08
CPCAP,276.84,152.15,2026-10-08
CPEDU,325.33,178.8,2026-10-08
CPL,361.43,60.05,2026-10-08
CPPLUS,46991.3,3972.2,2026-10-08
CRAFTSMAN,26253.82,10038.0,2026-10-08
CRAMC,4402.94,220.8,2026-10-08
CRAVATEX,89.06,344.65,2026-10-08
CREATIVEYE,12.03,6.0,2026-10-08
CREDITACC,20275.61,1263.4,2026-10-08
CREST,1000.86,351.8,2026-10-08
CRESTO,27.67,20.0,2026-10-08
CRISIL,32206.46,4404.0,2026-10-08
CRIZAC,2799.2,159.95,2026-10-08
CROMPTON,13157.76,204.35,2026-10-08
CROWN,125.3,108.1,2026-10-08
CSBBANK,5234.93,301.75,2026-10-08
CSLFINANCE,461.42,202.55,2026-10-08
CSM,466.24,90.35,2026-10-08
CTE,71.67,36.5,2026-10-08
CUB,21804.25,220.05,2026-10-08
CUBEXTUB,236.65,165.25,2026-10-08
CUMMINSIND,131417.75,4740.9,2026-10-08
CUPID,47957.32,356.65,2026-10-08
CURAA,68.69,69.4,2026-10-08
CYBERMEDIA,36.73,17.8,2026-10-08
CYBERTECH,401.78,132.25,2026-10-08
CYIENT,11362.56,1084.7,2026-10-08
CYIENTDLM,7789.89,981.3,2026-10-08
DABUR,66842.7,376.8,2026-10-08
DAICHI,239.89,321.95,2026-10-08
DALBHARAT,29877.38,1592.9,2026-10-08
DALMIASUG,3471.89,428.95,2026-10-08
DAMCAPITAL,999.36,141.4,2026-10-08
DAMODARIND,61.93,26.6,2026-10-08
DANGEE,48.19,3.15,2026-10-08
DATAMATICS,4402.24,744.8,2026-10-08
DATAPATTNS,22937.19,4097.1,2026-10-08
DAVANGERE,326.04,2.3,2026-10-08
DBCORP,2983.81,167.4,2026-10-08
DBEIL,297.65,6.4,2026-10-08
DBL,6455.56,397.4,2026-10-08
DBOL,932.28,140.45,2026-10-08
DBREALTY,4595.27,84.7,2026-10-08
DBSTOCKBRO,111.68,31.9,2026-10-08
DCAL,2299.38,146.65,2026-10-08
DCBBANK,6332.75,196.55,2026-10-08
DCI,566.13,345.2,2026-10-08
DCM,130.45,69.85,2026-10-08
DCMFINSERV,9.17,4.9,2026-10-08
DCMNVL,313.67,167.95,2026-10-08
DCMSHRIRAM,14904.18,955.75,2026-10-08
DCMSIL,658.7,75.7,2026-10-08
DCMSRIND,334.22,38.4,2026-10-08
DCW,1307.54,44.3,2026-10-08
DCXINDIA,1709.89,153.5,2026-10-08
DDEVPLSTIK,2526.38,244.15,2026-10-08
DECCANCE,746.53,532.95,2026-10-08
DECNGOLD,3783.09,191.15,2026-10-08
DEEDEV,4579.07,608.6,2026-10-08
DEEP,95.1,39.35,2026-10-08
DEEPA,2237.77,232.8,2026-10-08
DEEPAKFERT,17549.58,1390.2,2026-10-08
DEEPAKNTR,21606.02,1584.1,2026-10-08
DEEPINDS,4976.64,777.6,2026-10-08
DELHIVERY,29746.99,397.0,2026-10-08
DELPHIFX,182.72,7.45,2026-10-08
DELTACORP,2097.18,78.3,2026-10-08
DELTAMAGNT,61.45,56.65,2026-10-08
DEN,1197.83,25.1,2026-10-08
DENORA,380.81,717.35,2026-10-08
DENTA,690.73,258.7,2026-10-08
DEVIT,109.74,19.45,2026-10-08
DEVX,369.25,39.0,2026-10-08
DEVYANI,15193.52,123.25,2026-10-08
DGCONTENT,137.79,23.7,2026-10-08
DHABRIYA,526.0,485.95,2026-10-08
DHAMPURSUG,1176.23,182.9,2026-10-08
DHANBANK,1288.69,32.65,2026-10-08
DHANUKA,3982.4,893.35,2026-10-08
DHARMAJ,889.21,263.1,2026-10-08
DHATRE,42.38,3.9,2026-10-08
DHOOTTRANS,29463.1,1440.4,2026-10-08
DHRUV,39.72,20.95,2026-10-08
DHUNINV,569.08,933.35,2026-10-08
DIACABS,22242.26,371.9,2026-10-08
DIAMINESQ,237.04,235.75,2026-10-08
DIAMONDYD,2499.96,1044.7,2026-10-08
DICIND,551.43,600.75,2026-10-08
DIFFNKG,1599.04,427.25,2026-10-08
DIGIDRIVE,67.52,17.5,2026-10-08
DIGISPICE,352.48,15.0,2026-10-08
DIGITIDE,1068.87,71.65,2026-10-08
DIGJAMLMTD,95.1,47.55,2026-10-08
DISAQ,1651.83,11359.0,2026-10-08
DISHTV,373.77,2.05,2026-10-08
DIVGIITTS,3136.58,1025.6,2026-10-08
DIVISLAB,248505.14,9361.0,2026-10-08
DIXON,77380.79,12650.0,2026-10-08
DJML,248.79,71.75,2026-10-08
DLF,157665.19,636.95,2026-10-08
DLINKINDIA,1443.98,406.7,2026-10-08
DMART,233830.18,3585.0,2026-10-08
DMCC,840.73,337.1,2026-10-08
DNAMEDIA,28.72,2.45,2026-10-08
DODLA,6017.7,997.5,2026-10-08
DOLATALGO,1051.07,59.7,2026-10-08
DOLLAR,1585.5,279.55,2026-10-08
DOLLEX,148.65,37.2,2026-10-08
DOLPHIN,2480.48,620.05,2026-10-08
DOMS,12486.02,2057.4,2026-10-08
DONEAR,415.74,79.95,2026-10-08
DPABHUSHAN,5156.6,2258.9,2026-10-08
DPSCLTD,620.3,6.35,2026-10-08
DPWIRES,334.25,215.65,2026-10-08
DRAGARWQ,2493.98,5160.5,2026-10-08
DRCSYSTEMS,181.11,12.55,2026-10-08
DREAMFOLKS,316.48,59.4,2026-10-08
DREDGECORP,2534.14,905.05,2026-10-08
DRREDDY,98492.27,1180.0,2026-10-08
DSFCL,250.19,28.75,2026-10-08
DSKULKARNI,28.21,28.2,2026-10-08
DSSL,1312.05,1030.1,2026-10-08
DTIL,158.83,151.15,2026-10-08
DUCON,82.78,1.45,2026-10-08
DVL,946.54,270.25,2026-10-08
DWARKESH,815.33,44.0,2026-10-08
DYCL,2054.16,423.9,2026-10-08
DYNAMATECH,9094.42,13391.0,2026-10-08
DYNPRO,277.44,223.25,2026-10-08
E2E,14680.42,714.15,2026-10-08
EASEMYTRIP,2303.13,5.8,2026-10-08
EASTSILK,34.88,69.75,2026-10-08
EASTWEST,29.6,2.3,2026-10-08
EBGNG,7891.31,692.15,2026-10-08
EBIX,360.44,16.8,2026-10-08
ECLERX,17369.29,1846.8,2026-10-08
ECORECO,794.93,411.95,2026-10-08
ECOSMOBLTY,644.58,107.45,2026-10-08
EDELWEISS,12088.28,127.7,2026-10-08
EFCIL,2471.74,167.05,2026-10-08
EICHERMOT,185782.56,6767.5,2026-10-08
EIDPARRY,12050.27,677.15,2026-10-08
EIEL,3176.39,180.95,2026-10-08
EIFFL,649.39,261.85,2026-10-08
EIHAHOTELS,1773.55,291.05,2026-10-08
EIHOTEL,18210.6,291.2,2026-10-08
EIMCOELECO,1288.77,2234.2,2026-10-08
EKC,1140.82,101.65,2026-10-08
EKI,227.5,82.15,2026-10-08
ELANTAS,10779.27,13597.0,2026-10-08
ELCIDIN,1985.2,99260.0,2026-10-08
ELDEHSG,750.21,762.95,2026-10-08
ELECON,9356.36,416.95,2026-10-08
ELECTCAST,4590.64,74.25,2026-10-08
ELECTHERM,871.29,683.75,2026-10-08
ELEVATE,5559.0,329.85,2026-10-08
ELGIEQUIP,18349.03,579.0,2026-10-08
ELGIRUBCO,271.47,54.25,2026-10-08
ELIN,375.6,75.55,2026-10-08
ELITECON,1150.92,7.2,2026-10-08
ELLEN,4938.38,350.4,2026-10-08
ELPROINTL,2957.92,174.55,2026-10-08
EMAMILTD,16030.46,367.25,2026-10-08
EMAMIPAP,684.61,113.15,2026-10-08
EMAMIREAL,352.58,67.75,2026-10-08
EMBDL,7823.7,56.25,2026-10-08
EMCURE,35124.93,1851.5,2026-10-08
EMIL,7437.58,193.3,2026-10-08
EMKAY,727.35,265.65,2026-10-08
EMMBI,164.16,85.3,2026-10-08
EMMVEE,20908.82,302.0,2026-10-08
EMPIND,613.02,1021.7,2026-10-08
EMPOWER,212.98,1.85,2026-10-08
EMSLIMITED,1786.43,321.7,2026-10-08
EMUDHRA,4719.44,569.9,2026-10-08
ENDURANCE,34230.3,2433.5,2026-10-08
ENERGYDEV,67.17,14.15,2026-10-08
ENGINERSIN,16243.02,289.0,2026-10-08
ENIL,436.23,91.5,2026-10-08
ENKEIWHEL,701.2,390.1,2026-10-08
ENRIN,113246.32,3180.0,2026-10-08
ENTERO,7350.18,1688.8,2026-10-08
EPACK,1590.11,165.15,2026-10-08
EPACKPEB,2579.47,256.35,2026-10-08
EPIGRAL,4366.77,1012.2,2026-10-08
EPL,7433.57,232.05,2026-10-08
EQUIPPP,219.7,21.3,2026-10-08
EQUITASBNK,7601.58,66.45,2026-10-08
ERIS,16007.76,1155.1,2026-10-08
ESABINDIA,8251.43,5360.5,2026-10-08
ESAFSFB,2176.43,42.15,2026-10-08
ESCORTS,31030.41,2773.6,2026-10-08
ESDS,16724.83,1426.9,2026-10-08
ESSARSHPNG,332.4,16.05,2026-10-08
ESSENTIA,175.53,1.0,2026-10-08
ESTER,987.36,94.65,2026-10-08
ETERNAL,307894.44,319.05,2026-10-08
ETHOSLTD,6957.8,2600.3,2026-10-08
EUREKAFORB,6575.83,339.75,2026-10-08
EUROBOND,329.62,134.55,2026-10-08
EUROPRATIK,1778.08,174.0,2026-10-08
EUROTEXIND,13.4,15.3,2026-10-08
EVEREADY,2315.82,318.6,2026-10-08
EVERESTIND,761.55,480.3,2026-10-08
EXCELINDUS,1154.87,918.7,2026-10-08
EXCELSOFT,932.07,81.0,2026-10-08
EXICOM,2046.28,147.15,2026-10-08
EXIDEIND,33566.5,394.9,2026-10-08
EXPLEOSOL,1321.97,851.8,2026-10-08
EXXARO,273.82,6.1,2026-10-08
FABTECH,617.78,139.0,2026-10-08
FACT,46443.59,717.75,2026-10-08
FAIRCHEMOR,908.04,720.9,2026-10-08
FAZE3Q,1043.19,424.1,2026-10-08
FCL,6520.04,56.0,2026-10-08
FCSSOFT,234.21,1.35,2026-10-08
FDC,5275.86,324.05,2026-10-08
FEDDERSHOL,1243.95,61.75,2026-10-08
FEDERALBNK,79401.85,321.0,2026-10-08
FEDFINA,5451.19,145.3,2026-10-08
FERMENTA,1588.1,539.6,2026-10-08
FIBERWEB,73.79,25.65,2026-10-08
FIEMIND,4596.99,1746.6,2026-10-08
FILATEX,4873.1,109.75,2026-10-08
FILATFASH,150.01,0.2,2026-10-08
FINCABLES,21445.15,1402.2,2026-10-08
FINEORG,16496.6,5380.5,2026-10-08
FINKURVE,944.71,67.4,2026-10-08
FINOPB,1211.08,145.55,2026-10-08
FINPIPE,9292.26,149.75,2026-10-08
FIRSTCRY,8800.36,168.55,2026-10-08
FISCHER,2091.83,31.95,2026-10-08
FIVESTAR,14824.73,502.2,2026-10-08
FLAIR,2365.49,224.45,2026-10-08
FLEXITUFF,10.67,3.25,2026-10-08
FLUOROCHEM,48774.5,4440.1,2026-10-08
FMGOETZE,2419.16,434.85,2026-10-08
FMNL,51.87,8.15,2026-10-08
FOCUS,370.68,54.95,2026-10-08
FOODSIN,350.67,47.7,2026-10-08
FORCEMOT,21764.97,16700.0,2026-10-08
FORTIS,57603.31,763.0,2026-10-08
FOSECOIND,4781.26,6343.5,2026-10-08
FRACTAL,12139.11,700.65,2026-10-08
FREDUN,2533.14,1531.7,2026-10-08
FRONTSP,1649.33,1395.9,2026-10-08
FSL,18564.35,266.35,2026-10-08
FUSION,2628.64,162.35,2026-10-08
GABRIEL,23667.3,1335.4,2026-10-08
GAEL,7268.55,158.45,2026-10-08
GAIL,110264.42,167.7,2026-10-08
GAJA,2046.06,145.1,2026-10-08
GALAPREC,1413.88,1103.2,2026-10-08
GALAXYSURF,8532.9,2406.7,2026-10-08
GALLANTT,12140.05,503.15,2026-10-08
GANDHAR,2901.64,296.45,2026-10-08
GANDHITUBE,1156.26,951.5,2026-10-08
GANECOS,2575.9,961.3,2026-10-08
GANESHBE,805.56,111.9,2026-10-08
GANESHCP,608.86,150.65,2026-10-08
GANESHHOU,5768.72,691.8,2026-10-08
GANGAFORGE,50.89,1.5,2026-10-08
GANGESSECU,113.79,113.75,2026-10-08
GARFIBRES,7471.56,765.15,2026-10-08
GARUDA,1539.1,165.4,2026-10-08
GATECH,94.27,0.6,2026-10-08
GATECHDVR,8.72,0.45,2026-10-08
GATEWAY,2514.71,50.35,2026-10-08
GAUDIUMIVF,759.75,104.4,2026-10-08
GAYAHWS,43.14,1.8,2026-10-08
GAYAPROJ,928.6,20.0,2026-10-08
GCSL,1685.72,697.75,2026-10-08
GEECEE,737.56,352.7,2026-10-08
GEEKAYWIRE,330.6,31.65,2026-10-08
GEMAROMA,765.59,146.55,2026-10-08
GENCON,207.09,36.35,2026-10-08
GENESYS,1869.53,279.6,2026-10-08
GENUSPAPER,264.58,10.3,2026-10-08
GENUSPOWER,8768.27,288.2,2026-10-08
GEOJITFSL,2091.74,74.95,2026-10-08
GERMAN,871.19,115.6,2026-10-08
GESHIP,21839.09,1529.7,2026-10-08
GFLLIMITED,603.19,54.9,2026-10-08
GFSTEELS,126.07,41.45,2026-10-08
GHCL,3575.13,388.05,2026-10-08
GHCLTEXTIL,1195.78,125.1,2026-10-08
GICHSGFIN,707.06,131.3,2026-10-08
GICL,235.66,21.05,2026-10-08
GICRE,54228.5,309.1,2026-10-08
GILLANDERS,222.28,104.15,2026-10-08
GILLETTE,23668.27,7263.5,2026-10-08
GINNIFILA,345.43,40.35,2026-10-08
GIPCL,2560.13,164.95,2026-10-08
GKB,31.71,62.9,2026-10-08
GKENERGY,2295.28,113.15,2026-10-08
GKSL,1424.78,180.7,2026-10-08
GKWLIMITED,932.15,1562.3,2026-10-08
GLAND,50808.49,3079.1,2026-10-08
GLASSWALL,2348.75,267.1,2026-10-08
GLAXO,42934.27,2534.4,2026-10-08
GLENMARK,61869.29,2192.2,2026-10-08
GLFL,15.19,5.6,2026-10-08
GLOBAL,719.8,141.4,2026-10-08
GLOBALE,12.25,11.55,2026-10-08
GLOBALVECT,173.88,124.2,2026-10-08
GLOBE,93.24,2.05,2026-10-08
GLOBECIVIL,243.77,40.8,2026-10-08
GLOBUSSPR,2464.84,783.45,2026-10-08
GLOSTERLTD,593.45,542.3,2026-10-08
GLOTTIS,523.19,56.6,2026-10-08
GMBREW,2027.55,887.45,2026-10-08
GMDCLTD,14734.53,463.35,2026-10-08
GMMPFAUDLR,6026.07,1340.4,2026-10-08
GMRAIRPORT,92676.13,87.75,2026-10-08
GMRP&UI,7584.46,97.1,2026-10-08
GNA,2394.25,557.7,2026-10-08
GNFC,8805.42,599.25,2026-10-08
GNRL,1226.5,95.5,2026-10-08
GOACARBON,361.28,394.8,2026-10-08
GOCLCORP,1772.71,357.6,2026-10-08
GOCOLORS,1603.53,296.9,2026-10-08
GODAVARIB,1131.09,221.0,2026-10-08
GODFRYPHLP,27624.37,1771.0,2026-10-08
GODIGIT,24187.91,261.45,2026-10-08
GODREJAGRO,12313.37,639.95,2026-10-08
GODREJCP,88515.88,865.0,2026-10-08
GODREJIND,33765.95,1002.4,2026-10-08
GODREJPROP,46208.14,1534.0,2026-10-08
GOKEX,4780.27,652.35,2026-10-08
GOKUL,374.2,37.8,2026-10-08
GOKULAGRO,6065.21,205.55,2026-10-08
GOLDIAM,4603.28,305.75,2026-10-08
GOLDTECH,213.23,40.8,2026-10-08
GOODLUCK,4953.87,496.8,2026-10-08
GOODYEAR,1561.72,677.05,2026-10-08
GOPAL,3146.59,252.4,2026-10-08
GOYALALUM,79.93,5.6,2026-10-08
GPIL,13843.81,205.65,2026-10-08
GPPL,8056.04,166.65,2026-10-08
GPTHEALTH,1149.75,140.1,2026-10-08
GPTINFRA,1531.41,121.2,2026-10-08
GRADIENTE,81.77,2.45,2026-10-08
GRANDOAK,1867.98,36.0,2026-10-08
GRANULES,20196.69,815.05,2026-10-08
GRAPHITE,15672.05,802.15,2026-10-08
GRASIM,194416.02,2856.8,2026-10-08
GRAUWEIL,3536.61,78.0,2026-10-08
GRAVISSHO,211.63,30.0,2026-10-08
GRAVITA,10940.63,1482.3,2026-10-08
GREAVESCOT,4929.49,211.6,2026-10-08
GREENLAM,5277.99,206.85,2026-10-08
GREENPANEL,1890.55,154.15,2026-10-08
GREENPLY,3818.26,305.7,2026-10-08
GREENPOWER,978.31,8.35,2026-10-08
GRINDWELL,22221.5,2007.0,2026-10-08
GRINFRA,7638.28,789.4,2026-10-08
GRMOVER,1651.05,79.7,2026-10-08
GROBTEA,103.53,890.7,2026-10-08
GROWW,120829.47,192.6,2026-10-08
GRPLTD,921.97,1728.7,2026-10-08
GRSE,23070.77,2014.0,2026-10-08
GRWRHITECH,16097.73,6929.0,2026-10-08
GSFC,5837.7,146.5,2026-10-08
GSLSU,116.3,27.45,2026-10-08
GSPCROP,2289.19,492.1,2026-10-08
GSPLTRANS,3494.91,111.75,2026-10-08
GSS,26.76,10.25,2026-10-08
GTECJAINX,36.18,35.5,2026-10-08
GTL,105.55,6.7,2026-10-08
GTLINFRA,1344.96,1.05,2026-10-08
GTPL,613.6,54.55,2026-10-08
GUFICBIO,4051.91,404.05,2026-10-08
GUJALKALI,4382.11,596.65,2026-10-08
GUJAPOLLO,430.6,332.0,2026-10-08
GUJENERGY,21086.49,219.85,2026-10-08
GUJRAFFIA,23.49,43.45,2026-10-08
GUJTHEM,4788.93,367.95,2026-10-08
GULFOILLUB,5398.08,1089.3,2026-10-08
GULFPETRO,301.22,59.1,2026-10-08
GULPOLY,996.93,159.85,2026-10-08
GVKPIL,369.4,2.35,2026-10-08
GVPIL,4411.13,656.15,2026-10-08
GVPTECH,131.14,7.2,2026-10-08
GVT&D,107539.54,4200.0,2026-10-08
GYFTR,1316.34,171.4,2026-10-08
HAL,310806.49,4647.4,2026-10-08
HALDER,320.68,257.8,2026-10-08
HALDYNGL,757.31,140.9,2026-10-08
HALEOSLABS,473.99,1567.8,2026-10-08
HAMPTON,221.83,8.1,2026-10-08
HAPPSTMNDS,4571.29,300.2,2026-10-08
HAPPYFORGE,18322.32,1940.9,2026-10-08
HARDWYN,624.31,9.15,2026-10-08
HARIOMPIPE,1011.24,326.55,2026-10-08
HARRMALAYA,312.27,169.2,2026-10-08
HARSHA,4027.79,442.4,2026-10-08
HATHWAY,1630.27,9.2,2026-10-08
HATSUN,24963.4,1120.7,2026-10-08
HAVELLS,64243.49,1023.7,2026-10-08
HAVISHA,21.65,1.4,2026-10-08
HAWKINCOOK,4219.41,7979.5,2026-10-08
HAZOOR,490.98,17.05,2026-10-08
HBESD,170.82,74.4,2026-10-08
HBLENGINE,20100.79,725.15,2026-10-08
HBPOR,66.73,62.0,2026-10-08
HBSL,38.86,54.45,2026-10-08
HCC,4911.5,18.75,2026-10-08
HCG,9536.68,638.75,2026-10-08
HCL-INSYS,326.58,9.9,2026-10-08
HCLTECH,319371.25,1176.9,2026-10-08
HDBFS,48716.06,586.4,2026-10-08
HDFCAMC,96326.98,2245.0,2026-10-08
HDFCBANK,1067221.07,692.25,2026-10-08
HDFCLIFE,118297.47,544.5,2026-10-08
HEADSUP,14.33,6.5,2026-10-08
HEALTHX,931.73,292.9,2026-10-08
HECPROJECT,119.94,110.65,2026-10-08
HEGAM,4576.85,237.15,2026-10-08
HEIDELBERG,2843.54,125.5,2026-10-08
HEMIPROP,3113.34,109.25,2026-10-08
HERANBA,648.42,162.05,2026-10-08
HERITGFOOD,3561.05,383.75,2026-10-08
HEROMOTOCO,97198.58,4856.5,2026-10-08
HEROMOTORS,7465.03,164.35,2026-10-08
HESTERBIO,1760.84,2069.9,2026-10-08
HEXAGON,843.1,68.6,2026-10-08
HEXATRADEX,856.85,155.1,2026-10-08
HEXT,31247.36,511.4,2026-10-08
HFCL,39536.99,258.3,2026-10-08
HGINFRA,2626.4,403.0,2026-10-08
HGM,50.17,39.85,2026-10-08
HGS,1669.85,358.95,2026-10-08
HIKAL,2616.57,212.2,2026-10-08
HILINFRA,342.04,47.7,2026-10-08
HILTON,84.1,16.35,2026-10-08
HIMATSEIDE,758.48,60.3,2026-10-08
HINDADH,197.87,386.75,2026-10-08
HINDALCO,200036.87,890.15,2026-10-08
HINDALUMI,56.64,89.9,2026-10-08
HINDCOMPOS,615.87,417.0,2026-10-08
HINDCON,153.32,29.95,2026-10-08
HINDCOPPER,45208.37,467.5,2026-10-08
HINDOILEXP,2241.07,169.4,2026-10-08
HINDPETRO,69494.68,326.6,2026-10-08
HINDUNILVR,433382.11,1844.5,2026-10-08
HINDWAREAP,1413.71,169.0,2026-10-08
HINDZINC,224681.34,531.75,2026-10-08
HIRECT,3886.62,1096.1,2026-10-08
HISARMETAL,77.9,144.25,2026-10-08
HITECH,1438.0,70.8,2026-10-08
HITECHCORP,602.09,350.55,2026-10-08
HITECHGEAR,1057.78,562.05,2026-10-08
HLEGLAS,3097.68,446.0,2026-10-08
HLVLTD,399.51,6.05,2026-10-08
HMAAGRO,1182.82,23.6,2026-10-08
HMVL,559.61,75.95,2026-10-08
HNDFDS,6937.78,572.6,2026-10-08
HOMEFIRST,11208.12,1071.9,2026-10-08
HONASA,15241.63,467.5,2026-10-08
HONAUT,28704.0,32465.0,2026-10-08
HONDAPOWER,1866.12,1839.8,2026-10-08
HORIZONIND,13973.43,48.45,2026-10-08
HPAL,307.78,33.5,2026-10-08
HPIL,133.07,116.5,2026-10-08
HPL,1648.99,256.45,2026-10-08
HRYNSHP,59.2,96.0,2026-10-08
HSCL,33304.42,660.05,2026-10-08
HTEL,922.63,97.25,2026-10-08
HTMEDIA,402.94,22.05,2026-10-08
HUBTOWN,2204.41,155.15,2026-10-08
HUDCO,31427.83,157.0,2026-10-08
HUHTAMAKI,1704.3,225.65,2026-10-08
HYBRIDFIN,52.43,17.8,2026-10-08
HYUNDAI,155601.62,1915.0,2026-10-08
IBULLSLTD,8134.73,34.9,2026-10-08
ICDSLTD,56.64,43.5,2026-10-08
ICEMAKE,1041.86,660.25,2026-10-08
ICICIAMC,151559.43,3066.4,2026-10-08
ICICIBANK,968374.47,1349.0,2026-10-08
ICICIGI,81137.44,1624.0,2026-10-08
ICICIPRULI,66321.25,457.0,2026-10-08
ICIL,8892.64,449.0,2026-10-08
ICRA,4149.45,4299.4,2026-10-08
IDBI,89438.48,83.2,2026-10-08
IDEA,138679.08,12.8,2026-10-08
IDEAFORGE,3326.49,669.2,2026-10-08
IDFCFIRSTB,67649.75,78.45,2026-10-08
IEX,9251.31,103.75,2026-10-08
IFBAGRO,812.08,866.95,2026-10-08
IFBIND,4808.77,1186.8,2026-10-08
IFCI,17898.33,66.45,2026-10-08
IFGLEXPOR,1295.4,179.7,2026-10-08
IGARASHI,1237.28,393.1,2026-10-08
IGCL,351.59,55.6,2026-10-08
IGIL,13269.46,307.05,2026-10-08
IGL,19884.22,142.05,2026-10-08
IGPL,1750.38,568.4,2026-10-08
IIFL,24718.81,579.15,2026-10-08
IIFLCAPS,10848.46,344.2,2026-10-08
IITL,279.81,128.2,2026-10-08
IKIO,1399.17,181.05,2026-10-08
IKS,30044.18,1751.1,2026-10-08
IMAGICAA,2665.77,47.1,2026-10-08
IMFA,6286.19,1165.1,2026-10-08
IMPAL,1243.63,996.5,2026-10-08
INA,1757.66,79.75,2026-10-08
INCREDIBLE,140.29,30.0,2026-10-08
INDBANK,111.57,25.15,2026-10-08
INDGN,14124.27,586.15,2026-10-08
INDHOTEL,101298.55,711.65,2026-10-08
INDIACEM,9129.57,294.6,2026-10-08
INDIAGLYCO,2392.19,356.9,2026-10-08
INDIAMART,9639.14,1602.7,2026-10-08
INDIANB,108807.75,807.8,2026-10-08
INDIANCARD,107.5,180.95,2026-10-08
INDIANHUME,1784.86,338.8,2026-10-08
INDIASHLTR,7024.92,643.5,2026-10-08
INDIGO,186106.5,4813.1,2026-10-08
INDIGOPNTS,4943.67,1035.7,2026-10-08
INDIQUBE,4068.02,191.9,2026-10-08
INDNIPPON,2686.07,1187.4,2026-10-08
INDOAMIN,1101.15,151.7,2026-10-08
INDOBORAX,1547.38,482.2,2026-10-08
INDOCO,2186.67,236.9,2026-10-08
INDOFARM,647.06,134.65,2026-10-08
INDOKEM,1932.1,692.8,2026-10-08
INDOMIM,61246.41,1238.6,2026-10-08
INDORAMA,2300.41,88.1,2026-10-08
INDOSTAR,3179.1,196.6,2026-10-08
INDOTECH,3344.03,3148.8,2026-10-08
INDOTHAI,501.36,38.7,2026-10-08
INDOUS,145.88,72.75,2026-10-08
INDOWIND,135.08,8.4,2026-10-08
INDPRUD,1055.78,6300.0,2026-10-08
INDRAMEDCO,2932.62,319.9,2026-10-08
INDSWFTLAB,3183.66,366.1,2026-10-08
INDTERRAIN,147.7,29.15,2026-10-08
INDUSINDBK,67317.74,864.0,2026-10-08
INDUSTOWER,98403.47,373.0,2026-10-08
INFOBEAN,1417.26,146.15,2026-10-08
INFOMEDIA,27.36,5.45,2026-10-08
INFY,404605.78,997.0,2026-10-08
INGERRAND,12630.99,4001.2,2026-10-08
INNOVACAP,6463.56,1129.5,2026-10-08
INNOVANA,585.09,283.2,2026-10-08
INNOVISION,602.12,252.85,2026-10-08
INOXGREEN,4620.37,115.1,2026-10-08
INOXINDIA,18541.82,2039.3,2026-10-08
INOXWIND,10789.39,62.45,2026-10-08
INSECTICID,1662.94,571.5,2026-10-08
INSPIRISYS,334.33,84.4,2026-10-08
INTELLECT,7969.18,567.35,2026-10-08
INTENTECH,194.78,82.45,2026-10-08
INTERARCH,2849.48,1694.4,2026-10-08
INTLCONV,504.76,79.15,2026-10-08
INVENTURE,85.05,0.8,2026-10-08
INVPRECQ,1528.9,1528.9,2026-10-08
IOB,58694.09,30.5,2026-10-08
IOC,178280.63,126.25,2026-10-08
IOLCP,6033.46,205.55,2026-10-08
IONEXCHANG,5751.53,392.15,2026-10-08
IPCALAB,49178.03,1938.4,2026-10-08
IPL,1497.47,130.05,2026-10-08
IPRINGLTD,175.22,138.25,2026-10-08
IRB,21172.73,17.55,2026-10-08
IRCON,9714.59,103.3,2026-10-08
IRCTC,35988.0,449.85,2026-10-08
IREDA,29159.82,103.8,2026-10-08
IRFC,97099.0,74.3,2026-10-08
IRIS,437.45,212.7,2026-10-08
IRISDOREME,1117.44,58.7,2026-10-08
IRMENERGY,1051.13,256.0,2026-10-08
ISFT,160.43,98.35,2026-10-08
ISGEC,6752.95,918.4,2026-10-08
ISHANCH,126.8,46.45,2026-10-08
ISTLTD,732.8,628.25,2026-10-08
ITC,319528.19,255.0,2026-10-08
ITCHOTELS,32209.52,154.65,2026-10-08
ITDC,5674.07,661.55,2026-10-08
ITI,22836.92,237.2,2026-10-08
ITL,116.91,364.85,2026-10-08
IVALUE,1245.76,227.5,2026-10-08
IVC,247.14,7.85,2026-10-08
IVP,227.53,220.35,2026-10-08
IWP,230.43,36.0,2026-10-08
IXIGO,6790.95,153.95,2026-10-08
IZMO,1290.4,861.4,2026-10-08
J&KBANK,14921.02,135.5,2026-10-08
JAGRAN,1336.83,61.4,2026-10-08
JAGSNPHARM,1528.23,231.7,2026-10-08
JAIBALAJI,6258.99,68.6,2026-10-08
JAICORPLTD,1518.47,86.5,2026-10-08
JAINREC,9698.64,281.05,2026-10-08
JAIPURKURT,61.85,32.4,2026-10-08
JAMNAAUTO,5917.78,147.95,2026-10-08
JARO,899.72,404.0,2026-10-08
JASH,3575.82,565.85,2026-10-08
JAYAGROGN,626.88,208.95,2026-10-08
JAYBARMARU,1385.6,128.0,2026-10-08
JAYKAY,3130.02,240.25,2026-10-08
JAYNECOIND,8882.69,91.5,2026-10-08
JAYSREETEA,237.72,82.3,2026-10-08
JBMA,12453.79,526.6,2026-10-08
JENBURPH,421.12,954.2,2026-10-08
JETFREIGHT,88.31,19.05,2026-10-08
JGCHEM,2502.81,638.7,2026-10-08
JHS,84.17,9.65,2026-10-08
JINDALPHOT,1047.58,1021.2,2026-10-08
JINDALPOLY,2780.66,635.05,2026-10-08
JINDALSAW,17279.51,270.2,2026-10-08
JINDALSTEL,103028.9,1010.0,2026-10-08
JINDRILL,1668.73,575.8,2026-10-08
JINDWORLD,4305.17,42.95,2026-10-08
JIOFIN,139326.29,211.0,2026-10-08
JISLDVREQS,36.1,18.7,2026-10-08
JISLJALEQS,1930.88,27.0,2026-10-08
JITFINFRA,692.84,269.55,2026-10-08
JKCEMENT,38375.28,4966.5,2026-10-08
JKIL,3269.88,432.15,2026-10-08
JKIPL,397.22,103.5,2026-10-08
JKLAKSHMI,5834.79,470.0,2026-10-08
JKPAPER,6660.75,367.35,2026-10-08
JKTYRE,9520.76,330.25,2026-10-08
JLHL,8100.68,247.1,2026-10-08
JMA,198.24,86.8,2026-10-08
JMFINANCIL,11540.94,120.6,2026-10-08
JNKINDIA,2384.76,426.2,2026-10-08
JNPR,15616.16,274.45,2026-10-08
JOCIL,130.06,146.45,2026-10-08
JPOLYINVST,923.16,878.2,2026-10-08
JPPOWER,9807.3,14.3,2026-10-08
JSFB,5100.44,482.3,2026-10-08
JSIPL,897.41,175.9,2026-10-08
JSL,58171.05,705.6,2026-10-08
JSLL,4738.97,381.25,2026-10-08
JSWCEMENT,15401.93,112.95,2026-10-08
JSWDULUX,13612.46,2989.1,2026-10-08
JSWENERGY,85596.14,466.85,2026-10-08
JSWHL,12384.96,11158.0,2026-10-08
JSWINFRA,77763.8,333.75,2026-10-08
JSWSTEEL,287389.75,1175.2,2026-10-08
JTEKTINDIA,3137.36,113.1,2026-10-08
JTLIND,3294.42,83.8,2026-10-08
JUBLCPL,2920.19,1927.2,2026-10-08
JUBLFOOD,28214.98,427.6,2026-10-08
JUBLINGREA,9880.21,620.3,2026-10-08
JUBLPHARMA,14848.19,932.2,2026-10-08
JUNIPER,4791.14,215.35,2026-10-08
JUSTDIAL,5372.12,631.65,2026-10-08
JWL,9249.58,216.45,2026-10-08
JYOTHYLAB,6840.84,186.3,2026-10-08
JYOTICNC,22967.46,1009.9,2026-10-08
JYOTIRES,1003.98,836.65,2026-10-08
JYOTISTRUC,1044.45,8.75,2026-10-08
KABRAEXTRU,2696.58,771.05,2026-10-08
KAJARIACER,19023.74,1210.6,2026-10-08
KAKATCEM,79.55,102.35,2026-10-08
KALAMANDIR,1139.51,74.3,2026-10-08
KALPATARU,5352.04,259.9,2026-10-08
KALYANI,14.5,145.0,2026-10-08
KALYANIFRG,322.84,887.4,2026-10-08
KALYANKJIL,57162.77,553.5,2026-10-08
KAMAHOLD,7148.5,2227.6,2026-10-08
KAMANWALA,23.96,17.0,2026-10-08
KAMATHOTEL,742.07,251.7,2026-10-08
KAMDHENU,1034.79,36.7,2026-10-08
KAMOPAINTS,134.23,4.1,2026-10-08
KANANIIND,25.72,1.3,2026-10-08
KANCHI,159.1,366.25,2026-10-08
KANCOTEA,27.12,52.95,2026-10-08
KANOHAR,9369.78,1183.25,2026-10-08
KANORICHEM,775.56,177.5,2026-10-08
KANPRPLA,580.05,236.95,2026-10-08
KANSAINER,14618.68,180.75,2026-10-08
KAPSTON,1650.64,542.4,2026-10-08
KARAMTARA,12673.38,393.8,2026-10-08
KARMAENG,39.93,34.5,2026-10-08
KARURVYSYA,31819.19,329.2,2026-10-08
KAUSHALYA,28.41,820.25,2026-10-08
KAVDEFENCE,563.12,93.65,2026-10-08
KAYA,455.55,299.95,2026-10-08
KAYNES,21672.3,3233.0,2026-10-08
KCP,1968.24,152.65,2026-10-08
KCPSUGIND,271.33,23.95,2026-10-08
KDDL,4763.76,3873.2,2026-10-08
KDGREEN,282.86,48.75,2026-10-08
KEC,9306.35,349.6,2026-10-08
KECL,817.76,123.15,2026-10-08
KEEPLEARN,28.65,1.85,2026-10-08
KEI,43785.07,4580.0,2026-10-08
KELLTONTEC,628.65,11.85,2026-10-08
KENNAMET,9044.27,4115.1,2026-10-08
KERNEX,2857.46,1700.5,2026-10-08
KESORAMIND,328.06,10.55,2026-10-08
KEYFINSERV,132.49,238.0,2026-10-08
KFINTECH,14490.14,838.2,2026-10-08
KHADIM,207.49,112.9,2026-10-08
KHAICHEM,461.67,47.6,2026-10-08
KHAITANLTD,70.77,149.0,2026-10-08
KHANDSE,26.25,17.2,2026-10-08
KICL,2048.2,4692.0,2026-10-08
KILITCH,854.11,244.3,2026-10-08
KIMS,28860.75,687.15,2026-10-08
KINGFA,9220.36,6804.0,2026-10-08
KIOCL,21304.71,350.55,2026-10-08
KIRANVYPAR,543.47,199.2,2026-10-08
KIRIINDUS,3535.69,542.55,2026-10-08
KIRLFER,7663.08,464.65,2026-10-08
KIRLOSBROS,13239.06,1667.2,2026-10-08
KIRLOSENG,31475.94,2163.0,2026-10-08
KIRLOSIND,3650.08,3473.1,2026-10-08
KIRLPNU,8708.97,670.3,2026-10-08
KISSHT,6597.08,372.15,2026-10-08
KITEX,2296.44,115.1,2026-10-08
KJMCFIN,27.61,57.7,2026-10-08
KKCL,2911.79,472.5,2026-10-08
KLBRENG-B,2616.43,500.15,2026-10-08
KMCSHIL,2891.17,177.3,2026-10-08
KMEW,8260.4,3256.7,2026-10-08
KMSUGAR,237.45,25.8,2026-10-08
KNACK,2473.73,202.15,2026-10-08
KNAGRI,506.48,202.6,2026-10-08
KNRCON,3138.86,111.6,2026-10-08
KOHINOOR,107.06,28.9,2026-10-08
KOKUYOCMLN,734.83,73.25,2026-10-08
KOLTEPATIL,3754.72,423.4,2026-10-08
KOPRAN,1227.95,254.3,2026-10-08
KOTAKBANK,432723.04,435.0,2026-10-08
KOTARISUG,214.35,25.85,2026-10-08
KOTHARIPET,712.63,121.1,2026-10-08
KOTHARIPRO,379.08,63.5,2026-10-08
KOTIC,1675.85,155.15,2026-10-08
KOTYARK,351.2,31.05,2026-10-08
KOVAI,6446.63,5891.5,2026-10-08
KPEL,1402.54,206.85,2026-10-08
KPIGREEN,6389.75,323.25,2026-10-08
KPIL,23933.77,1401.5,2026-10-08
KPITTECH,12912.17,471.0,2026-10-08
KPL,3666.22,3533.3,2026-10-08
KPRMILL,36003.27,1053.3,2026-10-08
KRBL,8836.29,386.05,2026-10-08
KREBSBIO,124.97,57.95,2026-10-08
KRIDHANINF,17.25,1.8,2026-10-08
KRISHANA,5833.12,188.7,2026-10-08
KRISHIVAL,961.83,383.7,2026-10-08
KRISHNADEF,1854.72,1240.8,2026-10-08
KRITI,292.73,55.55,2026-10-08
KRITIKA,129.41,4.85,2026-10-08
KRITINUT,362.05,72.25,2026-10-08
KRN,9259.1,1414.5,2026-10-08
KRONOX,744.31,200.6,2026-10-08
KROSS,1546.29,239.7,2026-10-08
KRSNAA,1725.58,531.95,2026-10-08
KRYSTAL,884.7,633.2,2026-10-08
KSB,13517.63,776.7,2026-10-08
KSCL,3492.71,679.0,2026-10-08
KSE,561.54,175.5,2026-10-08
KSHINTL,6895.5,1017.7,2026-10-08
KSHITIJPOL,78.8,3.7,2026-10-08
KSL,4125.43,945.05,2026-10-08
KSOLVES,573.27,241.7,2026-10-08
KSR,65.98,35.9,2026-10-08
KTKBANK,12138.66,320.8,2026-10-08
KUANTUM,646.36,74.05,2026-10-08
KUSUMGAR,6383.48,608.0,2026-10-08
KWIL,8672.34,36.9,2026-10-08
LADDERUP,55.03,51.9,2026-10-08
LAGNAM,125.7,71.15,2026-10-08
LAHOTIOV,112.31,38.5,2026-10-08
LAKSHMIMIL,531.26,7634.0,2026-10-08
LAL,147.34,8.55,2026-10-08
LALITHAA,21070.28,376.45,2026-10-08
LALPATHLAB,31872.81,1898.9,2026-10-08
LAMBODHARA,132.93,128.1,2026-10-08
LANCER,382.58,10.85,2026-10-08
LANCORHOL,220.58,30.0,2026-10-08
LANDMARK,1943.25,468.65,2026-10-08
LANDSMILL,119.91,0.85,2026-10-08
LAOPALA,1709.18,154.0,2026-10-08
LASERPOWER,3825.04,272.5,2026-10-08
LATENTVIEW,4768.3,230.25,2026-10-08
LATTEYS,120.22,20.9,2026-10-08
LAURUSLABS,107948.98,1997.9,2026-10-08
LAXMICOT,21.64,12.6,2026-10-08
LAXMIDENTL,1059.43,192.5,2026-10-08
LAXMIINDIA,558.82,106.65,2026-10-08
LCCINFOTEC,57.15,3.4,2026-10-08
LCCPROJECT,4202.55,145.1,2026-10-08
LCL,6430.92,608.7,2026-10-08
LEAPIND,6230.07,141.4,2026-10-08
LEENEE,39.04,7.0,2026-10-08
LEMERITE,234.94,18.75,2026-10-08
LEMONTREE,8718.67,110.05,2026-10-08
LENSKART,113741.93,653.95,2026-10-08
LEXUS,20.17,9.7,2026-10-08
LFIC,37.87,126.2,2026-10-08
LGBBROSLTD,5346.44,1676.4,2026-10-08
LGEINDIA,116952.48,1723.0,2026-10-08
LGHL,1071.33,213.85,2026-10-08
LIBAS,30.01,11.4,2026-10-08
LIBERTSHOE,358.15,210.2,2026-10-08
LICHSGFIN,29538.38,537.0,2026-10-08
LICI,479751.08,379.25,2026-10-08
LIKHITHA,891.89,226.1,2026-10-08
LINC,503.1,84.55,2026-10-08
LINCOLN,1125.07,561.7,2026-10-08
LINDEINDIA,51392.27,6026.0,2026-10-08
LKPSEC,112.69,13.6,2026-10-08
LLOYDSENGG,14049.56,96.2,2026-10-08
LLOYDSENT,11350.47,74.35,2026-10-08
LLOYDSME,101075.57,1795.6,2026-10-08
LMW,17462.43,16346.0,2026-10-08
LODHA,106489.15,1065.6,2026-10-08
LOKESHMACH,976.17,447.85,2026-10-08
LORDSCHLO,389.72,136.0,2026-10-08
LOTUSCHO,846.1,658.9,2026-10-08
LOTUSDEV,11422.94,233.75,2026-10-08
LOTUSEYE,236.95,113.95,2026-10-08
LOVABLE,99.5,67.25,2026-10-08
LOYALTEX,99.48,206.55,2026-10-08
LPDC,83.3,6.2,2026-10-08
LT,498775.69,3625.1,2026-10-08
LTF,64513.52,257.4,2026-10-08
LTFOODS,14079.37,405.45,2026-10-08
LTM,116127.25,3915.0,2026-10-08
LTTS,33699.36,3176.6,2026-10-08
LUMAXIND,4948.69,5294.0,2026-10-08
LUMAXTECH,12065.28,1770.2,2026-10-08
LUMINO,3104.93,101.95,2026-10-08
LUPIN,88572.49,1936.9,2026-10-08
LUXIND,3333.45,1108.5,2026-10-08
LXCHEM,5058.88,182.05,2026-10-08
LYKALABS,262.76,72.7,2026-10-08
M&M,342119.65,2751.2,2026-10-08
M&MFIN,43165.44,310.5,2026-10-08
MAANALU,593.67,98.95,2026-10-08
MACPOWER,1981.82,1981.0,2026-10-08
MADHAV,28.72,32.1,2026-10-08
MADHAVIPL,194.37,7.2,2026-10-08
MADHUCON,27.97,3.8,2026-10-08
MADRASFERT,926.98,57.55,2026-10-08
MAFATIND,801.52,111.05,2026-10-08
MAGADSUGAR,767.5,544.65,2026-10-08
MAGNUM,121.91,17.8,2026-10-08
MAHABANK,63109.21,82.05,2026-10-08
MAHAPEXLTD,143.09,50.75,2026-10-08
MAHASTEEL,1786.25,1086.9,2026-10-08
MAHEPC,274.36,98.15,2026-10-08
MAHESHWARI,209.31,70.7,2026-10-08
MAHLIFE,7299.51,342.1,2026-10-08
MAHLOG,3925.43,395.4,2026-10-08
MAHSCOOTER,13769.14,12048.0,2026-10-08
MAHSEAMLES,8632.9,644.25,2026-10-08
MAITHANALL,2583.8,887.55,2026-10-08
MAJESAUT,380.08,365.55,2026-10-08
MAKERSL,105.91,179.5,2026-10-08
MALLCOM,562.13,900.85,2026-10-08
MALUPAPER,52.34,30.7,2026-10-08
MAMATA,949.12,385.7,2026-10-08
MANAKALUCO,204.6,31.2,2026-10-08
MANAKCOAT,1347.11,126.35,2026-10-08
MANAKSIA,372.36,56.8,2026-10-08
MANAKSTEEL,695.58,106.15,2026-10-08
MANALIPETC,1477.13,85.9,2026-10-08
MANAPPURAM,28569.91,304.15,2026-10-08
MANBA,737.62,146.8,2026-10-08
MANCREDIT,472.17,223.65,2026-10-08
MANGALAM,49.83,31.5,2026-10-08
MANGLMCEM,2614.44,950.8,2026-10-08
MANIKA,646.17,55.45,2026-10-08
MANINDS,6434.7,857.85,2026-10-08
MANINFRA,4752.77,117.75,2026-10-08
MANIPALHOS,89978.38,684.05,2026-10-08
MANKIND,98304.73,2380.0,2026-10-08
MANOMAY,419.71,232.55,2026-10-08
MANORAMA,12615.01,1998.5,2026-10-08
MANORG,365.92,427.25,2026-10-08
MANUGRAPH,48.09,15.8,2026-10-08
MANYAVAR,11903.5,489.9,2026-10-08
MAPMYINDIA,4794.6,874.7,2026-10-08
MARALOVER,234.15,56.4,2026-10-08
MARATHON,2436.1,361.2,2026-10-08
MARICO,101057.15,777.25,2026-10-08
MARINE,6333.88,452.6,2026-10-08
MARKOLINES,365.12,164.45,2026-10-08
MARKSANS,13952.22,307.8,2026-10-08
MARSONS,2182.06,126.8,2026-10-08
MARUTI,353011.21,11228.0,2026-10-08
MASFIN,4771.32,262.95,2026-10-08
MASKINVEST,44.0,144.2,2026-10-08
MASTEK,5119.77,1651.2,2026-10-08
MASTERTR,1003.81,81.6,2026-10-08
MATRIMONY,1070.47,517.8,2026-10-08
MAWANASUG,567.62,145.1,2026-10-08
MAXESTATES,8698.36,531.75,2026-10-08
MAXHEALTH,85008.92,873.4,2026-10-08
MAXIND,892.23,158.4,2026-10-08
MAYURUNIQ,3258.51,749.9,2026-10-08
MAZDA,544.08,271.7,2026-10-08
MAZDOCK,80272.62,1990.0,2026-10-08
MBAPL,7498.65,163.4,2026-10-08
MBECL,1581.0,474.3,2026-10-08
MBEL,1517.96,265.55,2026-10-08
MBLINFRA,372.24,23.9,2026-10-08
MCCHRLS-B,884.48,675.15,2026-10-08
MCL,145.89,53.75,2026-10-08
MCLEODRUSS,424.4,40.65,2026-10-08
MCLOUD,1431.43,24.3,2026-10-08
MCX,83015.15,3255.6,2026-10-08
MEDANTA,34321.48,1276.5,2026-10-08
MEDIASSIST,2205.2,295.2,2026-10-08
MEDICAMEQ,413.26,304.7,2026-10-08
MEDICAPQ,30.29,24.3,2026-10-08
MEDICO,181.15,21.85,2026-10-08
MEDPLUS,7591.46,631.9,2026-10-08
MEESHO,107416.22,232.2,2026-10-08
MEGASTAR,330.13,292.3,2026-10-08
MEIL,735.51,266.2,2026-10-08
MENNPIS,356.95,70.0,2026-10-08
MENONBE,1608.91,287.1,2026-10-08
MERCANTILE,231.67,20.7,2026-10-08
MERCURYEV,693.02,36.5,2026-10-08
METROBRAND,22917.09,840.65,2026-10-08
METROGLOBL,155.76,126.3,2026-10-08
METROPOLIS,10905.48,525.85,2026-10-08
MFML,19.44,18.3,2026-10-08
MFSL,45637.98,1322.4,2026-10-08
MGEL,523.99,15.9,2026-10-08
MGL,10311.41,1043.9,2026-10-08
MHLXMIRU,178.23,167.8,2026-10-08
MHRIL,3783.33,187.25,2026-10-08
MICEL,812.21,33.7,2026-10-08
MIDHANI,8290.73,442.55,2026-10-08
MIDWESTLTD,3579.2,989.8,2026-10-08
MIIL,1457.34,670.85,2026-10-08
MILKYMIST,25277.81,328.35,2026-10-08
MINALIND,76.95,4.0,2026-10-08
MINDACORP,15185.13,635.15,2026-10-08
MINDTECK,431.64,135.1,2026-10-08
MIRZAINT,379.23,27.45,2026-10-08
MITCON,135.6,77.85,2026-10-08
MITTAL,15.46,0.7,2026-10-08
MKEXIM,233.16,57.75,2026-10-08
MKPL,147.15,3.9,2026-10-08
MLKFOOD,217.95,85.15,2026-10-08
MMFL,2673.35,553.7,2026-10-08
MMP,1227.58,483.25,2026-10-08
MMTC,8140.5,54.25,2026-10-08
MMWL,2239.43,19.75,2026-10-08
MOBIKWIK,1925.52,244.5,2026-10-08
MODINATUR,384.09,288.65,2026-10-08
MODIRUBBER,297.16,118.65,2026-10-08
MODIS,735.16,375.25,2026-10-08
MODISONLTD,1506.98,464.4,2026-10-08
MODTHREAD,160.66,46.2,2026-10-08
MOHITE,49.24,2.45,2026-10-08
MOHITIND,31.16,22.0,2026-10-08
MOIL,4671.61,229.6,2026-10-08
MOKSH,80.92,9.15,2026-10-08
MOL,1468.41,57.75,2026-10-08
MOLBIO,17046.3,1479.2,2026-10-08
MOLDTECH,604.76,209.95,2026-10-08
MOLDTKPAC,2159.8,652.1,2026-10-08
MOMSBELIEF,456.68,218.5,2026-10-08
MONARCH,2440.63,330.05,2026-10-08
MONEYBOXX,359.52,51.5,2026-10-08
MONEYVIEW,10189.98,57.9,2026-10-08
MONTECARLO,1067.08,514.7,2026-10-08
MOREPENLAB,7482.31,136.55,2026-10-08
MOSCHIP,3641.74,186.7,2026-10-08
MOTHERSON,161567.41,153.1,2026-10-08
MOTILALOFS,61159.98,1014.3,2026-10-08
MOTISONS,1998.6,17.55,2026-10-08
MOTOGENFIN,97.63,25.2,2026-10-08
MPDL,19.18,25.85,2026-10-08
MPHASIS,43983.43,2303.4,2026-10-08
MPIMANIPAL,8386.69,361.8,2026-10-08
MPSLTD,4402.69,2573.8,2026-10-08
MRF,51939.16,122465.0,2026-10-08
MRPL,30468.93,173.85,2026-10-08
MSL,150.09,136.7,2026-10-08
MSPL,1711.16,30.2,2026-10-08
MSTCLTD,4705.54,668.4,2026-10-08
MSUMI,21864.59,32.95,2026-10-08
MTARTECH,24144.74,7849.5,2026-10-08
MTEDUCARE,12.21,1.7,2026-10-08
MTNL,1437.03,22.8,2026-10-08
MUFIN,2637.14,133.1,2026-10-08
MUFTI,446.38,68.25,2026-10-08
MUKANDLTD,2518.41,174.3,2026-10-08
MUKESHB,85.74,123.0,2026-10-08
MUKKA,791.7,26.4,2026-10-08
MUKTAARTS,128.74,57.0,2026-10-08
MUNJALAU,1015.1,101.5,2026-10-08
MUNJALSHOW,482.74,120.7,2026-10-08
MURUDCERA,163.71,27.05,2026-10-08
MUTHOOTCAP,341.55,207.65,2026-10-08
MUTHOOTFIN,102759.87,2559.6,2026-10-08
MUTHOOTMF,2867.85,168.2,2026-10-08
MVELECTRO,2398.83,879.25,2026-10-08
MVGJL,1017.44,208.3,2026-10-08
MWL,1210.6,40.75,2026-10-08
MYSORPETRO,74.42,113.05,2026-10-08
NACLIND,3024.08,129.1,2026-10-08
NAGREEKCAP,34.39,27.25,2026-10-08
NAGREEKEXP,66.56,21.3,2026-10-08
NAHARCAP,386.23,230.65,2026-10-08
NAHARINDUS,541.15,125.25,2026-10-08
NAHARPOLY,550.4,223.85,2026-10-08
NAHARSPING,906.68,251.4,2026-10-08
NAM-INDIA,66525.96,1039.4,2026-10-08
NARMADA,84.6,11.15,2026-10-08
NATCAPSUQ,164.12,157.65,2026-10-08
NATCOPHARM,15603.2,795.4,2026-10-08
NATHBIOGEN,258.64,136.1,2026-10-08
NATIONALUM,57504.94,313.1,2026-10-08
NATIONSTD,209.8,104.9,2026-10-08
NAUKRI,76695.19,1182.8,2026-10-08
NAVA,15426.37,544.5,2026-10-08
NAVINFLUOR,43175.36,8417.5,2026-10-08
NAVKARCORP,1254.28,83.35,2026-10-08
NAVKARURB,97.62,0.85,2026-10-08
NAVNETEDUL,2691.28,121.65,2026-10-08
NAZARA,13929.48,376.0,2026-10-08
NBCC,19980.0,74.0,2026-10-08
NBIFIN,535.98,1813.9,2026-10-08
NCC,7529.76,119.95,2026-10-08
NCLIND,726.17,160.55,2026-10-08
NDGL,232.4,2324.0,2026-10-08
NDL,371.9,2.6,2026-10-08
NDLVENTURE,395.68,117.5,2026-10-08
NDRAUTO,1611.81,677.65,2026-10-08
NDTV,726.03,64.35,2026-10-08
NEAGI,198.72,3194.6,2026-10-08
NECCLTD,191.34,18.3,2026-10-08
NECLIFE,204.95,10.55,2026-10-08
NELCAST,1231.24,141.5,2026-10-08
NELCO,1973.79,865.0,2026-10-08
NEOGEN,7149.2,2379.7,2026-10-08
NEPHROPLUS,6304.55,626.95,2026-10-08
NESCO,7241.87,1027.8,2026-10-08
NESTLEIND,254344.66,1319.0,2026-10-08
NETWEB,28030.11,4715.1,2026-10-08
NETWORK18,3760.94,24.4,2026-10-08
NEUEON,725.47,12.85,2026-10-08
NEULANDLAB,26962.01,21015.0,2026-10-08
NEWGEN,6306.78,442.55,2026-10-08
NEXTMEDIA,23.35,3.5,2026-10-08
NFL,3009.21,61.35,2026-10-08
NGIL,66.21,37.75,2026-10-08
NGLFINE,1852.73,2998.9,2026-10-08
NH,34645.29,1695.3,2026-10-08
NHPC,71972.67,71.65,2026-10-08
NIACL,26061.47,158.15,2026-10-08
NIBE,1898.5,1224.7,2026-10-08
NIBL,75.04,30.95,2026-10-08
NICCOPAR,359.89,76.9,2026-10-08
NIITLTD,1120.33,81.8,2026-10-08
NIITMTS,2760.19,200.0,2026-10-08
NILAINFRA,254.85,6.45,2026-10-08
NILASPACES,433.67,11.0,2026-10-08
NILE,365.15,1216.4,2026-10-08
NILKAMAL,2767.08,1854.3,2026-10-08
NIMBSPROJ,366.82,189.9,2026-10-08
NINSYS,1516.64,816.45,2026-10-08
NIPPOBATRY,233.78,311.7,2026-10-08
NIRAJ,163.08,27.3,2026-10-08
NIRAJISPAT,17.13,285.5,2026-10-08
NIRLON,5587.32,620.0,2026-10-08
NITCO,1898.07,78.9,2026-10-08
NITINSPIN,3352.96,596.4,2026-10-08
NITIRAJ,208.8,203.7,2026-10-08
NITTAGELA,1500.06,1652.2,2026-10-08
NITYAS,483.73,84.0,2026-10-08
NIVABUPA,14395.78,77.85,2026-10-08
NKIND,34.26,57.0,2026-10-08
NLCINDIA,33480.34,241.45,2026-10-08
NMDC,62149.36,70.7,2026-10-08
NOCIL,2768.61,165.75,2026-10-08
NOIDATOLL,71.31,3.85,2026-10-08
NORBTEAEXP,96.36,62.0,2026-10-08
NORTHARC,4541.95,280.7,2026-10-08
NOVAAGRI,203.08,21.95,2026-10-08
NOVARTIND,4907.79,1987.7,2026-10-08
NPST,3734.98,1790.2,2026-10-08
NRAIL,1108.2,651.15,2026-10-08
NRBBEARING,4944.99,510.2,2026-10-08
NRL,1097.51,158.9,2026-10-08
NSIL,2623.55,5108.0,2026-10-08
NSLNISP,11458.67,39.1,2026-10-08
NTCIND,196.05,135.05,2026-10-08
NTPC,300305.75,309.7,2026-10-08
NTPCGREEN,76511.07,90.8,2026-10-08
NUCLEUS,1631.64,619.8,2026-10-08
NURECA,316.17,331.35,2026-10-08
NUVAMA,32057.76,1737.4,2026-10-08
NUVOCO,11496.86,321.9,2026-10-08
NYKAA,95180.52,332.3,2026-10-08
OAL,1723.06,512.0,2026-10-08
OBCL,115.62,54.85,2026-10-08
OBEROIRLTY,60477.96,1663.3,2026-10-08
OCCLLTD,1040.77,208.35,2026-10-08
ODIGMA,64.61,20.65,2026-10-08
ODYCORP,61.4,6.85,2026-10-08
OFSS,90566.45,10400.0,2026-10-08
OIL,72709.37,447.0,2026-10-08
OILCOUNTUB,439.62,84.55,2026-10-08
OLAELEC,16028.18,34.65,2026-10-08
OLECTRA,8548.71,1041.5,2026-10-08
OMAXAUTO,427.77,200.15,2026-10-08
OMAXE,1800.11,98.4,2026-10-08
OMFREIGHT,359.38,106.7,2026-10-08
OMINFRAL,663.15,68.85,2026-10-08
OMNI,7871.34,636.5,2026-10-08
OMPOWER,568.84,166.1,2026-10-08
ONEGLOBAL,1096.95,561.3,2026-10-08
ONELIFECAP,184.97,49.5,2026-10-08
ONEPOINT,2062.74,78.45,2026-10-08
ONESOURCE,16950.95,1478.2,2026-10-08
ONGC,276514.54,219.8,2026-10-08
ONIDA,1089.71,29.5,2026-10-08
ONIXSOLAR,1368.54,371.2,2026-10-08
ONMOBILE,548.15,51.55,2026-10-08
ONWARDTEC,655.47,294.6,2026-10-08
OPTIEMUS,7291.29,816.85,2026-10-08
OPTIFIN,106.78,14.3,2026-10-08
ORBTEXP,604.92,235.75,2026-10-08
ORCHASP,45.38,1.3,2026-10-08
ORCHPHARMA,5875.94,981.2,2026-10-08
ORICONENT,796.55,50.7,2026-10-08
ORIENTALTL,35.21,4.8,2026-10-08
ORIENTBELL,609.19,413.0,2026-10-08
ORIENTCABL,4402.34,386.85,2026-10-08
ORIENTCEM,2261.7,110.1,2026-10-08
ORIENTCER,501.77,41.95,2026-10-08
ORIENTELEC,3476.8,162.95,2026-10-08
ORIENTHOT,2484.67,139.1,2026-10-08
ORIENTLTD,80.0,80.0,2026-10-08
ORIENTPPR,333.77,15.75,2026-10-08
ORIENTTECH,1076.16,234.95,2026-10-08
ORIRAIL,799.88,119.3,2026-10-08
ORISSAMINE,2076.24,3460.4,2026-10-08
ORKLAINDIA,7530.3,549.7,2026-10-08
ORTINGLOBE,11.69,14.4,2026-10-08
OSWALAGRO,429.01,31.95,2026-10-08
OSWALGREEN,487.94,19.0,2026-10-08
OSWALPUMPS,2912.26,255.45,2026-10-08
OSWALSEEDS,108.94,11.9,2026-10-08
PACEDIGITK,3493.55,161.85,2026-10-08
PACIFICI,91.68,133.0,2026-10-08
PAGEIND,40655.87,36450.0,2026-10-08
PAISALO,7416.49,81.15,2026-10-08
PAKKA,341.73,71.7,2026-10-08
PALASHSECU,87.13,87.1,2026-10-08
PALREDTEC,50.46,41.25,2026-10-08
PANACEABIO,2110.09,344.5,2026-10-08
PANACHE,943.62,589.25,2026-10-08
PANAMAPET,3032.54,501.3,2026-10-08
PANCHMAHQ,513.21,269.0,2026-10-08
PANORAMA,1658.31,63.65,2026-10-08
PANSARI,465.74,266.95,2026-10-08
PAR,149.46,121.45,2026-10-08
PARACABLES,1801.45,55.05,2026-10-08
PARADEEP,15634.92,150.55,2026-10-08
PARAGMILK,3809.11,303.25,2026-10-08
PARAS,10008.14,1241.9,2026-10-08
PARASPETRO,67.51,2.0,2026-10-08
PARIN,769.25,691.9,2026-10-08
PARKHOSPS,11266.92,260.85,2026-10-08
PARKHOTELS,2158.49,101.15,2026-10-08
PARNAXLAB,129.87,113.05,2026-10-08
PARSVNATH,99.66,2.3,2026-10-08
PASHUPATI,1099.83,69.7,2026-10-08
PASUPTAC,626.87,70.35,2026-10-08
PATANJALI,38627.86,355.0,2026-10-08
PATELENG,2468.45,24.9,2026-10-08
PATELRMART,766.91,229.6,2026-10-08
PATINTLOG,82.8,12.9,2026-10-08
PAUSHAKLTD,1656.08,671.65,2026-10-08
PAVNAIND,210.41,15.1,2026-10-08
PAYTM,105319.92,1641.5,2026-10-08
PBMPOLY,41.44,60.25,2026-10-08
PCBL,12561.29,319.25,2026-10-08
PCJEWELLER,13555.47,13.9,2026-10-08
PDMJEPAPER,877.05,92.35,2026-10-08
PDSL,4766.51,336.95,2026-10-08
PEARLPOLY,28.77,17.1,2026-10-08
PENIND,2329.04,171.9,2026-10-08
PENINLAND,484.32,14.6,2026-10-08
PERMAGN,735.81,855.75,2026-10-08
PERNIASPOP,4231.63,528.55,2026-10-08
PERSISTENT,86257.7,5468.0,2026-10-08
PETRONET,43275.0,288.5,2026-10-08
PFC,106824.29,323.7,2026-10-08
PFIZER,17155.4,3750.0,2026-10-08
PFOCUS,21178.76,271.95,2026-10-08
PFS,1694.99,26.4,2026-10-08
PGEL,14641.82,510.6,2026-10-08
PGHH,22258.33,6857.0,2026-10-08
PGHL,8559.47,5156.5,2026-10-08
PGIL,11753.65,1272.3,2026-10-08
PHOENIXLTD,63351.9,1771.2,2026-10-08
PHOENXINTL,46.74,27.85,2026-10-08
PICCADIL,5649.17,573.1,2026-10-08
PIDILITIND,148620.61,1460.1,2026-10-08
PIGL,201.86,96.2,2026-10-08
PIIND,31860.8,2100.0,2026-10-08
PILANIINVS,4371.88,3948.5,2026-10-08
PILITA,172.49,7.35,2026-10-08
PINELABS,19591.36,169.8,2026-10-08
PIONEEREMB,63.31,20.55,2026-10-08
PIONRINV,73.13,59.45,2026-10-08
PIRAMALFIN,46294.35,1956.4,2026-10-08
PITTIENG,4014.25,1066.1,2026-10-08
PIXTRANS,2391.36,1755.1,2026-10-08
PKTEA,278.6,899.9,2026-10-08
PLASTIBLEN,518.41,199.45,2026-10-08
PLATIND,1071.97,195.15,2026-10-08
PLAZACABLE,247.02,56.45,2026-10-08
PML,139.86,453.5,2026-10-08
PNB,132502.14,115.3,2026-10-08
PNBGILTS,1231.09,68.4,2026-10-08
PNBHOUSING,29992.45,1150.0,2026-10-08
PNC,24.25,16.75,2026-10-08
PNCINFRA,3450.2,134.5,2026-10-08
PNGJL,8630.49,586.3,2026-10-08
PNGSREVA,2225.07,701.95,2026-10-08
POCL,3298.27,432.4,2026-10-08
PODDARMENT,265.46,250.2,2026-10-08
POEL,394.58,128.25,2026-10-08
POKARNA,2102.85,678.25,2026-10-08
POLICYBZR,46090.17,996.0,2026-10-08
POLYCAB,122828.71,8151.0,2026-10-08
POLYMED,16270.54,1605.2,2026-10-08
POLYPLEX,3135.79,998.9,2026-10-08
POLYSPIN,29.96,29.95,2026-10-08
PONNIERODE,299.53,348.35,2026-10-08
POONAWALLA,38560.41,437.9,2026-10-08
POWERGRID,227539.27,244.65,2026-10-08
POWERICA,7403.28,585.0,2026-10-08
POWERINDIA,137884.6,30935.0,2026-10-08
POWERMECH,7733.03,2445.9,2026-10-08
PPAP,334.15,236.1,2026-10-08
PPL,582.77,243.65,2026-10-08
PPLPHARMA,26151.67,196.45,2026-10-08
PRABHA,3108.63,212.3,2026-10-08
PRADPME,1015.04,587.75,2026-10-08
PRAENG,127.07,18.15,2026-10-08
PRAJIND,5325.98,289.75,2026-10-08
PRAKASH,2064.99,115.3,2026-10-08
PRAKASHSTL,59.68,3.4,2026-10-08
PRANAV,1078.14,95.75,2026-10-08
PRASOLCHEM,5197.49,878.2,2026-10-08
PRAVEG,610.75,233.65,2026-10-08
PRAXIS,81.01,4.35,2026-10-08
PRECAM,1044.08,109.9,2026-10-08
PRECOT,708.78,590.65,2026-10-08
PRECWIRE,9015.18,493.15,2026-10-08
PREMCO,130.75,395.65,2026-10-08
PREMEXPLN,3704.42,689.05,2026-10-08
PREMIER,7.93,2.6,2026-10-08
PREMIERENE,40158.82,884.65,2026-10-08
PREMIERPOL,1029.09,98.25,2026-10-08
PRESTIGE,60776.04,1411.0,2026-10-08
PRICOLLTD,7923.52,650.1,2026-10-08
PRIMESECU,1007.37,296.5,2026-10-08
PRIMO,595.68,24.6,2026-10-08
PRINCEPIPE,2755.73,249.25,2026-10-08
PRIORITY,558.09,310.05,2026-10-08
PRISMX,21.52,0.5,2026-10-08
PRITI,42.28,31.65,2026-10-08
PRITIKAUTO,256.6,15.4,2026-10-08
PRIVISCL,13462.18,3446.3,2026-10-08
PROSTARM,744.53,126.45,2026-10-08
PROTEAN,2604.57,638.7,2026-10-08
PROZONER,801.17,52.5,2026-10-08
PRSMJOHNSN,4876.02,96.85,2026-10-08
PRUDENT,13294.03,3210.6,2026-10-08
PRUDMOULI,44.83,13.9,2026-10-08
PSB,14758.82,20.8,2026-10-08
PSPPROJECT,2963.03,747.45,2026-10-08
PTC,4397.8,148.55,2026-10-08
PTCIL,36686.77,24470.0,2026-10-08
PTL,500.25,37.8,2026-10-08
PUNJABCHEM,1258.1,1026.0,2026-10-08
PURVA,4799.67,202.4,2026-10-08
PVP,1308.53,50.25,2026-10-08
PVRINOX,12856.34,1309.2,2026-10-08
PVSL,655.45,92.05,2026-10-08
PWL,40809.56,140.5,2026-10-08
PYRAMID,554.27,150.7,2026-10-08
QMSMEDI,372.28,192.5,2026-10-08
QPOWER,11865.99,1532.2,2026-10-08
QUADFUTURE,2023.0,505.75,2026-10-08
QUESS,4791.55,320.75,2026-10-08
QUICKHEAL,743.71,137.05,2026-10-08
QUINT,264.41,56.0,2026-10-08
QUINTEGRA,4.32,1.6,2026-10-08
RACE,174.4,101.05,2026-10-08
RACLGEAR,1770.57,1502.0,2026-10-08
RADAAN,15.27,2.8,2026-10-08
RADHIKAJWE,804.29,68.15,2026-10-08
RADIANTCMS,356.94,33.45,2026-10-08
RADICO,59153.23,4415.0,2026-10-08
RADIOCITY,197.39,5.7,2026-10-08
RAILTEL,7962.48,248.1,2026-10-08
RAIN,7117.07,211.6,2026-10-08
RAINBOW,12499.81,1230.7,2026-10-08
RAJMET,84.6,3.05,2026-10-08
RAJOOENG,1070.62,59.9,2026-10-08
RAJPALAYAM,664.78,721.0,2026-10-08
RAJRATAN,2255.5,444.25,2026-10-08
RAJRILTD,1157.21,20.8,2026-10-08
RAJSREESUG,90.33,27.25,2026-10-08
RAJTV,51.97,10.0,2026-10-08
RALLIS,3806.92,195.75,2026-10-08
RAMANEWS,421.77,28.6,2026-10-08
RAMAPHO,389.57,110.1,2026-10-08
RAMASTEEL,678.96,4.15,2026-10-08
RAMBHAJO,1633.36,356.55,2026-10-08
RAMCOCEM,19326.35,817.9,2026-10-08
RAMCOIND,2524.92,290.75,2026-10-08
RAMCOSYS,2020.63,537.45,2026-10-08
RAMKY,1866.96,269.8,2026-10-08
RAMRAT,5705.03,611.15,2026-10-08
RANASUG,206.7,13.45,2026-10-08
RANEHOLDIN,2160.38,1513.1,2026-10-08
RATEGAIN,9849.49,830.95,2026-10-08
RATNAMANI,17515.29,2498.9,2026-10-08
RATNAVEER,2780.9,331.35,2026-10-08
RAYMOND,7769.82,1167.1,2026-10-08
RAYMONDLSL,3633.49,596.4,2026-10-08
RAYMONDREL,4526.35,679.9,2026-10-08
RBA,6594.56,92.6,2026-10-08
RBLBANK,62174.31,400.7,2026-10-08
RBZJEWEL,775.92,194.0,2026-10-08
RCF,5709.97,103.5,2026-10-08
RCOM,235.07,0.85,2026-10-08
RECLTD,77680.11,295.0,2026-10-08
REDINGTON,30332.85,388.0,2026-10-08
REDTAPE,6255.57,113.15,2026-10-08
REFEX,3550.1,258.7,2026-10-08
REGAAL,858.35,83.35,2026-10-08
REGENCERAM,81.6,30.85,2026-10-08
RELAXO,7015.09,281.8,2026-10-08
RELCHEMQ,83.98,111.35,2026-10-08
RELIABLE,144.23,139.75,2026-10-08
RELIANCE,1594133.06,1178.0,2026-10-08
RELIGARE,7526.59,220.55,2026-10-08
RELINFRA,2307.54,56.45,2026-10-08
RELTD,2855.34,143.8,2026-10-08
REMSONSIND,345.13,98.95,2026-10-08
RENTOMOJO,6251.57,600.45,2026-10-08
RENUKA,4603.92,21.65,2026-10-08
REPCOHOME,2108.94,337.1,2026-10-08
REPL,101.09,55.8,2026-10-08
REPRO,424.55,295.95,2026-10-08
RESPONIND,4078.84,153.0,2026-10-08
RETAIL,23.37,28.5,2026-10-08
RGL,1671.53,155.65,2026-10-08
RHETAN,1455.09,18.25,2026-10-08
RHIM,7580.67,367.1,2026-10-08
RHL,278.9,161.3,2026-10-08
RICOAUTO,1594.74,117.9,2026-10-08
RIIL,1030.73,682.6,2026-10-08
RIR,1379.31,173.35,2026-10-08
RISHABH,2495.57,644.9,2026-10-08
RITCO,779.97,272.5,2026-10-08
RITES,9412.62,195.85,2026-10-08
RKDL,38.88,16.2,2026-10-08
RKEC,52.85,20.45,2026-10-08
RKFORGE,12765.56,700.75,2026-10-08
RKSWAMY,441.17,87.4,2026-10-08
RMC,197.31,186.45,2026-10-08
RMDRIP,925.83,21.6,2026-10-08
RML,3536.45,1279.6,2026-10-08
RNBDENIMS,234.56,8.7,2026-10-08
ROHLTD,808.77,294.9,2026-10-08
ROLEXRINGS,4463.34,170.15,2026-10-08
ROLLT,130.07,5.2,2026-10-08
ROML,61.69,41.15,2026-10-08
ROSSARI,2270.05,409.8,2026-10-08
ROSSELLIND,319.94,51.25,2026-10-08
ROSSTECH,5918.72,1570.1,2026-10-08
ROTO,1144.43,60.75,2026-10-08
ROUTE,2613.37,414.8,2026-10-08
RPEL,7885.72,1717.2,2026-10-08
RPGLIFE,4650.27,2811.7,2026-10-08
RPOWER,8188.83,19.8,2026-10-08
RPPINFRA,264.99,53.45,2026-10-08
RPPL,138.54,18.65,2026-10-08
RPSGVENT,2794.64,844.65,2026-10-08
RPTECH,5968.55,898.8,2026-10-08
RRECL,352.43,133.95,2026-10-08
RRIL,193.58,15.95,2026-10-08
RRKABEL,30497.77,2696.4,2026-10-08
RSDFIN,116.52,90.0,2026-10-08
RSL,1436.86,171.95,2026-10-08
RSSOFTWARE,74.03,28.65,2026-10-08
RSWM,922.2,195.8,2026-10-08
RSYSTEMS,2877.67,242.85,2026-10-08
RTNINDIA,3459.82,25.05,2026-10-08
RTNPOWER,3452.98,6.45,2026-10-08
RTSPOWR,104.2,113.65,2026-10-08
RUBFILA,345.79,63.7,2026-10-08
RUBICON,25415.77,1535.4,2026-10-08
RUBYMILLS,1622.01,485.05,2026-10-08
RUCHINFRA,113.06,4.8,2026-10-08
RUCHIRA,299.49,100.35,2026-10-08
RUDRA,194.47,19.4,2026-10-08
RUNWALENTR,3889.8,263.2,2026-10-08
RUPA,987.22,124.15,2026-10-08
RUSHIL,438.36,14.95,2026-10-08
RUSTOMJEE,4532.4,359.0,2026-10-08
RVHL,228.81,37.3,2026-10-08
RVNL,39031.58,187.2,2026-10-08
RVTH,223.44,728.55,2026-10-08
S&SPOWER,339.64,275.2,2026-10-08
SAATVIKGL,5049.25,397.25,2026-10-08
SAB,260.09,171.0,2026-10-08
SADBHAV,115.3,6.7,2026-10-08
SADBHIN,94.04,2.65,2026-10-08
SADHNANIQ,773.21,2.55,2026-10-08
SAFARI,6317.22,1289.3,2026-10-08
SAGARDEEP,38.21,22.4,2026-10-08
SAGCEM,1887.02,144.35,2026-10-08
SAGILITY,20293.56,43.35,2026-10-08
SAHLIBHFI,240.65,77.9,2026-10-08
SAHYADRI,370.97,338.9,2026-10-08
SAICAPI,41.19,143.05,2026-10-08
SAIL,68669.98,166.25,2026-10-08
SAILIFE,31978.07,1505.6,2026-10-08
SAIPARENT,2210.95,500.45,2026-10-08
SAKAR,2230.33,1002.4,2026-10-08
SAKHTISUG,212.5,17.9,2026-10-08
SAKSOFT,1760.28,132.8,2026-10-08
SAKUMA,233.59,1.5,2026-10-08
SALASAR,714.91,4.1,2026-10-08
SALONA,145.77,277.0,2026-10-08
SALSTEEL,1287.41,88.95,2026-10-08
SALZERELEC,902.35,510.3,2026-10-08
SAMBANDAM,44.88,105.25,2026-10-08
SAMBHAAV,107.21,5.6,2026-10-08
SAMBHV,4635.48,157.3,2026-10-08
SAMHI,3199.53,143.9,2026-10-08
SAMMAANCAP,14846.85,127.8,2026-10-08
SAMPANN,116.07,23.8,2026-10-08
SANATHAN,4242.57,502.65,2026-10-08
SANDESH,749.64,990.35,2026-10-08
SANDHAR,3215.09,534.15,2026-10-08
SANDUMA,8708.57,179.15,2026-10-08
SANGAMIND,3029.62,602.95,2026-10-08
SANGHVIMOV,3369.54,389.2,2026-10-08
SANOFI,6862.43,2979.7,2026-10-08
SANOFICONR,8292.18,3600.5,2026-10-08
SANSERA,25768.93,4129.4,2026-10-08
SANSTAR,1951.01,97.4,2026-10-08
SAPPHIRE,6591.88,205.1,2026-10-08
SAPPL,290.66,328.4,2026-10-08
SARDAEN,17333.63,491.9,2026-10-08
SAREGAMA,9290.53,481.85,2026-10-08
SARLAPOLY,744.86,93.7,2026-10-08
SARVESHWAR,439.69,3.55,2026-10-08
SASKEN,2427.75,1598.1,2026-10-08
SATIA,676.4,67.65,2026-10-08
SATIN,2401.53,217.4,2026-10-08
SAURASHCEM,552.88,49.7,2026-10-08
SAYAJIHOTL,537.1,306.6,2026-10-08
SAYAJIIND,291.76,115.4,2026-10-08
SBC,3010.0,63.2,2026-10-08
SBCL,6051.9,1050.6,2026-10-08
SBFC,9014.14,81.3,2026-10-08
SBGLP,390.19,22.5,2026-10-08
SBICARD,52116.73,547.65,2026-10-08
SBIFUNDS,101831.2,499.95,2026-10-08
SBILIFE,168822.9,1682.5,2026-10-08
SBIN,867692.08,940.0,2026-10-08
SCANSTL,285.28,48.7,2026-10-08
SCHAEFFLER,58405.99,3736.7,2026-10-08
SCHAND,500.34,141.85,2026-10-08
SCHNEIDER,28486.85,1191.4,2026-10-08
SCI,13077.31,280.75,2026-10-08
SCILAL,1721.13,36.95,2026-10-08
SCODATUBES,717.05,119.7,2026-10-08
SCPL,639.29,608.85,2026-10-08
SDBL,1374.28,70.5,2026-10-08
SEAMECLTD,3998.59,1572.7,2026-10-08
SECMARK,146.05,139.8,2026-10-08
SECURKLOUD,50.68,15.15,2026-10-08
SEDEMAC,14276.35,3232.1,2026-10-08
SEIL,2867.73,178.1,2026-10-08
SEJALLTD,773.55,678.55,2026-10-08
SEKURITIND,978.57,107.4,2026-10-08
SEMAC,67.9,217.8,2026-10-08
SENCO,5525.1,337.1,2026-10-08
SENORES,6104.86,1325.6,2026-10-08
SEPC,946.74,4.95,2026-10-08
SERVOTECH,1548.4,68.55,2026-10-08
SESHAPAPER,1450.5,230.0,2026-10-08
SETCO,242.25,18.1,2026-10-08
SETL,8146.24,408.35,2026-10-08
SEYAIND,33.88,12.75,2026-10-08
SFL,6618.27,606.05,2026-10-08
SGFIN,4256.16,645.9,2026-10-08
SGIL,942.45,606.35,2026-10-08
SGL,24.67,9.15,2026-10-08
SGLRES,56.61,2.25,2026-10-08
SGMART,9370.09,743.45,2026-10-08
SGRL,906.47,706.25,2026-10-08
SHADOWFAX,16790.86,286.1,2026-10-08
SHAH,289.8,2.95,2026-10-08
SHAHALLOYS,158.38,80.0,2026-10-08
SHAHINVEST,335.24,158.5,2026-10-08
SHAILY,14042.35,3053.0,2026-10-08
SHAKTIPUMP,5264.77,426.65,2026-10-08
SHALBY,1408.66,130.4,2026-10-08
SHALPAINTS,637.54,76.15,2026-10-08
SHANKARA,279.59,115.3,2026-10-08
SHANKESH,1350.34,91.85,2026-10-08
SHANTI,6.17,5.55,2026-10-08
SHANTIGEAR,4273.07,557.0,2026-10-08
SHANTIGOLD,2690.87,350.65,2026-10-08
SHARDACROP,6548.2,725.8,2026-10-08
SHARDAMOTR,5077.14,884.4,2026-10-08
SHARDUL,498.88,57.0,2026-10-08
SHAREINDIA,4043.18,185.9,2026-10-08
SHBAJRG,145.49,161.65,2026-10-08
SHEKHAWATI,84.55,24.55,2026-10-08
SHEMAROO,295.78,102.95,2026-10-08
SHERVANI,81.05,315.0,2026-10-08
SHILCTECH,4512.01,3944.0,2026-10-08
SHILGRAVQ,87.32,142.0,2026-10-08
SHILPAMED,20053.0,1025.3,2026-10-08
SHINDL,621.12,158.4,2026-10-08
SHIPROCKET,9393.03,129.1,2026-10-08
SHIVAAGRO,39.0,39.05,2026-10-08
SHIVACEM,382.02,12.95,2026-10-08
SHIVALIK,554.33,351.95,2026-10-08
SHIVAMAUTO,221.44,16.85,2026-10-08
SHIVAMILLS,51.95,60.1,2026-10-08
SHIVATEX,214.26,165.3,2026-10-08
SHIVAUM,750.06,551.5,2026-10-08
SHK,1884.32,136.15,2026-10-08
SHOPERSTOP,4239.61,384.7,2026-10-08
SHRADDHA,641.85,158.85,2026-10-08
SHRADHA,243.24,30.05,2026-10-08
SHREDIGCEM,922.99,62.4,2026-10-08
SHREECEM,77934.42,21600.0,2026-10-08
SHREEJISPG,13045.68,800.75,2026-10-08
SHREEPUSHK,1578.73,488.2,2026-10-08
SHREERAMA,551.76,41.35,2026-10-08
SHREYANIND,178.37,129.0,2026-10-08
SHRIKRISH,98.0,35.0,2026-10-08
SHRINGARMS,2107.91,218.6,2026-10-08
SHRIPISTON,19808.79,4270.4,2026-10-08
SHRIRAMFIN,215833.06,917.25,2026-10-08
SHRIRAMPPS,1122.91,65.8,2026-10-08
SHRJAGP,569.71,650.5,2026-10-08
SHUKRAPHAR,2935.75,66.8,2026-10-08
SHYAMCENT,104.39,4.9,2026-10-08
SHYAMMETL,29777.79,1066.8,2026-10-08
SHYAMTEL,12.55,11.15,2026-10-08
SICAGEN,197.15,49.8,2026-10-08
SICALLOG,682.72,85.55,2026-10-08
SIEL,41.48,29.95,2026-10-08
SIEMENS,129592.25,3639.0,2026-10-08
SIGACHI,1091.71,28.55,2026-10-08
SIGIND,171.21,58.15,2026-10-08
SIGMA,457.14,44.5,2026-10-08
SIGMAADV,19652.65,1037.1,2026-10-08
SIGNATURE,10006.29,711.25,2026-10-08
SIGNPOST,1393.71,260.75,2026-10-08
SIKA,2180.93,1028.7,2026-10-08
SIKKO,262.52,6.0,2026-10-08
SIL,101.7,15.8,2026-10-08
SILGO,274.05,69.75,2026-10-08
SILINV,489.63,462.1,2026-10-08
SILVERTUC,1597.55,126.0,2026-10-08
SIMPLEXINF,1924.79,243.35,2026-10-08
SIMPLXREA,37.51,125.4,2026-10-08
SINCLAIR,383.58,74.85,2026-10-08
SINDHUTRAD,3239.59,21.0,2026-10-08
SINGERIND,471.62,75.8,2026-10-08
SINTERCOM,202.08,73.4,2026-10-08
SIRCA,2284.21,402.2,2026-10-08
SIS,5814.98,411.4,2026-10-08
SIYSIL,2461.55,542.55,2026-10-08
SJS,6386.37,1980.3,2026-10-08
SJVN,21315.21,54.25,2026-10-08
SKFINDIA,6959.38,1407.7,2026-10-08
SKFINDUS,12965.6,2622.6,2026-10-08
SKIPPER,5842.78,517.5,2026-10-08
SKMEGGPROD,1090.59,207.1,2026-10-08
SKYGOLD,13698.6,884.5,2026-10-08
SKYWAYS,1615.35,111.15,2026-10-08
SMARTLINK,216.57,217.1,2026-10-08
SMARTWORKS,5517.17,482.35,2026-10-08
SMCGLOBAL,2257.96,107.85,2026-10-08
SMLMAH,8466.64,5850.5,2026-10-08
SMLT,104.4,76.25,2026-10-08
SMSPHARMA,4183.9,446.75,2026-10-08
SNOWMAN,573.95,34.35,2026-10-08
SOBHA,12659.77,1183.9,2026-10-08
SOFTTECH,624.0,450.8,2026-10-08
SOLARA,3148.12,654.9,2026-10-08
SOLARINDS,179803.74,19870.0,2026-10-08
SOLARWORLD,1082.63,124.9,2026-10-08
SOLEX,705.56,653.15,2026-10-08
SOMANYCERA,2463.23,600.6,2026-10-08
SOMATEX,253.4,76.7,2026-10-08
SOMICONVEY,97.58,82.85,2026-10-08
SONA,566.98,99.75,2026-10-08
SONACOMS,49493.38,793.0,2026-10-08
SONAL,125.28,85.0,2026-10-08
SONAMLTD,280.1,69.95,2026-10-08
SONATSOFTW,6755.43,240.9,2026-10-08
SOTL,5239.39,764.2,2026-10-08
SOUTHBANK,12150.94,46.4,2026-10-08
SOUTHWEST,559.19,187.45,2026-10-08
SPAL,2319.82,922.8,2026-10-08
SPANDANA,1490.99,209.1,2026-10-08
SPARC,6092.15,187.75,2026-10-08
SPCENET,185.85,3.25,2026-10-08
SPECIALITY,707.52,146.7,2026-10-08
SPECTRUM,5987.92,3810.6,2026-10-08
SPENCERS,244.37,27.1,2026-10-08
SPIC,1257.89,61.75,2026-10-08
SPLIL,87.0,30.0,2026-10-08
SPLPETRO,14735.86,783.65,2026-10-08
SPMLINFRA,1304.22,153.7,2026-10-08
SPORTKING,2609.47,196.4,2026-10-08
SRD,238.02,37.2,2026-10-08
SREEL,644.17,278.2,2026-10-08
SRF,73667.5,2485.2,2026-10-08
SRGHFL,190.01,120.95,2026-10-08
SRHHYPOLTD,917.89,534.75,2026-10-08
SRIKPRIND,49.76,24.7,2026-10-08
SRIT,899.68,140.0,2026-10-08
SRM,932.22,406.3,2026-10-08
SRTL,147.11,36.8,2026-10-08
SSDL,257.44,65.0,2026-10-08
SSRETAIL,5067.78,681.45,2026-10-08
SSWL,6455.73,410.5,2026-10-08
STALLION,2549.47,219.6,2026-10-08
STANLEY,727.15,127.3,2026-10-08
STAR,10095.68,1095.3,2026-10-08
STARCEMENT,6996.86,169.65,2026-10-08
STARHEALTH,32109.42,545.5,2026-10-08
STARPAPER,232.69,149.1,2026-10-08
STARTECK,261.88,264.25,2026-10-08
STCINDIA,612.48,102.1,2026-10-08
STEAMHOUSE,3350.32,121.2,2026-10-08
STEELCAS,3645.73,360.25,2026-10-08
STEELCITY,120.81,79.95,2026-10-08
STEELXIND,1316.34,10.3,2026-10-08
STEL,1047.81,567.75,2026-10-08
STERTOOLS,842.06,231.7,2026-10-08
STLNETWORK,2346.34,48.05,2026-10-08
STLSTRINF,19.01,22.0,2026-10-08
STLTECH,51999.48,1011.55,2026-10-08
STOVEKRAFT,2658.85,803.1,2026-10-08
STUDDS,1637.1,416.0,2026-10-08
STYL,5731.97,354.25,2026-10-08
STYLAMIND,5497.61,3243.8,2026-10-08
STYLEBAAZA,2834.23,372.35,2026-10-08
STYRENIX,3500.42,1990.5,2026-10-08
SUBEXLTD,1034.65,18.4,2026-10-08
SUBROS,4334.92,664.5,2026-10-08
SUDARCOLOR,812.25,351.9,2026-10-08
SUDARSCHEM,9369.25,1176.8,2026-10-08
SUDEEPPHRM,12592.64,1114.9,2026-10-08
SUKHJITS,458.26,146.65,2026-10-08
SULA,1102.71,130.6,2026-10-08
SUMEDHA,33.49,41.95,2026-10-08
SUMEETINDS,792.01,11.4,2026-10-08
SUMICHEM,20534.86,411.4,2026-10-08
SUMIT,219.77,45.9,2026-10-08
SUMMITSEC,1422.68,1305.0,2026-10-08
SUNCLAY,2426.84,1100.8,2026-10-08
SUNDARAM,49.76,1.05,2026-10-08
SUNDARMFIN,45670.35,4110.6,2026-10-08
SUNDRMBRAK,263.5,669.7,2026-10-08
SUNDRMFAST,23288.53,1108.3,2026-10-08
SUNDROP,2802.95,743.55,2026-10-08
SUNFLAG,8122.49,450.7,2026-10-08
SUNLOC,74.35,72.5,2026-10-08
SUNPHARMA,422234.97,1759.8,2026-10-08
SUNRAKSHAK,1097.02,353.8,2026-10-08
SUNSHIEL,921.96,1048.3,2026-10-08
SUNSHINE,1348.12,432.8,2026-10-08
SUNTECK,3988.23,271.6,2026-10-08
SUNTV,24204.68,614.2,2026-10-08
SUPERHOUSE,167.7,152.1,2026-10-08
SUPERSPIN,37.78,6.85,2026-10-08
SUPRAJIT,6459.09,470.85,2026-10-08
SUPREME,115.79,29.95,2026-10-08
SUPREMEIND,43976.7,3462.0,2026-10-08
SUPREMEINF,486.73,49.9,2026-10-08
SUPRIYA,6932.39,861.35,2026-10-08
SUPTANERY,95.99,8.9,2026-10-08
SURAJEST,940.47,196.85,2026-10-08
SURAJLTD,338.95,184.55,2026-10-08
SURAKSHA,1611.38,309.4,2026-10-08
SURANASOL,116.77,23.75,2026-10-08
SURANAT&P,211.92,15.6,2026-10-08
SURYALA,160.59,376.35,2026-10-08
SURYALAXMI,104.56,55.6,2026-10-08
SURYAROSNI,4635.64,213.0,2026-10-08
SURYODAY,1584.25,149.05,2026-10-08
SUTLEJTEX,577.5,35.25,2026-10-08
SUVEN,8163.24,288.9,2026-10-08
SUVIDHAA,43.43,2.05,2026-10-08
SUYOG,753.76,643.3,2026-10-08
SUZLON,50075.17,36.45,2026-10-08
SVGLOBAL,246.04,136.05,2026-10-08
SVLL,920.99,801.3,2026-10-08
SVPGLOB,39.59,3.15,2026-10-08
SWANCORP,8157.72,260.25,2026-10-08
SWANDEF,14672.51,2785.1,2026-10-08
SWARAJ,960.57,363.6,2026-10-08
SWARAJENG,4242.25,3491.6,2026-10-08
SWARNSAR,81.63,39.1,2026-10-08
SWASTIKAIN,752.73,220.6,2026-10-08
SWELECTES,881.63,581.6,2026-10-08
SWIGGY,64853.57,234.95,2026-10-08
SWISSMLTRY,328.7,13.9,2026-10-08
SWSOLAR,3738.76,160.1,2026-10-08
SYMBIOTEC,7028.33,1093.8,2026-10-08
SYMPHONY,3700.36,538.85,2026-10-08
SYNCOMF,2215.58,23.55,2026-10-08
SYNGENE,13966.95,346.0,2026-10-08
SYRMA,32412.88,1680.9,2026-10-08
SYSTMTXC,996.73,73.0,2026-10-08
TAALTECH,1622.84,1041.5,2026-10-08
TAINWALCHM,190.41,203.35,2026-10-08
TAJGVK,2021.5,322.4,2026-10-08
TAKE,188.17,12.7,2026-10-08
TALBROAUTO,2502.15,405.35,2026-10-08
TAMBOLIIN,288.23,290.55,2026-10-08
TANAA,842.41,330.35,2026-10-08
TANLA,6543.5,493.35,2026-10-08
TARACHAND,363.46,46.1,2026-10-08
TARAPUR,26.95,13.8,2026-10-08
TARC,3468.86,117.55,2026-10-08
TARIL,8487.19,282.75,2026-10-08
TARMAT,138.23,55.15,2026-10-08
TARSONS,1743.3,327.65,2026-10-08
TASTYBITE,2309.14,8999.0,2026-10-08
TATACAP,133670.93,314.9,2026-10-08
TATACHEM,15105.77,592.95,2026-10-08
TATACOMM,47820.27,1677.4,2026-10-08
TATACONSUM,94209.08,951.9,2026-10-08
TATAELXSI,18666.8,2996.0,2026-10-08
TATAINVEST,30827.71,609.3,2026-10-08
TATAPOWER,107251.57,335.65,2026-10-08
TATASTEEL,214666.73,171.95,2026-10-08
TATATECH,28206.39,694.65,2026-10-08
TATVA,4340.63,1855.6,2026-10-08
TBOTEK,18096.15,1666.5,2026-10-08
TBZ,3781.29,566.65,2026-10-08
TCC,1065.58,44.85,2026-10-08
TCI,6738.48,877.05,2026-10-08
TCIEXP,1834.56,477.2,2026-10-08
TCIFINANCE,18.16,14.1,2026-10-08
TCPLPACK,3634.9,3994.4,2026-10-08
TCS,751114.97,2076.0,2026-10-08
TDPOWERSYS,24793.45,793.5,2026-10-08
TEAMGTY,212.01,235.75,2026-10-08
TEAMLEASE,1645.65,1076.9,2026-10-08
TECHM,146651.4,1496.2,2026-10-08
TECHNOCRAF,1871.39,472.5,2026-10-08
TECHNOE,10963.56,942.7,2026-10-08
TECHNVISN,2751.27,4384.5,2026-10-08
TECILCHEM,17.96,9.45,2026-10-08
TEGA,14710.75,1958.1,2026-10-08
TEJASNET,8034.87,451.15,2026-10-08
TEMBO,1059.51,55.9,2026-10-08
TEMPSENS,4703.01,561.0,2026-10-08
TENNIND,18920.97,468.8,2026-10-08
TERAI,80.27,116.7,2026-10-08
TERASOFT,271.71,217.15,2026-10-08
TEXINFRA,1529.63,120.05,2026-10-08
TEXMOPIPES,150.12,51.4,2026-10-08
TEXRAIL,4356.71,107.1,2026-10-08
TFCILTD,6789.56,146.65,2026-10-08
TFL,65.48,11.9,2026-10-08
TGBHOTELS,26.33,9.0,2026-10-08
TGVSL,1293.86,120.8,2026-10-08
THACKER,102.11,938.75,2026-10-08
THAKDEV,119.7,133.0,2026-10-08
THANGAMAYL,14952.01,4810.5,2026-10-08
THEINVEST,473.94,90.7,2026-10-08
THEJO,2249.67,2073.8,2026-10-08
THELEELA,19601.66,586.95,2026-10-08
THEMISMED,1001.22,108.7,2026-10-08
THERMAX,37392.44,3138.1,2026-10-08
THOMASCOOK,4634.66,98.55,2026-10-08
THOMASCOTT,390.82,266.4,2026-10-08
THYROCARE,7974.18,501.0,2026-10-08
TI,13586.04,548.05,2026-10-08
TICL,134.23,8.65,2026-10-08
TIGERLOGS,263.04,24.9,2026-10-08
TIIL,5853.89,2581.9,2026-10-08
TIINDIA,43379.56,2241.0,2026-10-08
TIJARIA,18.24,6.35,2026-10-08
TIL,1890.17,229.45,2026-10-08
TIMETECHNO,8869.64,179.7,2026-10-08
TIMEX,7159.88,709.25,2026-10-08
TIMKEN,22682.96,3015.6,2026-10-08
TINNARUBR,1584.67,879.6,2026-10-08
TIPSFILMS,137.55,318.2,2026-10-08
TIPSMUSIC,7938.69,618.15,2026-10-08
TIRUMALCHM,1721.98,142.85,2026-10-08
TIRUPATIFL,902.35,69.4,2026-10-08
TITAGARH,10477.62,778.0,2026-10-08
TITAN,387030.38,4359.5,2026-10-08
TMB,13546.18,855.45,2026-10-08
TMCV,152172.86,413.2,2026-10-08
TMPV,100549.71,273.0,2026-10-08
TNPETRO,1070.48,119.0,2026-10-08
TNPL,954.76,137.95,2026-10-08
TNTELE,43.11,9.45,2026-10-08
TOKYOPLAST,66.41,69.9,2026-10-08
TOLINS,341.99,86.55,2026-10-08
TORNTPHARM,175619.64,4617.1,2026-10-08
TORNTPOWER,61204.12,1214.6,2026-10-08
TOTAL,112.9,70.0,2026-10-08
TOUCHWOOD,64.87,58.55,2026-10-08
TOYAMSL,42.18,0.75,2026-10-08
TPHQ,49.33,0.45,2026-10-08
TPLPLASTEH,528.0,67.7,2026-10-08
TRACXN,353.59,33.05,2026-10-08
TRANSCOR,76.77,24.0,2026-10-08
TRANSPEK,770.42,1379.3,2026-10-08
TRANSRAILL,6338.9,472.15,2026-10-08
TRANSWORLD,335.25,152.7,2026-10-08
TRAVELFOOD,15623.46,1186.2,2026-10-08
TREEHOUSE,23.91,5.65,2026-10-08
TREJHARA,300.08,124.45,2026-10-08
TREL,632.67,25.75,2026-10-08
TRENT,153379.27,2876.3,2026-10-08
TRF,211.04,191.8,2026-10-08
TRIDENT,11124.47,21.85,2026-10-08
TRIGYN,158.82,51.6,2026-10-08
TRITONV,527.53,1029.9,2026-10-08
TRITURBINE,16417.87,516.45,2026-10-08
TRIVENI,5241.55,237.85,2026-10-08
TRU,51.82,4.35,2026-10-08
TRUALT,3636.34,424.05,2026-10-08
TSFINV,8829.74,397.55,2026-10-08
TTKHLTCARE,1422.92,1007.0,2026-10-08
TTKPRESTIG,7026.38,513.0,2026-10-08
TTL,183.66,7.1,2026-10-08
TTML,6441.49,32.95,2026-10-08
TURTLEMINT,2047.51,69.55,2026-10-08
TUTIALKA,638.54,52.4,2026-10-08
TVSELECT,721.21,386.7,2026-10-08
TVSHLTD,23325.59,11529.0,2026-10-08
TVSMOTOR,182404.95,3839.4,2026-10-08
TVSSCS,5555.89,125.9,2026-10-08
TVSSRICHAK,3258.23,4255.2,2026-10-08
TVTODAY,616.38,103.3,2026-10-08
TVVISION,10.11,2.6,2026-10-08
UBL,30742.39,1162.7,2026-10-08
UCAL,308.24,139.4,2026-10-08
UCOBANK,28790.83,22.95,2026-10-08
UDAYJEW,574.58,168.75,2026-10-08
UDS,1406.62,210.1,2026-10-08
UEL,6514.59,195.4,2026-10-08
UFBL,2602.3,665.25,2026-10-08
UFLEX,4455.81,617.05,2026-10-08
UFO,213.15,54.9,2026-10-08
UGARSUGAR,624.71,55.55,2026-10-08
UGROCAP,1237.96,79.7,2026-10-08
UJJIVANSFB,12155.08,62.3,2026-10-08
ULTRACEMCO,307232.5,10426.0,2026-10-08
ULTRAMAR,1170.34,400.8,2026-10-08
UMAEXPORTS,67.21,19.9,2026-10-08
UMESLTD,12.07,4.55,2026-10-08
UMIYA-MRO,173.22,92.7,2026-10-08
UNICHEMLAB,3737.84,530.9,2026-10-08
UNIDT,459.34,226.25,2026-10-08
UNIECOM,897.91,79.9,2026-10-08
UNIENTER,600.81,86.4,2026-10-08
UNIINFO,11.93,11.15,2026-10-08
UNIMECH,8917.52,1751.9,2026-10-08
UNIONBANK,130923.97,171.5,2026-10-08
UNIPARTS,3507.21,776.6,2026-10-08
UNITDSPR,95879.39,1318.2,2026-10-08
UNITECH,1049.14,4.0,2026-10-08
UNITEDPOLY,1091.58,47.55,2026-10-08
UNITEDTEA,201.36,403.0,2026-10-08
UNIVASTU,467.07,129.8,2026-10-08
UNIVCABLES,4958.1,1549.9,2026-10-08
UNIVPHOTO,499.38,456.2,2026-10-08
UNOMINDA,62665.14,1085.0,2026-10-08
UPHOT,862.38,1597.0,2026-10-08
UPL,40608.77,481.05,2026-10-08
URAVIDEF,116.27,102.0,2026-10-08
URBANCO,24713.44,160.25,2026-10-08
URJA,439.28,8.35,2026-10-08
USHAMART,15357.46,503.95,2026-10-08
USK,103.63,18.7,2026-10-08
UTIAMC,11275.55,877.2,2026-10-08
UTKARSHBNK,2427.27,13.65,2026-10-08
UTLSOLAR,12558.42,409.2,2026-10-08
UTTAMSUGAR,1111.92,291.55,2026-10-08
UYFINCORP,451.06,23.7,2026-10-08
V2RETAIL,5647.14,154.85,2026-10-08
VADILALIND,5151.88,7167.5,2026-10-08
VADILENT,847.31,9822.0,2026-10-08
VAIBHAVGBL,3347.84,199.55,2026-10-08
VAISHALI,107.86,8.0,2026-10-08
VAKRANGEE,545.93,5.05,2026-10-08
VALIANTLAB,637.3,117.35,2026-10-08
VALIANTORG,1263.24,450.6,2026-10-08
VAML,146424.48,374.45,2026-10-08
VARDHACRLC,343.15,42.7,2026-10-08
VARDMNPOLY,253.58,5.25,2026-10-08
VARMORA,3032.17,134.15,2026-10-08
VARROC,12267.22,802.9,2026-10-08
VASCONEQ,702.97,30.35,2026-10-08
VASUPRADA,81.99,98.95,2026-10-08
VASWANI,142.89,43.35,2026-10-08
VBL,146123.77,432.0,2026-10-08
VCL,28.67,1.55,2026-10-08
VEDAVAAG,52.14,22.2,2026-10-08
VEDL,98971.92,253.1,2026-10-08
VEDPOWER,12470.23,31.9,2026-10-08
VEEDOL,2365.83,1357.8,2026-10-08
VEEGALAND,667.39,136.9,2026-10-08
VELJAN,1243.3,2762.9,2026-10-08
VENKEYS,2265.53,1608.2,2026-10-08
VENTIVE,13161.24,563.55,2026-10-08
VENUSPIPES,4391.4,2119.8,2026-10-08
VENUSREM,2246.99,1681.0,2026-10-08
VERANDA,315.65,32.75,2026-10-08
VERTOZ,276.4,32.45,2026-10-08
VESUVIUS,8253.4,406.65,2026-10-08
VETO,259.26,135.65,2026-10-08
VGCL,110.14,48.1,2026-10-08
VGL,321.59,62.4,2026-10-08
VGUARD,12751.36,291.85,2026-10-08
VHL,1139.42,3578.8,2026-10-08
VHLTD,1045.0,136.1,2026-10-08
VIDHIING,1653.18,331.0,2026-10-08
VIDYAWIRES,2085.02,98.05,2026-10-08
VIJAYA,14740.0,1431.1,2026-10-08
VIJIFIN,245.89,12.85,2026-10-08
VIJSOLX,211.6,661.0,2026-10-08
VIKASECO,178.64,1.0,2026-10-08
VIKASLIFE,219.2,1.2,2026-10-08
VIKRAMSOLR,5192.9,143.3,2026-10-08
VIKRAN,1463.9,56.75,2026-10-08
VIMTALABS,2471.9,553.0,2026-10-08
VINATIORGA,11618.84,1120.8,2026-10-08
VINCOFE,2575.12,175.8,2026-10-08
VINDHYATEL,3290.63,2776.7,2026-10-08
VINEETLAB,70.1,36.5,2026-10-08
VINNY,41.41,0.9,2026-10-08
VINYLINDIA,384.71,209.8,2026-10-08
VIPCLOTHNG,179.99,19.95,2026-10-08
VIPIND,3909.32,275.2,2026-10-08
VIPULLTD,131.94,9.35,2026-10-08
VIRAT,590.01,406.25,2026-10-08
VIRINCHI,143.81,12.75,2026-10-08
VIRTUALG,24.35,0.45,2026-10-08
VISACHROME,485.62,33.3,2026-10-08
VISAKAIND,695.99,80.55,2026-10-08
VISHAL,408.06,16.5,2026-10-08
VISHNU,4480.84,665.65,2026-10-08
VISHWARAJ,116.54,5.35,2026-10-08
VISL,11128.96,28.45,2026-10-08
VITAL,125.74,52.5,2026-10-08
VIVIANA,854.89,844.35,2026-10-08
VIVIDHA,14.64,0.5,2026-10-08
VIVIMEDLAB,57.29,6.9,2026-10-08
VIVOBIOT,32.2,14.5,2026-10-08
VIYASH,10416.23,235.85,2026-10-08
VLEGOV,102.38,9.45,2026-10-08
VLSFINANCE,717.54,228.65,2026-10-08
VMART,6454.76,811.15,2026-10-08
VMM,45442.64,97.0,2026-10-08
VMSTMT,221.65,44.65,2026-10-08
VNL,539.03,204.25,2026-10-08
VOEPL,1695.43,532.6,2026-10-08
VOGL,11680.33,29.85,2026-10-08
VOITHPAPR,614.39,1398.7,2026-10-08
VOLTAMP,10520.79,10399.0,2026-10-08
VOLTAS,34147.31,1032.0,2026-10-08
VPRPL,341.52,27.4,2026-10-08
VRAJ,395.3,119.85,2026-10-08
VRLLOG,5019.68,284.1,2026-10-08
VSSL,3637.41,376.15,2026-10-08
VSTIND,3411.83,200.85,2026-10-08
VSTL,198.69,104.8,2026-10-08
VSTTILLERS,3644.11,4211.5,2026-10-08
VTL,15270.83,527.35,2026-10-08
VTMLTD,317.6,31.6,2026-10-08
WAAREEENER,66648.81,2317.0,2026-10-08
WAAREEINDO,819.59,197.0,2026-10-08
WAAREERTL,8308.06,795.95,2026-10-08
WABAG,12086.49,1934.1,2026-10-08
WAKEFIT,4328.3,130.5,2026-10-08
WALCHANNAG,1412.48,208.0,2026-10-08
WANBURY,679.06,194.2,2026-10-08
WATERBASE,182.77,44.1,2026-10-08
WCIL,951.24,93.3,2026-10-08
WEALTH,891.5,836.7,2026-10-08
WEBELSOLAR,2882.85,66.4,2026-10-08
WEIZMANIND,110.11,71.05,2026-10-08
WEL,1008.41,75.25,2026-10-08
WELCORP,69938.81,2651.3,2026-10-08
WELENT,10136.74,732.35,2026-10-08
WELINV,859.53,2352.0,2026-10-08
WELSPLSOL,3241.5,48.9,2026-10-08
WELSPUNLIV,21263.54,225.05,2026-10-08
WENDT,1542.4,7712.0,2026-10-08
WESTLIFE,9000.64,577.2,2026-10-08
WEWIN,52.19,51.35,2026-10-08
WEWORK,9222.37,664.1,2026-10-08
WHBRADY,120.3,471.75,2026-10-08
WHEELS,5667.35,2208.2,2026-10-08
WHIRLPOOL,10443.45,823.15,2026-10-08
WILLAMAGOR,21.81,19.9,2026-10-08
WINDLAS,2046.29,991.6,2026-10-08
WINDMACHIN,2980.67,288.1,2026-10-08
WIPL,136.38,160.7,2026-10-08
WIPRO,156879.28,158.4,2026-10-08
WOCKPHARMA,32979.41,2029.6,2026-10-08
WONDERLA,3233.23,509.45,2026-10-08
WORTHPERI,216.07,137.2,2026-10-08
WPIL,4111.94,421.0,2026-10-08
WSI,401.41,52.9,2026-10-08
WSTCSTPAPR,4709.95,713.1,2026-10-08
XCHANGING,656.84,58.95,2026-10-08
XELPMOC,133.98,90.4,2026-10-08
XPROINDIA,2553.81,1088.1,2026-10-08
XTGLOBAL,360.12,26.85,2026-10-08
XTRANET,1503.74,287.6,2026-10-08
YASHO,4961.13,4114.7,2026-10-08
YATHARTH,9772.26,1014.2,2026-10-08
YATRA,1507.96,96.1,2026-10-08
YESBANK,64189.37,20.45,2026-10-08
YOGI,703.58,156.35,2026-10-08
YUKEN,1542.19,1135.3,2026-10-08
ZAGGLE,2237.79,166.45,2026-10-08
ZEEL,6567.07,68.35,2026-10-08
ZEELEARN,203.19,6.2,2026-10-08
ZEEMEDIA,462.08,7.05,2026-10-08
ZENITHEXPO,97.16,180.05,2026-10-08
ZENITHSTL,72.71,5.1,2026-10-08
ZENSARTECH,10054.52,441.8,2026-10-08
ZENTEC,13671.77,1514.2,2026-10-08
ZFCVINDIA,24083.52,2116.2,2026-10-08
ZFSTEERING,619.8,683.1,2026-10-08
ZIMLAB,754.06,140.55,2026-10-08
ZODIAC,313.96,207.2,2026-10-08
ZODIACLOTH,181.75,66.2,2026-10-08
ZOTA,4579.81,1322.4,2026-10-08
ZSARACOM,1085.08,9901.0,2026-10-08
ZUARI,875.56,208.2,2026-10-08
ZUARIIND,800.22,268.7,2026-10-08
ZYDUSLIFE,110922.43,1112.0,2026-10-08
ZYDUSWELL,15774.41,495.8,2026-10-08
