Symbol,Company,Sector
360ONE,360 ONE WAM Ltd.,Financial Services
AADHARHFC,Aadhar Housing Finance Ltd.,Financial Services
AARTIIND,Aarti Industries Ltd.,Chemicals
AARTIPHARM,Aarti Pharmalabs Ltd.,Healthcare
AAVAS,Aavas Financiers Ltd.,Financial Services
ABB,ABB India Ltd.,Capital Goods
ABBOTINDIA,Abbott India Ltd.,Healthcare
ABCAPITAL,Aditya Birla Capital Ltd.,Financial Services
ABDL,Allied Blenders and Distillers Ltd.,Fast Moving Consumer Goods
ABFRL,Aditya Birla Fashion and Retail Ltd.,Consumer Services
ABLBL,Aditya Birla Lifestyle Brands Ltd.,Consumer Services
ABREL,Aditya Birla Real Estate Ltd.,Realty
ABSLAMC,Aditya Birla Sun Life AMC Ltd.,Financial Services
ACC,ACC Ltd.,Construction Materials
ACE,Action Construction Equipment Ltd.,Capital Goods
ACI,Archean Chemical Industries Ltd.,Chemicals
ACMESOLAR,ACME Solar Holdings Ltd.,Power
ACUTAAS,Acutaas Chemicals Ltd.,Healthcare
ADANIENSOL,Adani Energy Solutions Ltd.,Power
ADANIENT,Adani Enterprises Ltd.,Metals & Mining
ADANIGREEN,Adani Green Energy Ltd.,Power
ADANIPORTS,Adani Ports and Special Economic Zone Ltd.,Services
ADANIPOWER,Adani Power Ltd.,Power
ADVENZYMES,Advanced Enzyme Tech Ltd.,Healthcare
AEGISLOG,Aegis Logistics Ltd.,Oil Gas & Consumable Fuels
AEGISVOPAK,Aegis Vopak Terminals Ltd.,Oil Gas & Consumable Fuels
AEQUS,Aequs Ltd.,Capital Goods
AEROFLEX,Aeroflex Industries Ltd.,Capital Goods
AETHER,Aether Industries Ltd.,Chemicals
AFCONS,Afcons Infrastructure Ltd.,Construction
AFFLE,Affle 3i Ltd.,Information Technology
AIAENG,AIA Engineering Ltd.,Capital Goods
AIIL,Authum Investment & Infrastructure Ltd.,Financial Services
AJANTPHARM,Ajanta Pharmaceuticals Ltd.,Healthcare
AKUMS,Akums Drugs and Pharmaceuticals Ltd.,Healthcare
ALKEM,Alkem Laboratories Ltd.,Healthcare
ALKYLAMINE,Alkyl Amines Chemicals Ltd.,Chemicals
AMAGI,Amagi Media Labs Ltd.,Information Technology
AMBER,Amber Enterprises India Ltd.,Consumer Durables
AMBUJACEM,Ambuja Cements Ltd.,Construction Materials
ANANDRATHI,Anand Rathi Wealth Ltd.,Financial Services
ANANTRAJ,Anant Raj Ltd.,Realty
ANGELONE,Angel One Ltd.,Financial Services
ANTHEM,Anthem Biosciences Ltd.,Healthcare
ANURAS,Anupam Rasayan India Ltd.,Chemicals
APARINDS,Apar Industries Ltd.,Capital Goods
APLAPOLLO,APL Apollo Tubes Ltd.,Capital Goods
APOLLO,Apollo Micro Systems Ltd.,Capital Goods
APOLLOHOSP,Apollo Hospitals Enterprise Ltd.,Healthcare
APOLLOTYRE,Apollo Tyres Ltd.,Automobile and Auto Components
APTUS,Aptus Value Housing Finance India Ltd.,Financial Services
ARE&M,Amara Raja Energy & Mobility Ltd.,Automobile and Auto Components
ARVIND,Arvind Ltd.,Textiles
ARVINDFASN,Arvind Fashions Ltd.,Consumer Services
ASAHIINDIA,Asahi India Glass Ltd.,Automobile and Auto Components
ASHAPURMIN,Ashapura Minechem Ltd.,Metals & Mining
ASHOKA,Ashoka Buildcon Ltd.,Construction
ASHOKLEY,Ashok Leyland Ltd.,Capital Goods
ASIANPAINT,Asian Paints Ltd.,Consumer Durables
ASTERDM,Aster DM Quality Care Ltd.,Healthcare
ASTRAL,Astral Ltd.,Capital Goods
ASTRAMICRO,Astra Microwave Products Ltd.,Capital Goods
ATGL,Adani Total Gas Ltd.,Oil Gas & Consumable Fuels
ATHERENERG,Ather Energy Ltd.,Automobile and Auto Components
ATLANTAELE,Atlanta Electricals Ltd.,Capital Goods
ATUL,Atul Ltd.,Chemicals
AUBANK,AU Small Finance Bank Ltd.,Financial Services
AURIONPRO,Aurionpro Solution Ltd.,Information Technology
AUROPHARMA,Aurobindo Pharma Ltd.,Healthcare
AVALON,Avalon Technologies Ltd.,Capital Goods
AVANTIFEED,Avanti Feeds Ltd.,Fast Moving Consumer Goods
AVL,Aditya Vision Ltd.,Consumer Services
AWL,AWL Agri Business Ltd.,Fast Moving Consumer Goods
AXISBANK,Axis Bank Ltd.,Financial Services
AXISCADES,AXISCADES Technologies Ltd.,Capital Goods
AZAD,Azad Engineering Ltd.,Capital Goods
BAGMANE,Bagmane Prime Office REIT,Realty
BAJAJ-AUTO,Bajaj Auto Ltd.,Automobile and Auto Components
BAJAJCON,Bajaj Consumer Care Ltd.,Fast Moving Consumer Goods
BAJAJFINSV,Bajaj Finserv Ltd.,Financial Services
BAJAJHFL,Bajaj Housing Finance Ltd.,Financial Services
BAJAJHLDNG,Bajaj Holdings & Investment Ltd.,Financial Services
BAJFINANCE,Bajaj Finance Ltd.,Financial Services
BALAMINES,Balaji Amines Ltd.,Chemicals
BALKRISIND,Balkrishna Industries Ltd.,Automobile and Auto Components
BALRAMCHIN,Balrampur Chini Mills Ltd.,Fast Moving Consumer Goods
BALUFORGE,Balu Forge Industries Ltd.,Capital Goods
BANCOINDIA,Banco Products (India) Ltd.,Automobile and Auto Components
BANDHANBNK,Bandhan Bank Ltd.,Financial Services
BANKBARODA,Bank of Baroda,Financial Services
BANKINDIA,Bank of India,Financial Services
BATAINDIA,Bata India Ltd.,Consumer Durables
BBOX,Black Box Ltd.,Information Technology
BDL,Bharat Dynamics Ltd.,Capital Goods
BECTORFOOD,Mrs. Bectors Food Specialities Ltd.,Fast Moving Consumer Goods
BEL,Bharat Electronics Ltd.,Capital Goods
BELRISE,Belrise Industries Ltd.,Automobile and Auto Components
BEML,BEML Ltd.,Capital Goods
BERGEPAINT,Berger Paints India Ltd.,Consumer Durables
BHARATCOAL,Bharat Coking Coal Ltd.,Oil Gas & Consumable Fuels
BHARATFORG,Bharat Forge Ltd.,Automobile and Auto Components
BHARTIARTL,Bharti Airtel Ltd.,Telecommunication
BHARTIHEXA,Bharti Hexacom Ltd.,Telecommunication
BHEL,Bharat Heavy Electricals Ltd.,Capital Goods
BIOCON,Biocon Ltd.,Healthcare
BIRET,Brookfield India Real Estate Trust,Realty
BIRLACORPN,Birla Corporation Ltd.,Construction Materials
BLACKBUCK,Blackbuck Ltd.,Services
BLS,BLS International Services Ltd.,Consumer Services
BLUEJET,Blue Jet Healthcare Ltd.,Healthcare
BLUESTARCO,Blue Star Ltd.,Consumer Durables
BLUESTONE,BlueStone Jewellery and Lifestyle Ltd.,Consumer Durables
BORORENEW,Borosil Renewables Ltd.,Capital Goods
BOSCHLTD,Bosch Ltd.,Automobile and Auto Components
BPCL,Bharat Petroleum Corporation Ltd.,Oil Gas & Consumable Fuels
BRIGADE,Brigade Enterprises Ltd.,Realty
BRITANNIA,Britannia Industries Ltd.,Fast Moving Consumer Goods
BSE,BSE Ltd.,Financial Services
BSOFT,Birlasoft Ltd.,Information Technology
CAMPUS,Campus Activewear Ltd.,Consumer Durables
CAMS,Computer Age Management Services Ltd.,Financial Services
CANBK,Canara Bank,Financial Services
CANFINHOME,Can Fin Homes Ltd.,Financial Services
CANHLIFE,Canara HSBC Life Insurance Company Ltd.,Financial Services
CAPILLARY,Capillary Technologies India Ltd.,Information Technology
CAPLIPOINT,Caplin Point Laboratories Ltd.,Healthcare
CARBORUNIV,Carborundum Universal Ltd.,Capital Goods
CARTRADE,Cartrade Tech Ltd.,Consumer Services
CASTROLIND,Castrol India Ltd.,Oil Gas & Consumable Fuels
CCAVENUE,AvenuesAI Ltd.,Financial Services
CCL,CCL Products (I) Ltd.,Fast Moving Consumer Goods
CDSL,Central Depository Services (India) Ltd.,Financial Services
CEATLTD,Ceat Ltd.,Automobile and Auto Components
CEIGALL,Ceigall India Ltd.,Construction
CELLO,Cello World Ltd.,Consumer Durables
CEMPRO,Cemindia Projects Ltd.,Construction
CENTRALBK,Central Bank of India,Financial Services
CENTUM,Centum Electronics Ltd.,Capital Goods
CERA,Cera Sanitaryware Ltd,Consumer Durables
CESC,CESC Ltd.,Power
CGCL,Capri Global Capital Ltd.,Financial Services
CGPOWER,CG Power and Industrial Solutions Ltd.,Capital Goods
CHALET,Chalet Hotels Ltd.,Consumer Services
CHAMBLFERT,Chambal Fertilizers & Chemicals Ltd.,Chemicals
CHENNPETRO,Chennai Petroleum Corporation Ltd.,Oil Gas & Consumable Fuels
CHOICEIN,Choice International Ltd.,Financial Services
CHOLAFIN,Cholamandalam Investment and Finance Company Ltd.,Financial Services
CHOLAHLDNG,Cholamandalam Financial Holdings Ltd.,Financial Services
CIEINDIA,CIE Automotive India Ltd.,Automobile and Auto Components
CIPLA,Cipla Ltd.,Healthcare
CLEAN,Clean Science and Technology Ltd.,Chemicals
CLEANMAX,Clean Max Enviro Energy Solutions Ltd.,Power
CMPDI,Central Mine Planning & Design Institute Ltd.,Services
CMRGREEN,CMR Green Technologies Ltd.,Capital Goods
CMSINFO,CMS Info Systems Ltd.,Services
COALINDIA,Coal India Ltd.,Oil Gas & Consumable Fuels
COCHINSHIP,Cochin Shipyard Ltd.,Capital Goods
COFORGE,Coforge Ltd.,Information Technology
COHANCE,Cohance Lifesciences Ltd.,Healthcare
COLPAL,Colgate Palmolive (India) Ltd.,Fast Moving Consumer Goods
CONCOR,Container Corporation of India Ltd.,Services
CONCORDBIO,Concord Biotech Ltd.,Healthcare
COROMANDEL,Coromandel International Ltd.,Chemicals
CPPLUS,Aditya Infotech Ltd.,Capital Goods
CRAFTSMAN,Craftsman Automation Ltd.,Automobile and Auto Components
CRAMC,Canara Robeco Asset Management Company Ltd.,Financial Services
CREDITACC,CreditAccess Grameen Ltd.,Financial Services
CRISIL,CRISIL Ltd.,Financial Services
CROMPTON,Crompton Greaves Consumer Electricals Ltd.,Consumer Durables
CSBBANK,CSB Bank Ltd.,Financial Services
CUB,City Union Bank Ltd.,Financial Services
CUMMINSIND,Cummins India Ltd.,Capital Goods
CUPID,Cupid Ltd.,Fast Moving Consumer Goods
CYIENT,Cyient Ltd.,Information Technology
DABUR,Dabur India Ltd.,Fast Moving Consumer Goods
DALBHARAT,Dalmia Bharat Ltd.,Construction Materials
DATAMATICS,Datamatics Global Services Ltd.,Information Technology
DATAPATTNS,Data Patterns (India) Ltd.,Capital Goods
DBL,Dilip Buildcon Ltd.,Construction
DBREALTY,VALOR ESTATE Ltd.,Realty
DCBBANK,DCB Bank Ltd.,Financial Services
DEEPAKFERT,Deepak Fertilisers & Petrochemicals Corp. Ltd.,Chemicals
DEEPAKNTR,Deepak Nitrite Ltd.,Chemicals
DELHIVERY,Delhivery Ltd.,Services
DEVYANI,Devyani International Ltd.,Consumer Services
DIACABS,Diamond Power Infrastructure Ltd.,Capital Goods
DIVISLAB,Divi's Laboratories Ltd.,Healthcare
DIXON,Dixon Technologies (India) Ltd.,Consumer Durables
DLF,DLF Ltd.,Realty
DMART,Avenue Supermarts Ltd.,Consumer Services
DOMS,DOMS Industries Ltd.,Fast Moving Consumer Goods
DRREDDY,Dr. Reddy's Laboratories Ltd.,Healthcare
DUMMYHEG,Dummy HEG Ltd.,Capital Goods
DUMMYINGL1,Dummy India Glycols ltd. 1,Healthcare
DUMMYINGL2,Dummy India Glycols ltd. 2,Fast Moving Consumer Goods
DUMMYINXGN,Dummy Inox Green Ltd.,Construction
DUMMYTRVN,Dummy Triveni Ltd.,Capital Goods
DYNAMATECH,Dynamatic Technologies Ltd.,Capital Goods
E2E,E2E NETWORKS Ltd.,Information Technology
EBGNG,GNG Electronics Ltd.,Information Technology
ECLERX,eClerx Services Ltd.,Services
EDELWEISS,Edelweiss Financial Services Ltd.,Financial Services
EICHERMOT,Eicher Motors Ltd.,Automobile and Auto Components
EIDPARRY,E.I.D. Parry (India) Ltd.,Fast Moving Consumer Goods
EIEL,Enviro Infra Engineers Ltd.,Utilities
EIHOTEL,EIH Ltd.,Consumer Services
ELECON,Elecon Engineering Co. Ltd.,Capital Goods
ELECTCAST,Electrosteel Castings Ltd.,Capital Goods
ELGIEQUIP,Elgi Equipments Ltd.,Capital Goods
ELLEN,Ellenbarrie Industrial Gases Ltd.,Chemicals
EMAMILTD,Emami Ltd.,Fast Moving Consumer Goods
EMBASSY,EMBASSY OFFICE PARKS REIT,Realty
EMBDL,Embassy Developments Ltd.,Realty
EMCURE,Emcure Pharmaceuticals Ltd.,Healthcare
EMIL,Electronics Mart India Ltd.,Consumer Services
EMMVEE,Emmvee Photovoltaic Power Ltd.,Capital Goods
ENDURANCE,Endurance Technologies Ltd.,Automobile and Auto Components
ENGINERSIN,Engineers India Ltd.,Construction
ENRIN,Siemens Energy India Ltd.,Capital Goods
ENTERO,Entero Healthcare Solutions Ltd.,Consumer Services
EPL,EPL Ltd.,Capital Goods
EQUITASBNK,Equitas Small Finance Bank Ltd.,Financial Services
ERIS,Eris Lifesciences Ltd.,Healthcare
ESCORTS,Escorts Kubota Ltd.,Capital Goods
ETERNAL,Eternal Ltd.,Consumer Services
EXIDEIND,Exide Industries Ltd.,Automobile and Auto Components
FACT,Fertilisers and Chemicals Travancore Ltd.,Chemicals
FEDERALBNK,Federal Bank Ltd.,Financial Services
FEDFINA,Fedbank Financial Services Ltd.,Financial Services
FIEMIND,Fiem Industries Ltd,Automobile and Auto Components
FINCABLES,Finolex Cables Ltd.,Capital Goods
FINPIPE,Finolex Industries Ltd.,Capital Goods
FIRSTCRY,Brainbees Solutions Ltd.,Consumer Services
FIVESTAR,Five-Star Business Finance Ltd.,Financial Services
FLUOROCHEM,Gujarat Fluorochemicals Ltd.,Chemicals
FORCEMOT,Force Motors Ltd.,Automobile and Auto Components
FORTIS,Fortis Healthcare Ltd.,Healthcare
FRACTAL,Fractal Analytics Ltd.,Information Technology
FSL,Firstsource Solutions Ltd.,Services
GABRIEL,Gabriel India Ltd.,Automobile and Auto Components
GAEL,Gujarat Ambuja Exports Ltd.,Fast Moving Consumer Goods
GAIL,GAIL (India) Ltd.,Oil Gas & Consumable Fuels
GALLANTT,Gallantt Ispat Ltd.,Capital Goods
GENUSPOWER,Genus Power Infrastructures Ltd.,Capital Goods
GESHIP,Great Eastern Shipping Co. Ltd.,Services
GICRE,General Insurance Corporation of India,Financial Services
GILLETTE,Gillette India Ltd.,Fast Moving Consumer Goods
GLAND,Gland Pharma Ltd.,Healthcare
GLAXO,Glaxosmithkline Pharmaceuticals Ltd.,Healthcare
GLENMARK,Glenmark Pharmaceuticals Ltd.,Healthcare
GMDCLTD,Gujarat Mineral Development Corporation Ltd.,Metals & Mining
GMRAIRPORT,GMR Airports Ltd.,Services
GMRP&UI,GMR Power and Urban Infra Ltd.,Power
GNFC,Gujarat Narmada Valley Fertilizers and Chemicals Ltd.,Chemicals
GODFRYPHLP,Godfrey Phillips India Ltd.,Fast Moving Consumer Goods
GODREJAGRO,Godrej Agrovet Ltd.,Fast Moving Consumer Goods
GODREJCP,Godrej Consumer Products Ltd.,Fast Moving Consumer Goods
GODREJIND,Godrej Industries Ltd.,Diversified
GODREJPROP,Godrej Properties Ltd.,Realty
GOKEX,Gokaldas Exports Ltd.,Textiles
GOKULAGRO,Gokul Agro Resources Ltd.,Fast Moving Consumer Goods
GOLDIAM,Goldiam International Ltd.,Consumer Durables
GPIL,Godawari Power & Ispat Ltd.,Capital Goods
GPPL,Gujarat Pipavav Port Ltd.,Services
GRANULES,Granules India Ltd.,Healthcare
GRAPHITE,Graphite India Ltd.,Capital Goods
GRASIM,Grasim Industries Ltd.,Construction Materials
GRAVITA,Gravita India Ltd.,Metals & Mining
GREAVESCOT,Greaves Cotton Ltd.,Capital Goods
GRINDWELL,Grindwell Norton Ltd.,Capital Goods
GROWW,Billionbrains Garage Ventures Ltd.,Financial Services
GRSE,Garden Reach Shipbuilders & Engineers Ltd.,Capital Goods
GRWRHITECH,Garware Hi-Tech Films Ltd.,Capital Goods
GSFC,Gujarat State Fertilizers & Chemicals Ltd.,Chemicals
GUJALKALI,Gujarat Alkalies & Chemicals Ltd.,Chemicals
GVT&D,GE Vernova T&D India Ltd.,Capital Goods
HAL,Hindustan Aeronautics Ltd.,Capital Goods
HAPPSTMNDS,Happiest Minds Technologies Ltd.,Information Technology
HAPPYFORGE,Happy Forgings Ltd.,Capital Goods
HAVELLS,Havells India Ltd.,Consumer Durables
HBLENGINE,HBL Engineering Ltd.,Capital Goods
HCC,Hindustan Construction Co. Ltd.,Construction
HCG,Healthcare Global Enterprises Ltd.,Healthcare
HCLTECH,HCL Technologies Ltd.,Information Technology
HDBFS,HDB Financial Services Ltd.,Financial Services
HDFCAMC,HDFC Asset Management Company Ltd.,Financial Services
HDFCBANK,HDFC Bank Ltd.,Financial Services
HDFCLIFE,HDFC Life Insurance Company Ltd.,Financial Services
HEGAM,HEG Advanced Materials Ltd.,Capital Goods
HERITGFOOD,Heritage Foods Ltd.,Fast Moving Consumer Goods
HEROMOTOCO,Hero MotoCorp Ltd.,Automobile and Auto Components
HEXT,Hexaware Technologies Ltd.,Information Technology
HFCL,HFCL Ltd.,Telecommunication
HGINFRA,H.G. Infra Engineering Ltd.,Construction
HINDALCO,Hindalco Industries Ltd.,Metals & Mining
HINDCOPPER,Hindustan Copper Ltd.,Metals & Mining
HINDPETRO,Hindustan Petroleum Corporation Ltd.,Oil Gas & Consumable Fuels
HINDUNILVR,Hindustan Unilever Ltd.,Fast Moving Consumer Goods
HINDZINC,Hindustan Zinc Ltd.,Metals & Mining
HOMEFIRST,Home First Finance Company India Ltd.,Financial Services
HONASA,Honasa Consumer Ltd.,Fast Moving Consumer Goods
HONAUT,Honeywell Automation India Ltd.,Capital Goods
HSCL,Himadri Speciality Chemical Ltd.,Chemicals
HUDCO,Housing & Urban Development Corporation Ltd.,Financial Services
HYUNDAI,Hyundai Motor India Ltd.,Automobile and Auto Components
ICICIAMC,ICICI Prudential Asset Management Company Ltd.,Financial Services
ICICIBANK,ICICI Bank Ltd.,Financial Services
ICICIGI,ICICI Lombard General Insurance Company Ltd.,Financial Services
ICICIPRULI,ICICI Prudential Life Insurance Company Ltd.,Financial Services
ICIL,Indo Count Industries Ltd.,Textiles
IDBI,IDBI Bank Ltd.,Financial Services
IDEA,Vodafone Idea Ltd.,Telecommunication
IDFCFIRSTB,IDFC First Bank Ltd.,Financial Services
IEX,Indian Energy Exchange Ltd.,Financial Services
IFBIND,IFB Industries Ltd.,Consumer Durables
IFCI,IFCI Ltd.,Financial Services
IGIL,International Gemological Institute Ltd.,Services
IGL,Indraprastha Gas Ltd.,Oil Gas & Consumable Fuels
IIFL,IIFL Finance Ltd.,Financial Services
IIFLCAPS,IIFL Capital Services Ltd.,Financial Services
IKS,Inventurus Knowledge Solutions Ltd.,Information Technology
IMFA,Indian Metals & Ferro Alloys Ltd.,Metals & Mining
INDGN,Indegene Ltd.,Healthcare
INDHOTEL,Indian Hotels Co. Ltd.,Consumer Services
INDIACEM,India Cements Ltd.,Construction Materials
INDIAGLYCO,India Glycols Ltd.,Fast Moving Consumer Goods
INDIAMART,Indiamart Intermesh Ltd.,Consumer Services
INDIANB,Indian Bank,Financial Services
INDIGO,InterGlobe Aviation Ltd.,Services
INDIGOPNTS,Indigo Paints Ltd.,Consumer Durables
INDUSINDBK,IndusInd Bank Ltd.,Financial Services
INDUSTOWER,Indus Towers Ltd.,Telecommunication
INFY,Infosys Ltd.,Information Technology
INOXINDIA,INOX India Ltd.,Capital Goods
INOXWIND,Inox Wind Ltd.,Capital Goods
INTELLECT,Intellect Design Arena Ltd.,Information Technology
IOB,Indian Overseas Bank,Financial Services
IOC,Indian Oil Corporation Ltd.,Oil Gas & Consumable Fuels
IONEXCHANG,Ion Exchange (India) Ltd.,Utilities
IPCALAB,Ipca Laboratories Ltd.,Healthcare
IRB,IRB Infrastructure Developers Ltd.,Construction
IRCON,IRCON International Ltd.,Construction
IRCTC,Indian Railway Catering And Tourism Corporation Ltd.,Consumer Services
IREDA,Indian Renewable Energy Development Agency Ltd.,Financial Services
IRFC,Indian Railway Finance Corporation Ltd.,Financial Services
ITC,ITC Ltd.,Fast Moving Consumer Goods
ITCHOTELS,ITC Hotels Ltd.,Consumer Services
ITI,ITI Ltd.,Telecommunication
IXIGO,Le Travenues Technology Ltd.,Consumer Services
J&KBANK,Jammu & Kashmir Bank Ltd.,Financial Services
JAIBALAJI,JAI BALAJI INDUSTRIES Ltd.,Metals & Mining
JAINREC,Jain Resource Recycling Ltd.,Metals & Mining
JAMNAAUTO,Jamna Auto Industries Ltd.,Automobile and Auto Components
JAYNECOIND,Jayaswal Neco Industries Ltd.,Capital Goods
JBMA,JBM Auto Ltd.,Automobile and Auto Components
JINDALSAW,Jindal Saw Ltd.,Capital Goods
JINDALSTEL,Jindal Steel Ltd.,Metals & Mining
JIOFIN,Jio Financial Services Ltd.,Financial Services
JKCEMENT,J.K. Cement Ltd.,Construction Materials
JKPAPER,JK Paper Ltd.,Forest Materials
JKTYRE,JK Tyre & Industries Ltd.,Automobile and Auto Components
JMFINANCIL,JM Financial Ltd.,Financial Services
JPPOWER,Jaiprakash Power Ventures Ltd.,Power
JSFB,Jana Small Finance Bank Ltd.,Financial Services
JSL,Jindal Stainless Ltd.,Metals & Mining
JSLL,Jeena Sikho Lifecare Ltd.,Consumer Services
JSWCEMENT,JSW Cement Ltd.,Construction Materials
JSWENERGY,JSW Energy Ltd.,Power
JSWINFRA,JSW Infrastructure Ltd.,Services
JSWSTEEL,JSW Steel Ltd.,Metals & Mining
JUBLFOOD,Jubilant Foodworks Ltd.,Consumer Services
JUBLINGREA,Jubilant Ingrevia Ltd.,Chemicals
JUBLPHARMA,Jubilant Pharmova Ltd.,Healthcare
JUSTDIAL,Justdial Ltd.,Consumer Services
JWL,Jupiter Wagons Ltd.,Capital Goods
JYOTHYLAB,Jyothy Labs Ltd.,Fast Moving Consumer Goods
JYOTICNC,Jyoti CNC Automation Ltd.,Capital Goods
KAJARIACER,Kajaria Ceramics Ltd.,Consumer Durables
KALYANKJIL,Kalyan Jewellers India Ltd.,Consumer Durables
KANSAINER,Kansai Nerolac Paints Ltd.,Consumer Durables
KARURVYSYA,Karur Vysya Bank Ltd.,Financial Services
KAYNES,Kaynes Technology India Ltd.,Capital Goods
KEC,Kec International Ltd.,Construction
KEI,KEI Industries Ltd.,Capital Goods
KFINTECH,Kfin Technologies Ltd.,Financial Services
KIMS,Krishna Institute of Medical Sciences Ltd.,Healthcare
KIRLOSBROS,Kirloskar Brothers Ltd.,Capital Goods
KIRLOSENG,Kirloskar Oil Eng Ltd.,Capital Goods
KIRLPNU,Kirloskar Pneumatic Company Ltd.,Capital Goods
KISSHT,OnEMI Technology Solutions Ltd.,Financial Services
KITEX,Kitex Garments Ltd.,Textiles
KMEW,Knowledge Marine & Engineering Works Ltd.,Services
KNRCON,KNR Constructions Ltd.,Construction
KOTAKBANK,Kotak Mahindra Bank Ltd.,Financial Services
KPIGREEN,KPI Green Energy Ltd.,Power
KPIL,Kalpataru Projects International Ltd.,Construction
KPITTECH,KPIT Technologies Ltd.,Information Technology
KPRMILL,K.P.R. Mill Ltd.,Textiles
KRBL,KRBL Ltd.,Fast Moving Consumer Goods
KRN,KRN HEAT EXCHANGER AND REFRIGERATION Ltd.,Capital Goods
KSB,KSB Ltd.,Capital Goods
KSCL,Kaveri Seed Company Ltd.,Fast Moving Consumer Goods
KTKBANK,Karnataka Bank Ltd.,Financial Services
KWIL,Kwality Wall's (India) Ltd.,Fast Moving Consumer Goods
LALPATHLAB,Dr. Lal Path Labs Ltd.,Healthcare
LATENTVIEW,Latent View Analytics Ltd.,Information Technology
LAURUSLABS,Laurus Labs Ltd.,Healthcare
LEMONTREE,Lemon Tree Hotels Ltd.,Consumer Services
LENSKART,Lenskart Solutions Ltd.,Consumer Services
LGEINDIA,LG Electronics India Ltd.,Consumer Durables
LICHSGFIN,LIC Housing Finance Ltd.,Financial Services
LICI,Life Insurance Corporation of India,Financial Services
LINDEINDIA,Linde India Ltd.,Chemicals
LLOYDSENGG,Lloyds Engineering Works Ltd.,Capital Goods
LLOYDSENT,Lloyds Enterprises Ltd.,Metals & Mining
LLOYDSME,Lloyds Metals And Energy Ltd.,Metals & Mining
LODHA,Lodha Developers Ltd.,Realty
LOTUSDEV,SRI LOTUS DEVELOPERS AND REALTY Ltd.,Realty
LT,Larsen & Toubro Ltd.,Construction
LTF,L&T Finance Ltd.,Financial Services
LTFOODS,LT Foods Ltd.,Fast Moving Consumer Goods
LTM,LTM Ltd.,Information Technology
LTTS,L&T Technology Services Ltd.,Information Technology
LUMAXIND,Lumax Industries Ltd.,Automobile and Auto Components
LUMAXTECH,Lumax Auto Technologies Ltd.,Automobile and Auto Components
LUPIN,Lupin Ltd.,Healthcare
LXCHEM,Laxmi Organic Industries Ltd.,Chemicals
M&M,Mahindra & Mahindra Ltd.,Automobile and Auto Components
M&MFIN,Mahindra & Mahindra Financial Services Ltd.,Financial Services
MAHABANK,Bank of Maharashtra,Financial Services
MANAPPURAM,Manappuram Finance Ltd.,Financial Services
MANKIND,Mankind Pharma Ltd.,Healthcare
MANORAMA,Manorama Industries Ltd.,Fast Moving Consumer Goods
MANYAVAR,Vedant Fashions Ltd.,Consumer Services
MAPMYINDIA,C.E. Info Systems Ltd.,Information Technology
MARICO,Marico Ltd.,Fast Moving Consumer Goods
MARKSANS,Marksans Pharma Ltd.,Healthcare
MARUTI,Maruti Suzuki India Ltd.,Automobile and Auto Components
MASTEK,Mastek Ltd.,Information Technology
MAXHEALTH,Max Healthcare Institute Ltd.,Healthcare
MAZDOCK,Mazagoan Dock Shipbuilders Ltd.,Capital Goods
MBAPL,Madhya Bharat Agro Products Ltd.,Chemicals
MCX,Multi Commodity Exchange of India Ltd.,Financial Services
MEDANTA,Global Health Ltd.,Healthcare
MEDPLUS,Medplus Health Services Ltd.,Consumer Services
MEESHO,Meesho Ltd.,Consumer Services
METROPOLIS,Metropolis Healthcare Ltd.,Healthcare
MFSL,Max Financial Services Ltd.,Financial Services
MGL,Mahanagar Gas Ltd.,Oil Gas & Consumable Fuels
MIDHANI,Mishra Dhatu Nigam Ltd.,Capital Goods
MINDACORP,Minda Corporation Ltd.,Automobile and Auto Components
MMTC,MMTC Ltd.,Services
MOIL,MOIL Ltd.,Metals & Mining
MOTHERSON,Samvardhana Motherson International Ltd.,Automobile and Auto Components
MOTILALOFS,Motilal Oswal Financial Services Ltd.,Financial Services
MPHASIS,MphasiS Ltd.,Information Technology
MRF,MRF Ltd.,Automobile and Auto Components
MRPL,Mangalore Refinery & Petrochemicals Ltd.,Oil Gas & Consumable Fuels
MSTCLTD,MSTC Ltd.,Services
MSUMI,Motherson Sumi Wiring India Ltd.,Automobile and Auto Components
MTARTECH,MTAR Technologies Ltd.,Capital Goods
MUTHOOTFIN,Muthoot Finance Ltd.,Financial Services
NAM-INDIA,Nippon Life India Asset Management Ltd.,Financial Services
NATCOPHARM,NATCO Pharma Ltd.,Healthcare
NATIONALUM,National Aluminium Co. Ltd.,Metals & Mining
NAUKRI,Info Edge (India) Ltd.,Consumer Services
NAVA,Nava Ltd.,Power
NAVINFLUOR,Navin Fluorine International Ltd.,Chemicals
NAZARA,Nazara Technologies Ltd.,Media Entertainment & Publication
NBCC,NBCC (India) Ltd.,Construction
NCC,NCC Ltd.,Construction
NEOGEN,NEOGEN CHEMICALS LTD.,Chemicals
NEPHROPLUS,Nephrocare Health Services Ltd.,Healthcare
NESTLEIND,Nestle India Ltd.,Fast Moving Consumer Goods
NETWEB,Netweb Technologies India Ltd.,Information Technology
NETWORK18,Network18 Media & Investments Ltd.,Media Entertainment & Publication
NEULANDLAB,Neuland Laboratories Ltd.,Healthcare
NEWGEN,Newgen Software Technologies Ltd.,Information Technology
NFL,National Fertilizers Ltd.,Chemicals
NH,Narayana Hrudayalaya Ltd.,Healthcare
NHPC,NHPC Ltd.,Power
NIACL,The New India Assurance Company Ltd.,Financial Services
NIVABUPA,Niva Bupa Health Insurance Company Ltd.,Financial Services
NLCINDIA,NLC India Ltd.,Power
NMDC,NMDC Ltd.,Metals & Mining
NORTHARC,Northern Arc Capital Ltd.,Financial Services
NSLNISP,NMDC Steel Ltd.,Metals & Mining
NTPC,NTPC Ltd.,Power
NTPCGREEN,NTPC Green Energy Ltd.,Power
NUVAMA,Nuvama Wealth Management Ltd.,Financial Services
NUVOCO,Nuvoco Vistas Corporation Ltd.,Construction Materials
NYKAA,FSN E-Commerce Ventures Ltd.,Consumer Services
OBEROIRLTY,Oberoi Realty Ltd.,Realty
OFSS,Oracle Financial Services Software Ltd.,Information Technology
OIL,Oil India Ltd.,Oil Gas & Consumable Fuels
OLAELEC,Ola Electric Mobility Ltd.,Automobile and Auto Components
OLECTRA,Olectra Greentech Ltd.,Automobile and Auto Components
OMNI,Omnitech Engineering Ltd.,Capital Goods
ONESOURCE,Onesource Specialty Pharma Ltd.,Healthcare
ONGC,Oil & Natural Gas Corporation Ltd.,Oil Gas & Consumable Fuels
OSWALPUMPS,Oswal Pumps Ltd.,Capital Goods
PAGEIND,Page Industries Ltd.,Textiles
PAISALO,Paisalo Digital Ltd.,Financial Services
PARADEEP,Paradeep Phosphates Ltd.,Chemicals
PARAS,Paras Defence and Space Technologies Ltd.,Capital Goods
PARKHOSPS,Park Medi World Ltd.,Healthcare
PATANJALI,Patanjali Foods Ltd.,Fast Moving Consumer Goods
PAYTM,One 97 Communications Ltd.,Financial Services
PCBL,PCBL Chemical Ltd.,Chemicals
PCJEWELLER,PC Jeweller Ltd.,Consumer Durables
PDSL,PDS Ltd.,Textiles
PERSISTENT,Persistent Systems Ltd.,Information Technology
PETRONET,Petronet LNG Ltd.,Oil Gas & Consumable Fuels
PFC,Power Finance Corporation Ltd.,Financial Services
PFOCUS,Prime Focus Ltd.,Media Entertainment & Publication
PGEL,PG Electroplast Ltd.,Consumer Durables
PGHL,Procter & Gamble Health Ltd.,Healthcare
PGIL,Pearl Global Industries Ltd.,Textiles
PHOENIXLTD,Phoenix Mills Ltd.,Realty
PICCADIL,Piccadily Agro Industries Ltd.,Fast Moving Consumer Goods
PIDILITIND,Pidilite Industries Ltd.,Chemicals
PIIND,PI Industries Ltd.,Chemicals
PINELABS,Pine Labs Ltd.,Financial Services
PIRAMALFIN,Piramal Finance Ltd.,Financial Services
PNB,Punjab National Bank,Financial Services
PNBHOUSING,PNB Housing Finance Ltd.,Financial Services
PNCINFRA,PNC Infratech Ltd.,Construction
PNGJL,P N Gadgil Jewellers Ltd.,Consumer Durables
POLICYBZR,PB Fintech Ltd.,Financial Services
POLYCAB,Polycab India Ltd.,Capital Goods
POLYMED,Poly Medicure Ltd.,Healthcare
POONAWALLA,Poonawalla Fincorp Ltd.,Financial Services
POWERGRID,Power Grid Corporation of India Ltd.,Power
POWERICA,Powerica Ltd.,Capital Goods
POWERINDIA,Hitachi Energy India Ltd.,Capital Goods
POWERMECH,Power Mech Projects Ltd.,Construction
PPLPHARMA,Piramal Pharma Ltd.,Healthcare
PRAJIND,Praj Industries Ltd.,Capital Goods
PRECWIRE,Precision Wires India Ltd.,Capital Goods
PREMIERENE,Premier Energies Ltd.,Capital Goods
PRESTIGE,Prestige Estates Projects Ltd.,Realty
PRICOLLTD,Pricol Ltd.,Automobile and Auto Components
PRIVISCL,Privi Speciality Chemicals Ltd.,Chemicals
PTC,PTC India Ltd.,Power
PTCIL,PTC Industries Ltd.,Capital Goods
PURVA,Puravankara Ltd.,Realty
PVRINOX,PVR INOX Ltd.,Media Entertainment & Publication
PWL,Physicswallah Ltd.,Consumer Services
QPOWER,QUALITY POWER ELECTRICAL EQUIPMENTS Ltd.,Capital Goods
QUESS,Quess Corp Ltd.,Services
RADICO,Radico Khaitan Ltd,Fast Moving Consumer Goods
RAILTEL,Railtel Corporation Of India Ltd.,Telecommunication
RAIN,Rain Industries Ltd,Chemicals
RAINBOW,Rainbow Childrens Medicare Ltd.,Healthcare
RALLIS,Rallis India Ltd.,Chemicals
RAMCOCEM,The Ramco Cements Ltd.,Construction Materials
RATEGAIN,Rategain Travel Technologies Ltd.,Information Technology
RATNAMANI,Ratnamani Metals & Tubes Ltd.,Capital Goods
RAYMONDLSL,Raymond Lifestyle Ltd.,Textiles
RBA,Restaurant Brands Asia Ltd.,Consumer Services
RBLBANK,RBL Bank Ltd.,Financial Services
RCF,Rashtriya Chemicals & Fertilizers Ltd.,Chemicals
RECLTD,REC Ltd.,Financial Services
REDINGTON,Redington Ltd.,Services
REFEX,Refex Industries Ltd.,Utilities
RELAXO,Relaxo Footwears Ltd.,Consumer Durables
RELIANCE,Reliance Industries Ltd.,Oil Gas & Consumable Fuels
RELIGARE,Religare Enterprises Ltd.,Financial Services
RENUKA,Shree Renuka Sugars Ltd.,Fast Moving Consumer Goods
RESPONIND,Responsive Industries Ltd.,Consumer Durables
RHIM,RHI MAGNESITA INDIA LTD.,Capital Goods
RITES,RITES Ltd.,Construction
RKFORGE,Ramkrishna Forgings Ltd.,Automobile and Auto Components
ROUTE,Route Mobile Ltd.,Telecommunication
RPOWER,Reliance Power Ltd.,Power
RRKABEL,R R Kabel Ltd.,Capital Goods
RTNPOWER,RattanIndia Power Ltd.,Power
RUBICON,Rubicon Research Ltd.,Healthcare
RVNL,Rail Vikas Nigam Ltd.,Construction
SAFARI,Safari Industries (India) Ltd.,Consumer Durables
SAGILITY,Sagility Ltd.,Information Technology
SAIL,Steel Authority of India Ltd.,Metals & Mining
SAILIFE,Sai Life Sciences Ltd.,Healthcare
SAMHI,Samhi Hotels Ltd.,Consumer Services
SAMMAANCAP,Sammaan Capital Ltd.,Financial Services
SANDUMA,Sandur Manganese & Iron Ores Ltd.,Metals & Mining
SANSERA,Sansera Engineering Ltd.,Automobile and Auto Components
SAPPHIRE,Sapphire Foods India Ltd.,Consumer Services
SARDAEN,Sarda Energy and Minerals Ltd.,Metals & Mining
SAREGAMA,Saregama India Ltd,Media Entertainment & Publication
SBFC,SBFC Finance Ltd.,Financial Services
SBICARD,SBI Cards and Payment Services Ltd.,Financial Services
SBILIFE,SBI Life Insurance Company Ltd.,Financial Services
SBIN,State Bank of India,Financial Services
SCHAEFFLER,Schaeffler India Ltd.,Automobile and Auto Components
SCHNEIDER,Schneider Electric Infrastructure Ltd.,Capital Goods
SCI,Shipping Corporation of India Ltd.,Services
SEDEMAC,SEDEMAC Mechatronics Ltd.,Automobile and Auto Components
SENCO,Senco Gold Ltd.,Consumer Durables
SENORES,Senores Pharmaceuticals Ltd.,Healthcare
SFL,Sheela Foam Ltd.,Consumer Durables
SGMART,SG Mart Ltd.,Metals & Mining
SHADOWFAX,Shadowfax Technologies Ltd.,Services
SHAILY,Shaily Engineering Plastics Ltd.,Consumer Durables
SHAKTIPUMP,Shakti Pumps (India) Ltd.,Capital Goods
SHARDACROP,Sharda Cropchem Ltd.,Chemicals
SHAREINDIA,Share India Securities Ltd.,Financial Services
SHILCTECH,Shilchar Technologies Ltd.,Capital Goods
SHILPAMED,Shilpa Medicare Ltd.,Healthcare
SHREECEM,Shree Cement Ltd.,Construction Materials
SHREEJISPG,Shreeji Shipping Global Ltd.,Services
SHRIPISTON,SPR Auto Technologies Ltd.,Automobile and Auto Components
SHRIRAMFIN,Shriram Finance Ltd.,Financial Services
SHYAMMETL,Shyam Metalics and Energy Ltd.,Capital Goods
SIEMENS,Siemens Ltd.,Capital Goods
SIGMAADV,SIGMA ADVANCED SYSTEMS LTD.,Capital Goods
SIGNATURE,Signatureglobal (India) Ltd.,Realty
SJS,S.J.S. Enterprises Ltd.,Automobile and Auto Components
SJVN,SJVN Ltd.,Power
SKIPPER,Skipper Ltd.,Capital Goods
SKYGOLD,SKY GOLD AND DIAMONDS Ltd.,Consumer Durables
SMLMAH,SML Mahindra Ltd.,Capital Goods
SOBHA,Sobha Ltd.,Realty
SOLARINDS,Solar Industries India Ltd.,Chemicals
SONACOMS,Sona BLW Precision Forgings Ltd.,Automobile and Auto Components
SONATSOFTW,Sonata Software Ltd.,Information Technology
SOUTHBANK,South Indian Bank Ltd.,Financial Services
SPARC,Sun Pharma Advanced Research Company Ltd.,Healthcare
SPLPETRO,Supreme Petrochem Ltd.,Chemicals
SRF,SRF Ltd.,Chemicals
STAR,Strides Pharma Science Ltd.,Healthcare
STARHEALTH,Star Health and Allied Insurance Company Ltd.,Financial Services
STLTECH,Sterlite Technologies Ltd.,Telecommunication
STYLAMIND,Stylam Industries Ltd.,Consumer Durables
SUBROS,Subros Ltd.,Capital Goods
SUDARSCHEM,Sudarshan Chemical Industries Ltd.,Chemicals
SUDEEPPHRM,Sudeep Pharma Ltd.,Chemicals
SUMICHEM,Sumitomo Chemical India Ltd.,Chemicals
SUNDARMFIN,Sundaram Finance Ltd.,Financial Services
SUNDRMFAST,Sundram Fasteners Ltd.,Automobile and Auto Components
SUNFLAG,Sunflag Iron & Steel Company Ltd.,Capital Goods
SUNPHARMA,Sun Pharmaceutical Industries Ltd.,Healthcare
SUNTECK,Sunteck Realty Ltd.,Realty
SUNTV,Sun TV Network Ltd.,Media Entertainment & Publication
SUPREMEIND,Supreme Industries Ltd.,Capital Goods
SUPRIYA,Supriya Lifescience Ltd.,Healthcare
SURYAROSNI,Surya Roshni Ltd.,Capital Goods
SUVEN,Suven Life Sciences Ltd.,Healthcare
SUZLON,Suzlon Energy Ltd.,Capital Goods
SWANCORP,Swan Corp Ltd.,Chemicals
SWIGGY,Swiggy Ltd.,Consumer Services
SWSOLAR,Sterling and Wilson Renewable Energy Ltd.,Construction
SYNGENE,Syngene International Ltd.,Healthcare
SYRMA,Syrma SGS Technology Ltd.,Capital Goods
TANLA,Tanla Platforms Ltd.,Information Technology
TARC,TARC Ltd.,Realty
TARIL,Transformers And Rectifiers (India) Ltd.,Capital Goods
TATACAP,Tata Capital Ltd.,Financial Services
TATACHEM,Tata Chemicals Ltd.,Chemicals
TATACOMM,Tata Communications Ltd.,Telecommunication
TATACONSUM,Tata Consumer Products Ltd.,Fast Moving Consumer Goods
TATAELXSI,Tata Elxsi Ltd.,Information Technology
TATAINVEST,Tata Investment Corporation Ltd.,Financial Services
TATAPOWER,Tata Power Co. Ltd.,Power
TATASTEEL,Tata Steel Ltd.,Metals & Mining
TATATECH,Tata Technologies Ltd.,Information Technology
TBOTEK,TBO Tek Ltd.,Consumer Services
TCS,Tata Consultancy Services Ltd.,Information Technology
TDPOWERSYS,TD Power Systems Ltd.,Capital Goods
TECHM,Tech Mahindra Ltd.,Information Technology
TECHNOE,Techno Electric & Engineering Company Ltd.,Construction
TEGA,Tega Industries Ltd.,Capital Goods
TEJASNET,Tejas Networks Ltd.,Telecommunication
TENNIND,Tenneco Clean Air India Ltd.,Automobile and Auto Components
TEXRAIL,Texmaco Rail & Eng. Ltd.,Capital Goods
THANGAMAYL,Thangamayil Jewellery Ltd.,Consumer Durables
THELEELA,Leela Palaces Hotels & Resorts Ltd.,Consumer Services
THERMAX,Thermax Ltd.,Capital Goods
THOMASCOOK,Thomas Cook (India) Ltd.,Consumer Services
THYROCARE,Thyrocare Technologies Ltd.,Healthcare
TI,Tilaknagar Industries Ltd.,Fast Moving Consumer Goods
TIINDIA,Tube Investments of India Ltd.,Automobile and Auto Components
TIMETECHNO,Time Technoplast Ltd.,Capital Goods
TIMEX,Timex Group India Ltd.,Consumer Durables
TIMKEN,Timken India Ltd.,Capital Goods
TIPSMUSIC,Tips Music Ltd.,Media Entertainment & Publication
TITAGARH,Titagarh Rail Systems Ltd.,Capital Goods
TITAN,Titan Company Ltd.,Consumer Durables
TMB,Tamilnad Mercantile Bank Ltd.,Financial Services
TMCV,Tata Motors Ltd.,Capital Goods
TMPV,Tata Motors Passenger Vehicles Ltd.,Automobile and Auto Components
TORNTPHARM,Torrent Pharmaceuticals Ltd.,Healthcare
TORNTPOWER,Torrent Power Ltd.,Power
TRANSRAILL,Transrail Lighting Ltd.,Capital Goods
TRENT,Trent Ltd.,Consumer Services
TRIDENT,Trident Ltd.,Textiles
TRITURBINE,Triveni Turbine Ltd.,Capital Goods
TTKPRESTIG,TTK Prestige Ltd.,Consumer Durables
TTML,Tata Teleservices (Maharashtra) Ltd.,Telecommunication
TVSMOTOR,TVS Motor Company Ltd.,Automobile and Auto Components
TVSSCS,TVS Supply Chain Solutions Ltd.,Services
UBL,United Breweries Ltd.,Fast Moving Consumer Goods
UCOBANK,UCO Bank,Financial Services
UJJIVANSFB,Ujjivan Small Finance Bank Ltd.,Financial Services
ULTRACEMCO,UltraTech Cement Ltd.,Construction Materials
UNIMECH,Unimech Aerospace and Manufacturing Ltd.,Capital Goods
UNIONBANK,Union Bank of India,Financial Services
UNITDSPR,United Spirits Ltd.,Fast Moving Consumer Goods
UNOMINDA,UNO Minda Ltd.,Automobile and Auto Components
UPL,UPL Ltd.,Chemicals
URBANCO,Urban Company Ltd.,Consumer Services
USHAMART,Usha Martin Ltd.,Capital Goods
UTIAMC,UTI Asset Management Company Ltd.,Financial Services
UTLSOLAR,Fujiyama Power Systems Ltd.,Capital Goods
V2RETAIL,V2 Retail Ltd.,Consumer Services
VAIBHAVGBL,Vaibhav Global Ltd.,Consumer Durables
VAML,Vedanta Aluminium Metal Ltd.,Metals & Mining
VBL,Varun Beverages Ltd.,Fast Moving Consumer Goods
VEDL,Vedanta Ltd.,Metals & Mining
VEDPOWER,Vedanta Power Ltd.,Power
VESUVIUS,Vesuvius India Ltd.,Capital Goods
VGUARD,V-Guard Industries Ltd.,Consumer Durables
VIJAYA,Vijaya Diagnostic Centre Ltd.,Healthcare
VIKRAMSOLR,Vikram Solar Ltd.,Capital Goods
VIPIND,V.I.P. Industries Ltd.,Consumer Durables
VISL,Vedanta Iron and Steel Ltd.,Metals & Mining
VIYASH,Viyash Scientific Ltd.,Healthcare
VMART,V-Mart Retail Ltd.,Consumer Services
VMM,Vishal Mega Mart Ltd.,Consumer Services
VOGL,Vedanta Oil and Gas Ltd.,Oil Gas & Consumable Fuels
VOLTAMP,Voltamp Transformers Ltd,Capital Goods
VOLTAS,Voltas Ltd.,Consumer Durables
VTL,Vardhman Textiles Ltd.,Textiles
WAAREEENER,Waaree Energies Ltd.,Capital Goods
WAAREERTL,Waaree Renewable Technologies Ltd.,Capital Goods
WABAG,Va Tech Wabag Ltd.,Utilities
WAKEFIT,Wakefit Innovations Ltd.,Consumer Durables
WEBELSOLAR,Websol Energy System Ltd.,Capital Goods
WELCORP,Welspun Corp Ltd.,Capital Goods
WELENT,Welspun Enterprises Ltd.,Construction
WELSPUNLIV,Welspun Living Ltd.,Textiles
WESTLIFE,Westlife Foodworld Ltd.,Consumer Services
WEWORK,WeWork India Management Ltd.,Services
WHIRLPOOL,Whirlpool of India Ltd.,Consumer Durables
WIPRO,Wipro Ltd.,Information Technology
WOCKPHARMA,Wockhardt Ltd.,Healthcare
YATHARTH,Yatharth Hospital & Trauma Care Services Ltd.,Healthcare
YESBANK,Yes Bank Ltd.,Financial Services
ZAGGLE,Zaggle Prepaid Ocean Services Ltd.,Information Technology
ZEEL,Zee Entertainment Enterprises Ltd.,Media Entertainment & Publication
ZENSARTECH,Zensar Technolgies Ltd.,Information Technology
ZENTEC,Zen Technologies Ltd.,Capital Goods
ZFCVINDIA,ZF Commercial Vehicle Control Systems India Ltd.,Automobile and Auto Components
ZYDUSLIFE,Zydus Lifesciences Ltd.,Healthcare
ZYDUSWELL,Zydus Wellness Ltd.,Fast Moving Consumer Goods
