Theme,Symbols
Wires & Cables,POLYCAB KEI FINCABLES RRKABEL HAVELLS UNIVCABLES DYCL PARACABLES APARINDS CORDSCABLE VINDHYATEL BIRLACABLE GVPIL
Data Centres & Cloud,ANANTRAJ TECHNOE NETWEB RAILTEL BBOX E2E RPTECH TATACOMM BHARTIARTL
Defence,HAL BEL BDL MAZDOCK COCHINSHIP GRSE BEML SOLARINDS DATAPATTNS PARAS ASTRAMICRO MTARTECH ZENTEC APOLLO MIDHANI KRISHNADEF AVANTEL HBLENGINE IDEAFORGE DCXINDIA SIKA PREMEXPLN
Jewellery & Gold,TITAN KALYANKJIL SENCO PNGJL THANGAMAYL SKYGOLD MOTISONS MUTHOOTFIN MANAPPURAM DPABHUSHAN
EMS / Electronics Manufacturing,DIXON KAYNES SYRMA AVALON CYIENTDLM AMBER PGEL SGIL IKIO HBLENGINE ELIN NETWEB
Nuclear Power,NTPC BHEL LT WALCHANNAG MTARTECH HCC GODREJIND TATAPOWER PTC
Drones & Space,IDEAFORGE ZENTEC DCXINDIA PARAS ASTRAMICRO MTARTECH APOLLO CENTUM AVANTEL DATAPATTNS
Shipbuilding & Maritime,MAZDOCK COCHINSHIP GRSE SWANCORP SCI GESHIP SEAMECLTD ADANIPORTS JWL DREDGECORP
CDMO / CRDMO,DIVISLAB SYNGENE LAURUSLABS PPLPHARMA SAILIFE COHANCE NEULANDLAB GLAND CONCORDBIO JUBLPHARMA AARTIPHARM DCAL
Sugar & Ethanol,BALRAMCHIN TRIVENI EIDPARRY RENUKA DALMIASUG DHAMPURSUG BAJAJHIND DWARKESH UTTAMSUGAR AVADHSUGAR MAWANASUG PRAJIND
Capital Markets,BSE CDSL MCX ANGELONE KFINTECH CAMS MOTILALOFS NUVAMA 360ONE ANANDRATHI IIFL HDFCAMC NAM-INDIA UTIAMC ABSLAMC
Railways,IRFC RVNL IRCTC IRCON RAILTEL RITES TITAGARH JWL TEXRAIL CONCOR BEML HBLENGINE RKFORGE KERNEX
Travel & Hospitality,INDHOTEL EIHOTEL LEMONTREE CHALET JUNIPER SAMHI ITCHOTELS VENTIVE MHRIL EASEMYTRIP YATRA THOMASCOOK INDIGO IRCTC TBOTEK
QSR & Restaurants,JUBLFOOD DEVYANI SAPPHIRE WESTLIFE RBA SPECIALITY
Power T&D,POWERGRID KEC KPIL TARIL POWERINDIA SIEMENS ABB GVT&D VOLTAMP SCHNEIDER SKIPPER APARINDS TDPOWERSYS INDOTECH CGPOWER
Internet & New-Age Tech,ETERNAL SWIGGY NYKAA PAYTM POLICYBZR NAUKRI INDIAMART JUSTDIAL CARTRADE MAPMYINDIA IXIGO DELHIVERY FIRSTCRY HONASA NAZARA ZAGGLE AFFLE ROUTE TBOTEK
Semiconductors (India),MOSCHIP CGPOWER KAYNES TATAELXSI
Water & Sanitation,WABAG IONEXCHANG EIEL THERMAX EMSLIMITED KILITCH SUPREMEIND FINPIPE ASTRAL PRINCEPIPE JASH
Private Banks,HDFCBANK ICICIBANK KOTAKBANK AXISBANK INDUSINDBK IDFCFIRSTB FEDERALBNK BANDHANBNK RBLBANK YESBANK CUB KARURVYSYA DCBBANK SOUTHBANK TMB CSBBANK J&KBANK
Building Materials,ASTRAL SUPREMEIND FINPIPE PRINCEPIPE CERA KAJARIACER SOMANYCERA CENTURYPLY GREENPANEL GREENPLY ASIANPAINT BERGEPAINT KANSAINER INDIGOPNTS PIDILITIND APLAPOLLO JINDALSAW HINDWAREAP
Hospitals & Diagnostics,APOLLOHOSP MAXHEALTH FORTIS NH MEDANTA KIMS RAINBOW ASTERDM YATHARTH JLHL LALPATHLAB METROPOLIS THYROCARE VIJAYA KRSNAA HCG POLYMED
EV & Batteries,EXIDEIND ARE&M OLAELEC TMPV M&M BAJAJ-AUTO TVSMOTOR HEROMOTOCO OLECTRA JBMA SONACOMS UNOMINDA HBLENGINE GREAVESCOT ATHERENERG
Infra EPC,LT NCC KNRCON PNCINFRA HGINFRA GPPL ENGINERSIN NBCC IRCON RVNL KEC KPIL AHLUCONT CAPACITE PSPPROJECT GRINFRA ASHOKA JKIL CEMPRO HCC
Renewable Energy,ADANIGREEN NTPCGREEN SUZLON INOXWIND WAAREEENER PREMIERENE TATAPOWER JSWENERGY ACMESOLAR KPIGREEN KPIL BORORENEW SWSOLAR WEBELSOLAR GENUSPOWER INOXGREEN IREDA
PSU Banks,SBIN BANKBARODA PNB CANBK UNIONBANK INDIANB BANKINDIA MAHABANK CENTRALBK IOB UCOBANK PSB
NBFC & Lending,BAJFINANCE BAJAJFINSV CHOLAFIN SHRIRAMFIN MUTHOOTFIN MANAPPURAM LICHSGFIN PFC RECLTD IREDA SBICARD POONAWALLA ABCAPITAL LTF AAVAS HOMEFIRST CREDITACC MASFIN
Insurance,SBILIFE HDFCLIFE ICICIPRULI ICICIGI LICI STARHEALTH NIACL GICRE MFSL GODIGIT NIVABUPA
IT Services,TCS INFY HCLTECH WIPRO TECHM LTM PERSISTENT COFORGE MPHASIS LTTS KPITTECH TATAELXSI CYIENT SONATSOFTW BSOFT ZENSARTECH HAPPSTMNDS MASTEK
Pharma,SUNPHARMA DRREDDY CIPLA LUPIN ZYDUSLIFE AUROPHARMA TORNTPHARM ALKEM MANKIND GLENMARK IPCALAB AJANTPHARM BIOCON NATCOPHARM GRANULES ERIS
Specialty Chemicals,PIIND SRF DEEPAKNTR AARTIIND NAVINFLUOR ATUL CLEAN FINEORG GALAXYSURF VINATIORGA ALKYLAMINE BALAMINES TATACHEM FLUOROCHEM ANURAS NOCIL ROSSARI
Agrochem & Fertilisers,UPL PIIND RALLIS DHANUKA BAYERCROP SUMICHEM CHAMBLFERT COROMANDEL GSFC RCF FACT DEEPAKFERT PARADEEP
Auto Ancillaries,BOSCHLTD MOTHERSON SONACOMS UNOMINDA ENDURANCE SCHAEFFLER TIINDIA BHARATFORG MINDACORP LUMAXTECH CRAFTSMAN SUPRAJIT GABRIEL JAMNAAUTO SANSERA ASKAUTOLTD
Tyres,MRF APOLLOTYRE CEATLTD JKTYRE BALKRISIND TVSSRICHAK
Cement,ULTRACEMCO AMBUJACEM SHREECEM ACC DALBHARAT JKCEMENT RAMCOCEM INDIACEM NUVOCO JKLAKSHMI BIRLACORPN HEIDELBERG STARCEMENT
Metals & Mining,TATASTEEL JSWSTEEL HINDALCO VEDL SAIL JINDALSTEL NMDC NATIONALUM HINDZINC HINDCOPPER COALINDIA APLAPOLLO JSL MOIL GMDCLTD
Real Estate,DLF GODREJPROP LODHA OBEROIRLTY PRESTIGE PHOENIXLTD BRIGADE SOBHA SUNTECK MAHLIFE KOLTEPATIL ANANTRAJ SIGNATURE PURVA ARVSMART
FMCG,HINDUNILVR ITC NESTLEIND BRITANNIA TATACONSUM DABUR MARICO GODREJCP COLPAL EMAMILTD VBL JYOTHYLAB BIKAJI GILLETTE PGHH AWL
Consumer Durables,HAVELLS VOLTAS BLUESTARCO CROMPTON WHIRLPOOL DIXON AMBER VGUARD BAJAJELEC ORIENTELEC SYMPHONY TTKPRESTIG EUREKAFORB IFBIND
Textiles & Apparel,PAGEIND KPRMILL GOKEX WELSPUNLIV TRIDENT VTL ARVIND RAYMOND SIYSIL NITINSPIN ALOKINDS KITEX
Logistics,CONCOR DELHIVERY BLUEDART TCIEXP TCI MAHLOG ALLCARGO GATEWAY VRLLOG ADANIPORTS JSWINFRA GESHIP
Telecom & Media,BHARTIARTL IDEA INDUSTOWER TATACOMM HFCL TEJASNET STLTECH SUNTV ZEEL PVRINOX NAZARA SAREGAMA TIPSMUSIC NETWORK18
Oil & Gas,RELIANCE ONGC IOC BPCL HINDPETRO GAIL OIL PETRONET IGL MGL ATGL MRPL CASTROLIND AEGISLOG
Power Utilities,NTPC POWERGRID TATAPOWER ADANIPOWER JSWENERGY NHPC SJVN TORNTPOWER CESC NLCINDIA RPOWER JPPOWER IEX PTC
Capital Goods & Industrials,LT SIEMENS ABB CUMMINSIND THERMAX BHEL CGPOWER KIRLOSENG ELECON TIMKEN SKFINDIA GRINDWELL AIAENG KSB TRITURBINE INGERRAND ESABINDIA
