symbol,key
20MICRONS,NSE_EQ|INE144J01027
21STCENMGM,NSE_EQ|INE253B01015
360ONE,NSE_EQ|INE466L01038
3BBLACKBIO,NSE_EQ|INE994E01018
3IINFOLTD,NSE_EQ|INE748C01038
3MINDIA,NSE_EQ|INE470A01017
3PLAND,NSE_EQ|INE105C01023
5PAISA,NSE_EQ|INE618L01018
63MOONS,NSE_EQ|INE111B01023
A2ZINFRA,NSE_EQ|INE619I01012
AAATECH,NSE_EQ|INE0D0U01013
AADHARHFC,NSE_EQ|INE883F01010
AAKASH,NSE_EQ|INE087Z01024
AAREYDRUGS,NSE_EQ|INE198H01019
AARNAV,NSE_EQ|INE750R01016
AARON,NSE_EQ|INE721Z01010
AARTECH,NSE_EQ|INE01C001026
AARTIDRUGS,NSE_EQ|INE767A01016
AARTIIND,NSE_EQ|INE769A01020
AARTIPHARM,NSE_EQ|INE0LRU01027
AARTISURF,NSE_EQ|INE09EO01013
AARVI,NSE_EQ|INE754X01016
AASTHA,NSE_EQ|INE2FMX01012
AAVAS,NSE_EQ|INE216P01012
ABAN,NSE_EQ|INE421A01028
ABANSENT,NSE_EQ|INE365O01028
ABB,NSE_EQ|INE117A01022
ABBOTINDIA,NSE_EQ|INE358A01014
ABCAPITAL,NSE_EQ|INE674K01013
ABCOTS,NSE_EQ|INE08PH01015
ABDL,NSE_EQ|INE552Z01027
ABFRL,NSE_EQ|INE647O01011
ABINFRA,NSE_EQ|INE00YB01025
ABLBL,NSE_EQ|INE14LE01019
ABMINTLLTD,NSE_EQ|INE251C01025
ABMKNO,NSE_EQ|INE850B01026
ABREL,NSE_EQ|INE055A01016
ABSLAMC,NSE_EQ|INE404A01024
ACC,NSE_EQ|INE012A01025
ACCELYA,NSE_EQ|INE793A01012
ACCURACY,NSE_EQ|INE648Z01023
ACE,NSE_EQ|INE731H01025
ACEINTEG,NSE_EQ|INE543V01017
ACEVECTOR,NSE_EQ|INE580P01029
ACGL,NSE_EQ|INE451C01013
ACI,NSE_EQ|INE128X01021
ACL,NSE_EQ|INE666E01020
ACMESOLAR,NSE_EQ|INE622W01025
ACSTECH,NSE_EQ|INE366C01021
ACUTAAS,NSE_EQ|INE00FF01025
ADANIENSOL,NSE_EQ|INE931S01010
ADANIENT,NSE_EQ|INE423A01024
ADANIGREEN,NSE_EQ|INE364U01010
ADANIPORTS,NSE_EQ|INE742F01042
ADANIPOWER,NSE_EQ|INE814H01029
ADDIND,NSE_EQ|INE757C01021
ADFFOODS,NSE_EQ|INE982B01027
ADL,NSE_EQ|INE0CHO01012
ADOR,NSE_EQ|INE045A01017
ADROITIND,NSE_EQ|INE505M01015
ADROITINFO,NSE_EQ|INE737B01033
ADSL,NSE_EQ|INE102I01027
ADVAIT,NSE_EQ|INE0ALI01010
ADVANCE,NSE_EQ|INE1B0W01010
ADVANIHOTR,NSE_EQ|INE199C01026
ADVENTHTL,NSE_EQ|INE28GN01010
ADVENZYMES,NSE_EQ|INE837H01020
ADVIKCA,NSE_EQ|INE178T01024
AEGISLOG,NSE_EQ|INE208C01025
AEGISVOPAK,NSE_EQ|INE0INX01018
AEPL,NSE_EQ|INE757T01025
AEQUS,NSE_EQ|INE947N01017
AEROENTER,NSE_EQ|INE065D01027
AEROFLEX,NSE_EQ|INE024001021
AERONEU,NSE_EQ|INE035801013
AEROPLANE,NSE_EQ|INE05TO01019
AETHER,NSE_EQ|INE0BWX01014
AFCONS,NSE_EQ|INE101I01011
AFFLE,NSE_EQ|INE00WC01027
AFFORDABLE,NSE_EQ|INE692Z01013
AFIL,NSE_EQ|INE916Y01027
AFSL,NSE_EQ|INE00ZE01026
AGARIND,NSE_EQ|INE204E01012
AGARWALEYE,NSE_EQ|INE943P01029
AGASTYAEN,NSE_EQ|INE753W01010
AGI,NSE_EQ|INE415A01038
AGIIL,NSE_EQ|INE976R01033
AGL,NSE_EQ|INE1YPB01014
AGRITECH,NSE_EQ|INE449G01018
AGROPHOS,NSE_EQ|INE740V01019
AHCL,NSE_EQ|INE0Y8W01025
AHLADA,NSE_EQ|INE00PV01013
AHLEAST,NSE_EQ|INE926K01017
AHLUCONT,NSE_EQ|INE758C01029
AHLWEST,NSE_EQ|INE915K01010
AIAENG,NSE_EQ|INE212H01026
AIIL,NSE_EQ|INE206F01022
AIRAN,NSE_EQ|INE645W01026
AIROLAM,NSE_EQ|INE801L01010
AJANTPHARM,NSE_EQ|INE031B01049
AJAXENGG,NSE_EQ|INE274Y01021
AJMERA,NSE_EQ|INE298G01035
AJOONI,NSE_EQ|INE820Y01021
AKASH,NSE_EQ|INE737W01013
AKCAPIT,NSE_EQ|INE701G01012
AKG,NSE_EQ|INE00Y801016
AKI,NSE_EQ|INE642Z01026
AKSHAR,NSE_EQ|INE256Z01025
AKSHARCHEM,NSE_EQ|INE542B01011
AKSHOPTFBR,NSE_EQ|INE523B01011
AKUMS,NSE_EQ|INE09XN01023
ALANKIT,NSE_EQ|INE914E01040
ALBERTDAVD,NSE_EQ|INE155C01010
ALEMBICLTD,NSE_EQ|INE426A01027
ALFREDHE,NSE_EQ|INE782D01027
ALGOQUANT,NSE_EQ|INE598D01035
ALICON,NSE_EQ|INE062D01024
ALIVUS,NSE_EQ|INE03Q201024
ALKALI,NSE_EQ|INE773I01017
ALKEM,NSE_EQ|INE540L01014
ALKYLAMINE,NSE_EQ|INE150B01039
ALLCARGO,NSE_EQ|INE418H01029
ALLDIGI,NSE_EQ|INE835G01018
ALLTIME,NSE_EQ|INE0GV601021
ALMONDZ,NSE_EQ|INE326B01035
ALOKINDS,NSE_EQ|INE270A01029
ALPA,NSE_EQ|INE385I01010
ALPHAGEO,NSE_EQ|INE137C01018
ALPINETEX,NSE_EQ|INE1JCQ01037
ALUFLUOR,NSE_EQ|INE058F01019
AMAGI,NSE_EQ|INE121R01077
AMAL,NSE_EQ|INE841D01013
AMANTA,NSE_EQ|INE084K01015
AMARJOTHI,NSE_EQ|INE484D01012
AMBALALSA,NSE_EQ|INE432A01017
AMBER,NSE_EQ|INE371P01015
AMBICAAGAR,NSE_EQ|INE792B01012
AMBIKCO,NSE_EQ|INE540G01014
AMBUJACEM,NSE_EQ|INE079A01024
AMDIND,NSE_EQ|INE005I01014
AMJLAND,NSE_EQ|INE606A01024
AMNPLST,NSE_EQ|INE275D01022
AMRUTANJAN,NSE_EQ|INE098F01031
ANANDRATHI,NSE_EQ|INE463V01026
ANANTRAJ,NSE_EQ|INE242C01024
ANDHRAPAP,NSE_EQ|INE435A01051
ANDHRSUGAR,NSE_EQ|INE715B01021
ANDREWYU,NSE_EQ|INE449C01025
ANGELONE,NSE_EQ|INE732I01021
ANIKINDS,NSE_EQ|INE087B01017
ANMOL,NSE_EQ|INE02AR01019
ANNAPURNA,NSE_EQ|INE0MGM01017
ANNU,NSE_EQ|INE103001017
ANSALBU,NSE_EQ|INE030C01015
ANTELOPUS,NSE_EQ|INE818A01017
ANTGRAPHIC,NSE_EQ|INE414B01021
ANTHEM,NSE_EQ|INE0CZ201020
ANUHPHR,NSE_EQ|INE489G01022
ANUP,NSE_EQ|INE294Z01018
ANURAS,NSE_EQ|INE930P01018
AONESTEELS,NSE_EQ|INE0OTC01025
APARINDS,NSE_EQ|INE372A01015
APCL,NSE_EQ|INE071F01012
APCOTEXIND,NSE_EQ|INE116A01032
APEX,NSE_EQ|INE346W01013
APLAPOLLO,NSE_EQ|INE702C01027
APLLTD,NSE_EQ|INE901L01018
APOLLO,NSE_EQ|INE713T01028
APOLLOHOSP,NSE_EQ|INE437A01024
APOLLOPIPE,NSE_EQ|INE126J01016
APOLLOTYRE,NSE_EQ|INE438A01022
APOLSINHOT,NSE_EQ|INE451F01024
APOORVA,NSE_EQ|INE217S01014
APTECHT,NSE_EQ|INE266F01018
APTUS,NSE_EQ|INE852O01025
AQYLON,NSE_EQ|INE416A01051
ARCHIDPLY,NSE_EQ|INE877I01016
ARCHIES,NSE_EQ|INE731A01020
ARCIL,NSE_EQ|INE148G01016
ARCL,NSE_EQ|INE372M01010
ARDEE,NSE_EQ|INE0XNF01022
ARE&M,NSE_EQ|INE885A01032
ARENTERP,NSE_EQ|INE610C01014
ARFIN,NSE_EQ|INE784R01023
ARIES,NSE_EQ|INE298I01015
ARIHANT,NSE_EQ|INE413D01011
ARIHANTCAP,NSE_EQ|INE420B01036
ARIHANTSUP,NSE_EQ|INE643K01018
ARIS,NSE_EQ|INE0H9P01028
ARKADE,NSE_EQ|INE0QRL01017
ARMANFIN,NSE_EQ|INE109C01017
ARMEE,NSE_EQ|INE0TWE01016
AROGRANITE,NSE_EQ|INE210C01013
ARROWGREEN,NSE_EQ|INE570D01018
ARSSBL,NSE_EQ|INE549H01021
ARTEMISMED,NSE_EQ|INE025R01021
ARTNIRMAN,NSE_EQ|INE738V01013
ARVEE,NSE_EQ|INE006Z01016
ARVIND,NSE_EQ|INE034A01011
ARVINDFASN,NSE_EQ|INE955V01021
ARVSMART,NSE_EQ|INE034S01021
ARYAMAN,NSE_EQ|INE032E01017
ASAHIINDIA,NSE_EQ|INE439A01020
ASAHISONG,NSE_EQ|INE228I01012
ASAL,NSE_EQ|INE900C01027
ASALCBR,NSE_EQ|INE073G01016
ASHAPURMIN,NSE_EQ|INE348A01023
ASHIANA,NSE_EQ|INE365D01021
ASHIKAG,NSE_EQ|INE094B01013
ASHIMASYN,NSE_EQ|INE440A01010
ASHOKA,NSE_EQ|INE442H01029
ASHOKAMET,NSE_EQ|INE760Y01011
ASHOKLEY,NSE_EQ|INE208A01029
ASIANENE,NSE_EQ|INE276G01015
ASIANHOTNR,NSE_EQ|INE363A01022
ASIANPAINT,NSE_EQ|INE021A01026
ASIANTILES,NSE_EQ|INE022I01019
ASIANTNE,NSE_EQ|INE822B01017
ASKAUTOLTD,NSE_EQ|INE491J01022
ASMS,NSE_EQ|INE855F01042
ASPINWALL,NSE_EQ|INE991I01015
ASSAMENT,NSE_EQ|INE165G01010
ASTAR,NSE_EQ|INE194D01017
ASTEC,NSE_EQ|INE563J01010
ASTERDM,NSE_EQ|INE914M01019
ASTRAL,NSE_EQ|INE006I01046
ASTRAMICRO,NSE_EQ|INE386C01029
ASTRAZEN,NSE_EQ|INE203A01020
ATALREAL,NSE_EQ|INE0ALR01029
ATAM,NSE_EQ|INE09KD01013
ATGL,NSE_EQ|INE399L01023
ATHERENERG,NSE_EQ|INE0LEZ01016
ATL,NSE_EQ|INE0NN701020
ATLANTAA,NSE_EQ|INE285H01022
ATLANTAELE,NSE_EQ|INE0Z4F01028
ATLASCYCLE,NSE_EQ|INE446A01025
ATUL,NSE_EQ|INE100A01010
ATULAUTO,NSE_EQ|INE951D01028
AUBANK,NSE_EQ|INE949L01017
AUGMONT,NSE_EQ|INE16W401027
AURIONPRO,NSE_EQ|INE132H01018
AUROPHARMA,NSE_EQ|INE406A01037
AURUM,NSE_EQ|INE898S01029
AURUS,NSE_EQ|INE142K01011
AUSOMENT,NSE_EQ|INE218C01016
AUSTENG,NSE_EQ|INE759F01012
AUTOAXLES,NSE_EQ|INE449A01011
AUTOIND,NSE_EQ|INE718H01014
AVADHSUGAR,NSE_EQ|INE349W01017
AVALON,NSE_EQ|INE0LCL01028
AVANCE,NSE_EQ|INE758A01072
AVANTEL,NSE_EQ|INE005B01027
AVANTIFEED,NSE_EQ|INE871C01038
AVG,NSE_EQ|INE680Z01018
AVL,NSE_EQ|INE679V01027
AVONMORE,NSE_EQ|INE323B01024
AVROIND,NSE_EQ|INE652Z01025
AVTNPL,NSE_EQ|INE488D01021
AWFIS,NSE_EQ|INE108V01019
AWHCL,NSE_EQ|INE01BK01022
AWL,NSE_EQ|INE699H01024
AXISBANK,NSE_EQ|INE238A01034
AXISCADES,NSE_EQ|INE555B01013
AXITA,NSE_EQ|INE02EZ01022
AXTEL,NSE_EQ|INE767C01012
AYE,NSE_EQ|INE501X01029
AYMSYNTEX,NSE_EQ|INE193B01039
AZAD,NSE_EQ|INE02IJ01035
AZADIND,NSE_EQ|INE566M01017
BAFNAPH,NSE_EQ|INE878I01022
BAGFILMS,NSE_EQ|INE116D01028
BAIDFIN,NSE_EQ|INE020D01022
BAJAJ-AUTO,NSE_EQ|INE917I01010
BAJAJCON,NSE_EQ|INE933K01021
BAJAJELEC,NSE_EQ|INE193E01025
BAJAJFINSV,NSE_EQ|INE918I01026
BAJAJHCARE,NSE_EQ|INE411U01027
BAJAJHFL,NSE_EQ|INE377Y01014
BAJAJHIND,NSE_EQ|INE306A01021
BAJAJHLDNG,NSE_EQ|INE118A01012
BAJAJINDEF,NSE_EQ|INE0O9T01021
BAJAJST,NSE_EQ|INE704G01024
BAJEL,NSE_EQ|INE0KQN01018
BAJFINANCE,NSE_EQ|INE296A01032
BALAJEE,NSE_EQ|INE0S2G01011
BALAJITELE,NSE_EQ|INE794B01026
BALAMINES,NSE_EQ|INE050E01027
BALAXI,NSE_EQ|INE618N01022
BALKRISHNA,NSE_EQ|INE875R01011
BALKRISIND,NSE_EQ|INE787D01026
BALMLAWRIE,NSE_EQ|INE164A01016
BALPHARMA,NSE_EQ|INE083D01012
BALRAMCHIN,NSE_EQ|INE119A01028
BALUFORGE,NSE_EQ|INE011E01029
BANARBEADS,NSE_EQ|INE655B01011
BANARISUG,NSE_EQ|INE459A01010
BANCOINDIA,NSE_EQ|INE213C01025
BANDHANBNK,NSE_EQ|INE545U01014
BANG,NSE_EQ|INE863I01016
BANKA,NSE_EQ|INE862Y01015
BANKBARODA,NSE_EQ|INE028A01039
BANKINDIA,NSE_EQ|INE084A01016
BANSALWIRE,NSE_EQ|INE0B9K01025
BANSWRAS,NSE_EQ|INE629D01020
BASF,NSE_EQ|INE373A01013
BASML,NSE_EQ|INE186H01022
BATAINDIA,NSE_EQ|INE176A01028
BATLIBOI,NSE_EQ|INE177C01022
BAYERCROP,NSE_EQ|INE462A01022
BBL,NSE_EQ|INE464A01036
BBOX,NSE_EQ|INE676A01027
BBTC,NSE_EQ|INE050A01025
BBTCL,NSE_EQ|INE01EE01011
BCG,NSE_EQ|INE425B01027
BCLIND,NSE_EQ|INE412G01024
BCONCEPTS,NSE_EQ|INE977Y01011
BCPL,NSE_EQ|INE00SW01015
BDL,NSE_EQ|INE171Z01026
BEARDSELL,NSE_EQ|INE520H01022
BECTORFOOD,NSE_EQ|INE495P01020
BEDMUTHA,NSE_EQ|INE844K01012
BEEKAY,NSE_EQ|INE213D01015
BEL,NSE_EQ|INE263A01024
BELLACASA,NSE_EQ|INE344T01014
BELRISE,NSE_EQ|INE894V01022
BEML,NSE_EQ|INE258A01024
BENARAS,NSE_EQ|INE664D01019
BENGALASM,NSE_EQ|INE083K01017
BEPL,NSE_EQ|INE922A01025
BERGEPAINT,NSE_EQ|INE463A01038
BESTAGRO,NSE_EQ|INE052T01021
BETA,NSE_EQ|INE351Y01019
BFINVEST,NSE_EQ|INE878K01010
BFUTILITIE,NSE_EQ|INE243D01012
BGRENERGY,NSE_EQ|INE661I01014
BHAGCHEM,NSE_EQ|INE414D01027
BHAGERIA,NSE_EQ|INE354C01027
BHAGYANGR,NSE_EQ|INE458B01036
BHANDARI,NSE_EQ|INE474E01029
BHARATCOAL,NSE_EQ|INE05XR01022
BHARATFORG,NSE_EQ|INE465A01025
BHARATGEAR,NSE_EQ|INE561C01019
BHARATRAS,NSE_EQ|INE838B01021
BHARATSE,NSE_EQ|INE415D01024
BHARATWIRE,NSE_EQ|INE316L01019
BHARTIARTL,NSE_EQ|INE397D01024
BHARTIHEXA,NSE_EQ|INE343G01021
BHEL,NSE_EQ|INE257A01026
BI,NSE_EQ|INE986A01012
BIGBLOC,NSE_EQ|INE412U01025
BIKAJI,NSE_EQ|INE00E101023
BIL,NSE_EQ|INE828A01016
BILVYAPAR,NSE_EQ|INE071A01013
BIMETAL,NSE_EQ|INE469A01019
BIOCON,NSE_EQ|INE376G01013
BIOFILCHEM,NSE_EQ|INE829A01014
BIRLACABLE,NSE_EQ|INE800A01015
BIRLACORPN,NSE_EQ|INE340A01012
BIRLAMONEY,NSE_EQ|INE865C01022
BIRLANU,NSE_EQ|INE557A01011
BIRLAPREC,NSE_EQ|INE372E01025
BLACKBUCK,NSE_EQ|INE0UIZ01018
BLACKROSE,NSE_EQ|INE761G01016
BLAL,NSE_EQ|INE0N7W01012
BLBLIMITED,NSE_EQ|INE791A01024
BLEL,NSE_EQ|INE1EEM01017
BLIL,NSE_EQ|INE525F01025
BLISSGVS,NSE_EQ|INE416D01022
BLKASHYAP,NSE_EQ|INE350H01032
BLS,NSE_EQ|INE153T01027
BLSE,NSE_EQ|INE0NLT01028
BLUECLOUDS,NSE_EQ|INE373T01047
BLUECOAST,NSE_EQ|INE472B01011
BLUEDART,NSE_EQ|INE233B01017
BLUEJET,NSE_EQ|INE0KBH01020
BLUESTARCO,NSE_EQ|INE472A01039
BLUESTONE,NSE_EQ|INE304W01038
BLUSPRING,NSE_EQ|INE0U4101014
BMWVENTLTD,NSE_EQ|INE965W01036
BNAGROCHEM,NSE_EQ|INE00HZ01011
BNALTD,NSE_EQ|INE489D01011
BODALCHEM,NSE_EQ|INE338D01028
BOHRAIND,NSE_EQ|INE802W01023
BOMDYEING,NSE_EQ|INE032A01023
BONLON,NSE_EQ|INE0B9A01018
BORANA,NSE_EQ|INE16SF01016
BOROLTD,NSE_EQ|INE02PY01013
BORORENEW,NSE_EQ|INE666D01022
BOROSCI,NSE_EQ|INE02L001032
BOSCH-HCIL,NSE_EQ|INE782A01015
BOSCHLTD,NSE_EQ|INE323A01026
BPCL,NSE_EQ|INE029A01011
BPL,NSE_EQ|INE110A01019
BPLPHARMA,NSE_EQ|INE365Y01019
BRAHMINFRA,NSE_EQ|INE320I01017
BRIGADE,NSE_EQ|INE791I01019
BRIGHOTEL,NSE_EQ|INE03NU01014
BRIGHTBR,NSE_EQ|INE630D01010
BRITANNIA,NSE_EQ|INE216A01030
BRNL,NSE_EQ|INE727S01012
BROOKS,NSE_EQ|INE650L01011
BSE,NSE_EQ|INE118H01025
BSHSL,NSE_EQ|INE032Z01020
BSL,NSE_EQ|INE594B01012
BSOFT,NSE_EQ|INE836A01035
BTML,NSE_EQ|INE0EEJ01023
BTTL,NSE_EQ|INE274K01012
BUILDPRO,NSE_EQ|INE24OJ01011
BURNPUR,NSE_EQ|INE817H01022
BUTTERFLY,NSE_EQ|INE295F01017
BVCL,NSE_EQ|INE139I01011
BYKE,NSE_EQ|INE319B01014
CALSOFT,NSE_EQ|INE526B01014
CAMLINFINE,NSE_EQ|INE052I01032
CAMPUS,NSE_EQ|INE278Y01022
CAMS,NSE_EQ|INE596I01020
CANBK,NSE_EQ|INE476A01022
CANFINHOME,NSE_EQ|INE477A01020
CANHLIFE,NSE_EQ|INE01TY01017
CANTABIL,NSE_EQ|INE068L01024
CAPACITE,NSE_EQ|INE264T01014
CAPILLARY,NSE_EQ|INE0ILV01024
CAPITALSFB,NSE_EQ|INE646H01017
CAPLIPOINT,NSE_EQ|INE475E01026
CAPTRUST,NSE_EQ|INE707C01018
CARBORUNIV,NSE_EQ|INE120A01034
CARERATING,NSE_EQ|INE752H01013
CARRARO,NSE_EQ|INE0V7W01012
CARTRADE,NSE_EQ|INE290S01011
CARYSIL,NSE_EQ|INE482D01024
CASTROLIND,NSE_EQ|INE172A01027
CCAVENUE,NSE_EQ|INE483S01020
CCCL,NSE_EQ|INE429I01024
CCHHL,NSE_EQ|INE652F01027
CCL,NSE_EQ|INE421D01022
CDSL,NSE_EQ|INE736A01011
CEATLTD,NSE_EQ|INE482A01020
CEIGALL,NSE_EQ|INE0AG901020
CEINSYS,NSE_EQ|INE016Q01014
CELEBRITY,NSE_EQ|INE185H01016
CELLO,NSE_EQ|INE0LMW01024
CEMPRO,NSE_EQ|INE686A01026
CENTENKA,NSE_EQ|INE485A01015
CENTEXT,NSE_EQ|INE281A01026
CENTEXT-RE,NSE_EQ|INE281A20018
CENTRALBK,NSE_EQ|INE483A01010
CENTRUM,NSE_EQ|INE660C01027
CENTUM,NSE_EQ|INE320B01020
CENTURYPLY,NSE_EQ|INE348B01021
CERA,NSE_EQ|INE739E01017
CESC,NSE_EQ|INE486A01021
CEWATER,NSE_EQ|INE037Z01029
CFEL,NSE_EQ|INE700F01024
CGCL,NSE_EQ|INE180C01042
CGPOWER,NSE_EQ|INE067A01029
CGVAK,NSE_EQ|INE084D01010
CHALET,NSE_EQ|INE427F01016
CHAMBLFERT,NSE_EQ|INE085A01013
CHEMBOND,NSE_EQ|INE995D01025
CHEMBONDCH,NSE_EQ|INE0TGX01019
CHEMCON,NSE_EQ|INE03YM01018
CHEMCRUX,NSE_EQ|INE298W01016
CHEMFAB,NSE_EQ|INE783X01023
CHEMPLASTS,NSE_EQ|INE488A01050
CHENNPETRO,NSE_EQ|INE178A01016
CHEVIOT,NSE_EQ|INE974B01016
CHOICEIN,NSE_EQ|INE102B01014
CHOLAFIN,NSE_EQ|INE121A01024
CHOLAHLDNG,NSE_EQ|INE149A01033
CIEINDIA,NSE_EQ|INE536H01010
CIFL,NSE_EQ|INE345H01024
CINELINE,NSE_EQ|INE704H01022
CINEVISTA,NSE_EQ|INE039B01026
CIPLA,NSE_EQ|INE059A01026
CLEAN,NSE_EQ|INE227W01023
CLEANMAX,NSE_EQ|INE647U01026
CLEDUCATE,NSE_EQ|INE201M01029
CLSEL,NSE_EQ|INE419D01026
CMLL,NSE_EQ|INE11XY01018
CMPDI,NSE_EQ|INE05HV01027
CMRGREEN,NSE_EQ|INE00WV01027
CMSINFO,NSE_EQ|INE925R01014
CNL,NSE_EQ|INE985W01018
COALINDIA,NSE_EQ|INE522F01014
COASTCORP,NSE_EQ|INE377E01024
COCHINSHIP,NSE_EQ|INE704P01025
COCKERILL,NSE_EQ|INE515A01019
COFFEEDAY,NSE_EQ|INE335K01011
COFORGE,NSE_EQ|INE591G01025
COHANCE,NSE_EQ|INE03QK01018
COLPAL,NSE_EQ|INE259A01022
COMFINTE,NSE_EQ|INE819A01049
COMPEAU,NSE_EQ|INE823B01015
COMPUSOFT,NSE_EQ|INE453B01029
COMSYN,NSE_EQ|INE073V01015
CONCOR,NSE_EQ|INE111A01025
CONCORDBIO,NSE_EQ|INE338H01029
CONFIPET,NSE_EQ|INE552D01024
CONSOFINVT,NSE_EQ|INE025A01027
CONTROLPR,NSE_EQ|INE663B01015
CORALFINAC,NSE_EQ|INE558D01021
CORDELIA,NSE_EQ|INE0LZF01039
CORDSCABLE,NSE_EQ|INE792I01017
COROMANDEL,NSE_EQ|INE169A01031
CORONA,NSE_EQ|INE02ZQ01018
COSMOFIRST,NSE_EQ|INE757A01017
COUNCODOS,NSE_EQ|INE695B01025
CPCAP,NSE_EQ|INE521J01018
CPEDU,NSE_EQ|INE0P6P01016
CPL,NSE_EQ|INE536P01021
CPPLUS,NSE_EQ|INE819V01029
CRAFTSMAN,NSE_EQ|INE00LO01017
CRAMC,NSE_EQ|INE218I01013
CRAVATEX,NSE_EQ|INE145E01017
CREATIVEYE,NSE_EQ|INE230B01021
CREDITACC,NSE_EQ|INE741K01010
CREST,NSE_EQ|INE559D01011
CRESTO,NSE_EQ|INE203Y01012
CRISIL,NSE_EQ|INE007A01025
CRIZAC,NSE_EQ|INE0S4R01014
CROMPTON,NSE_EQ|INE299U01018
CROWN,NSE_EQ|INE491V01019
CSBBANK,NSE_EQ|INE679A01013
CSLFINANCE,NSE_EQ|INE718F01018
CSM,NSE_EQ|INE0ZK601013
CTE,NSE_EQ|INE627H01017
CUB,NSE_EQ|INE491A01021
CUBEXTUB,NSE_EQ|INE144D01012
CUMMINSIND,NSE_EQ|INE298A01020
CUPID,NSE_EQ|INE509F01029
CURAA,NSE_EQ|INE117B01020
CYBERMEDIA,NSE_EQ|INE278G01037
CYBERTECH,NSE_EQ|INE214A01019
CYIENT,NSE_EQ|INE136B01020
CYIENTDLM,NSE_EQ|INE055S01018
DABUR,NSE_EQ|INE016A01026
DAICHI,NSE_EQ|INE928C01010
DALBHARAT,NSE_EQ|INE00R701025
DALMIASUG,NSE_EQ|INE495A01022
DAMCAPITAL,NSE_EQ|INE284H01025
DAMODARIND,NSE_EQ|INE497D01022
DANGEE,NSE_EQ|INE688Y01022
DATAMATICS,NSE_EQ|INE365B01017
DATAPATTNS,NSE_EQ|INE0IX101010
DAVANGERE,NSE_EQ|INE179G01029
DBCORP,NSE_EQ|INE950I01011
DBEIL,NSE_EQ|INE0OPA01027
DBL,NSE_EQ|INE917M01012
DBOL,NSE_EQ|INE0I3401014
DBREALTY,NSE_EQ|INE879I01012
DBSTOCKBRO,NSE_EQ|INE921B01025
DCAL,NSE_EQ|INE385W01011
DCBBANK,NSE_EQ|INE503A01015
DCI,NSE_EQ|INE0A1101019
DCM,NSE_EQ|INE498A01018
DCMFINSERV,NSE_EQ|INE891B01012
DCMNVL,NSE_EQ|INE08KP01019
DCMSHRIRAM,NSE_EQ|INE499A01024
DCMSIL,NSE_EQ|INE0OU201013
DCMSRIND,NSE_EQ|INE843D01027
DCW,NSE_EQ|INE500A01029
DCXINDIA,NSE_EQ|INE0KL801015
DDEVPLSTIK,NSE_EQ|INE0HR601026
DECCANCE,NSE_EQ|INE583C01021
DECNGOLD,NSE_EQ|INE945F01025
DEEDEV,NSE_EQ|INE841L01016
DEEP,NSE_EQ|INE00IY01012
DEEPA,NSE_EQ|INE1M2N01020
DEEPAKFERT,NSE_EQ|INE501A01019
DEEPAKNTR,NSE_EQ|INE288B01029
DEEPINDS,NSE_EQ|INE0FHS01024
DELHIVERY,NSE_EQ|INE148O01028
DELPHIFX,NSE_EQ|INE726L01027
DELTACORP,NSE_EQ|INE124G01033
DELTAMAGNT,NSE_EQ|INE393A01011
DEN,NSE_EQ|INE947J01015
DENORA,NSE_EQ|INE244A01016
DENTA,NSE_EQ|INE0R4L01018
DEVIT,NSE_EQ|INE060X01034
DEVX,NSE_EQ|INE0VOV01021
DEVYANI,NSE_EQ|INE872J01023
DGCONTENT,NSE_EQ|INE03JI01017
DHABRIYA,NSE_EQ|INE260R01016
DHAMPURSUG,NSE_EQ|INE041A01016
DHANBANK,NSE_EQ|INE680A01011
DHANUKA,NSE_EQ|INE435G01025
DHARMAJ,NSE_EQ|INE00OQ01016
DHATRE,NSE_EQ|INE715T01031
DHOOTTRANS,NSE_EQ|INE01NH01023
DHRUV,NSE_EQ|INE506Z01015
DHUNINV,NSE_EQ|INE320L01011
DIACABS,NSE_EQ|INE989C01038
DIAMINESQ,NSE_EQ|INE591D01014
DIAMONDYD,NSE_EQ|INE393P01035
DICIND,NSE_EQ|INE303A01010
DIFFNKG,NSE_EQ|INE184O01015
DIGIDRIVE,NSE_EQ|INE0PSC01024
DIGISPICE,NSE_EQ|INE927C01020
DIGITIDE,NSE_EQ|INE0U4701011
DIGJAMLMTD,NSE_EQ|INE731U01028
DISAQ,NSE_EQ|INE131C01011
DISHTV,NSE_EQ|INE836F01026
DIVGIITTS,NSE_EQ|INE753U01022
DIVISLAB,NSE_EQ|INE361B01024
DIXON,NSE_EQ|INE935N01020
DJML,NSE_EQ|INE0B1K01014
DLF,NSE_EQ|INE271C01023
DLINKINDIA,NSE_EQ|INE250K01012
DMART,NSE_EQ|INE192R01011
DMCC,NSE_EQ|INE505A01010
DNAMEDIA,NSE_EQ|INE016M01021
DODLA,NSE_EQ|INE021O01019
DOLATALGO,NSE_EQ|INE966A01022
DOLLAR,NSE_EQ|INE325C01035
DOLLEX,NSE_EQ|INE0JHH01011
DOLPHIN,NSE_EQ|INE920A01037
DOMS,NSE_EQ|INE321T01012
DONEAR,NSE_EQ|INE668D01028
DPABHUSHAN,NSE_EQ|INE266Y01019
DPSCLTD,NSE_EQ|INE360C01024
DPWIRES,NSE_EQ|INE864X01013
DRAGARWQ,NSE_EQ|INE934C01018
DRCSYSTEMS,NSE_EQ|INE03RS01027
DREAMFOLKS,NSE_EQ|INE0JS101016
DREDGECORP,NSE_EQ|INE506A01018
DRREDDY,NSE_EQ|INE089A01031
DSFCL,NSE_EQ|INE0OFM01015
DSKULKARNI,NSE_EQ|INE891A01022
DSSL,NSE_EQ|INE417B01040
DTIL,NSE_EQ|INE341R01014
DUCON,NSE_EQ|INE741L01018
DVL,NSE_EQ|INE477B01010
DWARKESH,NSE_EQ|INE366A01041
DYCL,NSE_EQ|INE600Y01019
DYNAMATECH,NSE_EQ|INE221B01012
DYNPRO,NSE_EQ|INE256H01015
E2E,NSE_EQ|INE255Z01027
EASEMYTRIP,NSE_EQ|INE07O001026
EASTSILK,NSE_EQ|INE962C01035
EASTWEST,NSE_EQ|INE595R01023
EBGNG,NSE_EQ|INE18JU01028
EBIX,NSE_EQ|INE432F01032
ECLERX,NSE_EQ|INE738I01010
ECORECO,NSE_EQ|INE316A01038
ECOSMOBLTY,NSE_EQ|INE06HJ01020
EDELWEISS,NSE_EQ|INE532F01054
EFCIL,NSE_EQ|INE886D01026
EICHERMOT,NSE_EQ|INE066A01021
EIDPARRY,NSE_EQ|INE126A01031
EIEL,NSE_EQ|INE0LLY01014
EIFFL,NSE_EQ|INE546V01010
EIHAHOTELS,NSE_EQ|INE276C01014
EIHOTEL,NSE_EQ|INE230A01023
EIMCOELECO,NSE_EQ|INE158B01016
EKC,NSE_EQ|INE184H01027
EKI,NSE_EQ|INE0CPR01018
ELANTAS,NSE_EQ|INE280B01018
ELCIDIN,NSE_EQ|INE927X01018
ELDEHSG,NSE_EQ|INE668G01021
ELECON,NSE_EQ|INE205B01031
ELECTCAST,NSE_EQ|INE086A01029
ELECTHERM,NSE_EQ|INE822G01016
ELEVATE,NSE_EQ|INE147X01013
ELGIEQUIP,NSE_EQ|INE285A01027
ELGIRUBCO,NSE_EQ|INE819L01012
ELIN,NSE_EQ|INE050401020
ELITECON,NSE_EQ|INE669R01026
ELLEN,NSE_EQ|INE236E01022
ELPROINTL,NSE_EQ|INE579B01039
EMAMILTD,NSE_EQ|INE548C01032
EMAMIPAP,NSE_EQ|INE830C01026
EMAMIREAL,NSE_EQ|INE778K01012
EMBDL,NSE_EQ|INE069I01010
EMCURE,NSE_EQ|INE168P01015
EMIL,NSE_EQ|INE02YR01019
EMKAY,NSE_EQ|INE296H01011
EMMBI,NSE_EQ|INE753K01015
EMMVEE,NSE_EQ|INE1C6T01020
EMPIND,NSE_EQ|INE515H01014
EMPOWER,NSE_EQ|INE507F01023
EMSLIMITED,NSE_EQ|INE0OV601013
EMUDHRA,NSE_EQ|INE01QM01018
ENDURANCE,NSE_EQ|INE913H01037
ENERGYDEV,NSE_EQ|INE306C01019
ENGINERSIN,NSE_EQ|INE510A01028
ENIL,NSE_EQ|INE265F01028
ENKEIWHEL,NSE_EQ|INE130L01014
ENRIN,NSE_EQ|INE1NPP01017
ENTERO,NSE_EQ|INE010601016
EPACK,NSE_EQ|INE0G5901015
EPACKPEB,NSE_EQ|INE0MLS01022
EPIGRAL,NSE_EQ|INE071N01016
EPL,NSE_EQ|INE255A01020
EQUIPPP,NSE_EQ|INE217G01035
EQUITASBNK,NSE_EQ|INE063P01018
ERIS,NSE_EQ|INE406M01024
ESABINDIA,NSE_EQ|INE284A01012
ESAFSFB,NSE_EQ|INE818W01011
ESCORTS,NSE_EQ|INE042A01014
ESDS,NSE_EQ|INE0DRI01029
ESSARSHPNG,NSE_EQ|INE122M01019
ESSENTIA,NSE_EQ|INE418N01035
ESTER,NSE_EQ|INE778B01029
ETERNAL,NSE_EQ|INE758T01015
ETHOSLTD,NSE_EQ|INE04TZ01018
EUREKAFORB,NSE_EQ|INE0KCE01017
EUROBOND,NSE_EQ|INE505V01016
EUROPRATIK,NSE_EQ|INE198501012
EUROTEXIND,NSE_EQ|INE022C01012
EVEREADY,NSE_EQ|INE128A01029
EVERESTIND,NSE_EQ|INE295A01018
EXCELINDUS,NSE_EQ|INE369A01029
EXCELSOFT,NSE_EQ|INE606N01019
EXICOM,NSE_EQ|INE777F01014
EXIDEIND,NSE_EQ|INE302A01020
EXPLEOSOL,NSE_EQ|INE201K01015
EXXARO,NSE_EQ|INE0GFE01026
FABTECH,NSE_EQ|INE0HF201011
FACT,NSE_EQ|INE188A01015
FAIRCHEMOR,NSE_EQ|INE0DNW01011
FAZE3Q,NSE_EQ|INE963C01033
FCL,NSE_EQ|INE045J01034
FCSSOFT,NSE_EQ|INE512B01022
FDC,NSE_EQ|INE258B01022
FEDDERSHOL,NSE_EQ|INE417D01020
FEDERALBNK,NSE_EQ|INE171A01029
FEDFINA,NSE_EQ|INE007N01010
FERMENTA,NSE_EQ|INE225B01021
FIBERWEB,NSE_EQ|INE296C01020
FIEMIND,NSE_EQ|INE737H01014
FILATEX,NSE_EQ|INE816B01035
FILATFASH,NSE_EQ|INE185E01021
FINCABLES,NSE_EQ|INE235A01022
FINEORG,NSE_EQ|INE686Y01026
FINKURVE,NSE_EQ|INE734I01027
FINOPB,NSE_EQ|INE02NC01014
FINPIPE,NSE_EQ|INE183A01024
FIRSTCRY,NSE_EQ|INE02RE01045
FISCHER,NSE_EQ|INE771F01041
FIVESTAR,NSE_EQ|INE128S01021
FLAIR,NSE_EQ|INE00Y201027
FLEXITUFF,NSE_EQ|INE060J01017
FLUOROCHEM,NSE_EQ|INE09N301011
FMGOETZE,NSE_EQ|INE529A01010
FMNL,NSE_EQ|INE360L01017
FOCUS,NSE_EQ|INE593W01028
FOODSIN,NSE_EQ|INE976E01023
FORCEMOT,NSE_EQ|INE451A01017
FORTIS,NSE_EQ|INE061F01013
FOSECOIND,NSE_EQ|INE519A01011
FRACTAL,NSE_EQ|INE212S01015
FREDUN,NSE_EQ|INE194R01017
FRONTSP,NSE_EQ|INE572D01014
FSL,NSE_EQ|INE684F01012
FUSION,NSE_EQ|INE139R01012
GABRIEL,NSE_EQ|INE524A01029
GAEL,NSE_EQ|INE036B01030
GAIL,NSE_EQ|INE129A01019
GAJA,NSE_EQ|INE18UN01038
GALAPREC,NSE_EQ|INE0RE001014
GALAXYSURF,NSE_EQ|INE600K01018
GALLANTT,NSE_EQ|INE297H01019
GANDHAR,NSE_EQ|INE717W01049
GANDHITUBE,NSE_EQ|INE524B01027
GANECOS,NSE_EQ|INE845D01014
GANESHBE,NSE_EQ|INE388A01029
GANESHCP,NSE_EQ|INE652V01016
GANESHHOU,NSE_EQ|INE460C01014
GANGAFORGE,NSE_EQ|INE691Z01023
GANGESSECU,NSE_EQ|INE335W01016
GARFIBRES,NSE_EQ|INE276A01018
GARUDA,NSE_EQ|INE0JVO01026
GATECH,NSE_EQ|INE224E01028
GATECHDVR,NSE_EQ|INE224E01036
GATEWAY,NSE_EQ|INE079J01017
GAUDIUMIVF,NSE_EQ|INE0P8B01020
GAYAHWS,NSE_EQ|INE287Z01012
GAYAPROJ,NSE_EQ|INE336H01023
GCSL,NSE_EQ|INE199P01028
GEECEE,NSE_EQ|INE916G01016
GEEKAYWIRE,NSE_EQ|INE669X01032
GEMAROMA,NSE_EQ|INE06XZ01023
GENCON,NSE_EQ|INE854S01022
GENESYS,NSE_EQ|INE727B01026
GENUSPAPER,NSE_EQ|INE949P01018
GENUSPOWER,NSE_EQ|INE955D01029
GEOJITFSL,NSE_EQ|INE007B01023
GERMAN,NSE_EQ|INE0D4501011
GESHIP,NSE_EQ|INE017A01032
GFLLIMITED,NSE_EQ|INE538A01037
GFSTEELS,NSE_EQ|INE534A01028
GHCL,NSE_EQ|INE539A01019
GHCLTEXTIL,NSE_EQ|INE0PA801013
GICHSGFIN,NSE_EQ|INE289B01019
GICL,NSE_EQ|INE947T01022
GICRE,NSE_EQ|INE481Y01014
GILLANDERS,NSE_EQ|INE047B01011
GILLETTE,NSE_EQ|INE322A01010
GINNIFILA,NSE_EQ|INE424C01010
GIPCL,NSE_EQ|INE162A01010
GKB,NSE_EQ|INE265D01015
GKENERGY,NSE_EQ|INE1AG301022
GKSL,NSE_EQ|INE0V0W01025
GKWLIMITED,NSE_EQ|INE528A01020
GLAND,NSE_EQ|INE068V01023
GLASSWALL,NSE_EQ|INE644Q01039
GLAXO,NSE_EQ|INE159A01016
GLENMARK,NSE_EQ|INE935A01035
GLFL,NSE_EQ|INE540A01017
GLOBAL,NSE_EQ|INE291W01037
GLOBALE,NSE_EQ|INE0URU01010
GLOBALVECT,NSE_EQ|INE792H01019
GLOBE,NSE_EQ|INE581X01021
GLOBECIVIL,NSE_EQ|INE0V3U01015
GLOBUSSPR,NSE_EQ|INE615I01010
GLOSTERLTD,NSE_EQ|INE350Z01018
GLOTTIS,NSE_EQ|INE0TQE01026
GMBREW,NSE_EQ|INE075D01018
GMDCLTD,NSE_EQ|INE131A01031
GMMPFAUDLR,NSE_EQ|INE541A01023
GMRAIRPORT,NSE_EQ|INE776C01039
GMRP&UI,NSE_EQ|INE0CU601026
GNA,NSE_EQ|INE934S01014
GNFC,NSE_EQ|INE113A01013
GNRL,NSE_EQ|INE207H01018
GOACARBON,NSE_EQ|INE426D01013
GOCLCORP,NSE_EQ|INE077F01035
GOCOLORS,NSE_EQ|INE0BJS01011
GODAVARIB,NSE_EQ|INE497S01012
GODFRYPHLP,NSE_EQ|INE260B01028
GODIGIT,NSE_EQ|INE03JT01014
GODREJAGRO,NSE_EQ|INE850D01014
GODREJCP,NSE_EQ|INE102D01028
GODREJIND,NSE_EQ|INE233A01035
GODREJPROP,NSE_EQ|INE484J01027
GOKEX,NSE_EQ|INE887G01027
GOKUL,NSE_EQ|INE020J01029
GOKULAGRO,NSE_EQ|INE314T01033
GOLDIAM,NSE_EQ|INE025B01025
GOLDTECH,NSE_EQ|INE805A01014
GOODLUCK,NSE_EQ|INE127I01024
GOODYEAR,NSE_EQ|INE533A01012
GOPAL,NSE_EQ|INE0L9R01028
GOYALALUM,NSE_EQ|INE705X01026
GPIL,NSE_EQ|INE177H01039
GPPL,NSE_EQ|INE517F01014
GPTHEALTH,NSE_EQ|INE486R01017
GPTINFRA,NSE_EQ|INE390G01014
GRADIENTE,NSE_EQ|INE361K01017
GRANDOAK,NSE_EQ|INE926B01016
GRANULES,NSE_EQ|INE101D01020
GRAPHITE,NSE_EQ|INE371A01025
GRASIM,NSE_EQ|INE047A01021
GRAUWEIL,NSE_EQ|INE266D01021
GRAVISSHO,NSE_EQ|INE214F01026
GRAVITA,NSE_EQ|INE024L01027
GREAVESCOT,NSE_EQ|INE224A01026
GREENLAM,NSE_EQ|INE544R01021
GREENPANEL,NSE_EQ|INE08ZM01014
GREENPLY,NSE_EQ|INE461C01038
GREENPOWER,NSE_EQ|INE999K01014
GRINDWELL,NSE_EQ|INE536A01023
GRINFRA,NSE_EQ|INE201P01022
GRMOVER,NSE_EQ|INE192H01020
GROBTEA,NSE_EQ|INE646C01018
GROWW,NSE_EQ|INE0HOQ01053
GRPLTD,NSE_EQ|INE137I01015
GRSE,NSE_EQ|INE382Z01011
GRWRHITECH,NSE_EQ|INE291A01017
GSFC,NSE_EQ|INE026A01025
GSLSU,NSE_EQ|INE0JSX01015
GSPCROP,NSE_EQ|INE713R01022
GSPLTRANS,NSE_EQ|INE1TUG01013
GSS,NSE_EQ|INE871H01011
GTECJAINX,NSE_EQ|INE586X01012
GTL,NSE_EQ|INE043A01012
GTLINFRA,NSE_EQ|INE221H01019
GTPL,NSE_EQ|INE869I01013
GUFICBIO,NSE_EQ|INE742B01025
GUJALKALI,NSE_EQ|INE186A01019
GUJAPOLLO,NSE_EQ|INE826C01016
GUJENERGY,NSE_EQ|INE844O01030
GUJRAFFIA,NSE_EQ|INE610B01024
GUJTHEM,NSE_EQ|INE942C01045
GULFOILLUB,NSE_EQ|INE635Q01029
GULFPETRO,NSE_EQ|INE586G01017
GULPOLY,NSE_EQ|INE255D01024
GVKPIL,NSE_EQ|INE251H01024
GVPIL,NSE_EQ|INE878A01011
GVPTECH,NSE_EQ|INE382T01030
GVT&D,NSE_EQ|INE200A01026
GYFTR,NSE_EQ|INE724A01017
HAL,NSE_EQ|INE066F01020
HALDER,NSE_EQ|INE115S01010
HALDYNGL,NSE_EQ|INE506D01020
HALEOSLABS,NSE_EQ|INE320X01016
HAMPTON,NSE_EQ|INE299D01022
HAPPSTMNDS,NSE_EQ|INE419U01012
HAPPYFORGE,NSE_EQ|INE330T01021
HARDWYN,NSE_EQ|INE626Z01029
HARIOMPIPE,NSE_EQ|INE00EV01017
HARRMALAYA,NSE_EQ|INE544A01019
HARSHA,NSE_EQ|INE0JUS01029
HATHWAY,NSE_EQ|INE982F01036
HATSUN,NSE_EQ|INE473B01035
HAVELLS,NSE_EQ|INE176B01034
HAVISHA,NSE_EQ|INE293B01029
HAWKINCOOK,NSE_EQ|INE979B01015
HAZOOR,NSE_EQ|INE550F01049
HBESD,NSE_EQ|INE640B01021
HBLENGINE,NSE_EQ|INE292B01021
HBPOR,NSE_EQ|INE638B01025
HBSL,NSE_EQ|INE550B01022
HCC,NSE_EQ|INE549A01026
HCG,NSE_EQ|INE075I01017
HCL-INSYS,NSE_EQ|INE236A01020
HCLTECH,NSE_EQ|INE860A01027
HDBFS,NSE_EQ|INE756I01012
HDFCAMC,NSE_EQ|INE127D01025
HDFCBANK,NSE_EQ|INE040A01034
HDFCLIFE,NSE_EQ|INE795G01014
HEADSUP,NSE_EQ|INE759V01019
HEALTHX,NSE_EQ|INE019J01013
HECPROJECT,NSE_EQ|INE558R01013
HEGAM,NSE_EQ|INE545A01024
HEIDELBERG,NSE_EQ|INE578A01017
HEMIPROP,NSE_EQ|INE0AJG01018
HERANBA,NSE_EQ|INE694N01015
HERITGFOOD,NSE_EQ|INE978A01027
HEROMOTOCO,NSE_EQ|INE158A01026
HEROMOTORS,NSE_EQ|INE012G01022
HESTERBIO,NSE_EQ|INE782E01017
HEXAGON,NSE_EQ|INE0JUI01012
HEXATRADEX,NSE_EQ|INE750M01017
HEXT,NSE_EQ|INE093A01041
HFCL,NSE_EQ|INE548A01028
HGINFRA,NSE_EQ|INE926X01010
HGM,NSE_EQ|INE596H01014
HGS,NSE_EQ|INE170I01016
HIKAL,NSE_EQ|INE475B01022
HILINFRA,NSE_EQ|INE00RL01028
HILTON,NSE_EQ|INE788H01017
HIMATSEIDE,NSE_EQ|INE049A01027
HINDADH,NSE_EQ|INE074C01013
HINDALCO,NSE_EQ|INE038A01020
HINDALUMI,NSE_EQ|INE227B01019
HINDCOMPOS,NSE_EQ|INE310C01029
HINDCON,NSE_EQ|INE642Y01029
HINDCOPPER,NSE_EQ|INE531E01026
HINDOILEXP,NSE_EQ|INE345A01011
HINDPETRO,NSE_EQ|INE094A01015
HINDUNILVR,NSE_EQ|INE030A01027
HINDWAREAP,NSE_EQ|INE05AN01011
HINDZINC,NSE_EQ|INE267A01025
HIRECT,NSE_EQ|INE835D01023
HISARMETAL,NSE_EQ|INE598C01011
HITECH,NSE_EQ|INE106T01025
HITECHCORP,NSE_EQ|INE120D01012
HITECHGEAR,NSE_EQ|INE127B01011
HLEGLAS,NSE_EQ|INE461D01028
HLVLTD,NSE_EQ|INE102A01024
HMAAGRO,NSE_EQ|INE0ECP01024
HMVL,NSE_EQ|INE871K01015
HNDFDS,NSE_EQ|INE254N01026
HOMEFIRST,NSE_EQ|INE481N01025
HONASA,NSE_EQ|INE0J5401028
HONAUT,NSE_EQ|INE671A01010
HONDAPOWER,NSE_EQ|INE634A01018
HORIZONIND,NSE_EQ|INE685T01010
HPAL,NSE_EQ|INE0GSL01024
HPIL,NSE_EQ|INE05X901010
HPL,NSE_EQ|INE495S01016
HRYNSHP,NSE_EQ|INE400G01011
HSCL,NSE_EQ|INE019C01026
HTEL,NSE_EQ|INE0LEG01024
HTMEDIA,NSE_EQ|INE501G01024
HUBTOWN,NSE_EQ|INE703H01016
HUDCO,NSE_EQ|INE031A01017
HUHTAMAKI,NSE_EQ|INE275B01026
HYBRIDFIN,NSE_EQ|INE965B01022
HYUNDAI,NSE_EQ|INE0V6F01027
IBULLSLTD,NSE_EQ|INE126M01010
ICDSLTD,NSE_EQ|INE613B01010
ICEMAKE,NSE_EQ|INE520Y01019
ICICIAMC,NSE_EQ|INE346A01027
ICICIBANK,NSE_EQ|INE090A01021
ICICIGI,NSE_EQ|INE765G01017
ICICIPRULI,NSE_EQ|INE726G01019
ICIL,NSE_EQ|INE483B01026
ICRA,NSE_EQ|INE725G01011
IDBI,NSE_EQ|INE008A01015
IDEA,NSE_EQ|INE669E01016
IDEAFORGE,NSE_EQ|INE349Y01013
IDFCFIRSTB,NSE_EQ|INE092T01019
IEX,NSE_EQ|INE022Q01020
IFBAGRO,NSE_EQ|INE076C01018
IFBIND,NSE_EQ|INE559A01017
IFCI,NSE_EQ|INE039A01010
IFGLEXPOR,NSE_EQ|INE133Y01011
IGARASHI,NSE_EQ|INE188B01013
IGCL,NSE_EQ|INE05J901018
IGIL,NSE_EQ|INE0Q9301021
IGL,NSE_EQ|INE203G01027
IGPL,NSE_EQ|INE204A01010
IIFL,NSE_EQ|INE530B01024
IIFLCAPS,NSE_EQ|INE489L01022
IITL,NSE_EQ|INE886A01014
IKIO,NSE_EQ|INE0LOJ01019
IKS,NSE_EQ|INE115Q01022
IMAGICAA,NSE_EQ|INE172N01012
IMFA,NSE_EQ|INE919H01018
IMPAL,NSE_EQ|INE547E01014
INA,NSE_EQ|INE0LGX01024
INCREDIBLE,NSE_EQ|INE452L01012
INDBANK,NSE_EQ|INE841B01017
INDGN,NSE_EQ|INE065X01017
INDHOTEL,NSE_EQ|INE053A01029
INDIACEM,NSE_EQ|INE383A01012
INDIAGLYCO,NSE_EQ|INE560A01023
INDIAMART,NSE_EQ|INE933S01016
INDIANB,NSE_EQ|INE562A01011
INDIANCARD,NSE_EQ|INE061A01014
INDIANHUME,NSE_EQ|INE323C01030
INDIASHLTR,NSE_EQ|INE922K01024
INDIGO,NSE_EQ|INE646L01027
INDIGOPNTS,NSE_EQ|INE09VQ01012
INDIQUBE,NSE_EQ|INE06ST01018
INDNIPPON,NSE_EQ|INE092B01025
INDOAMIN,NSE_EQ|INE760F01028
INDOBORAX,NSE_EQ|INE803D01021
INDOCO,NSE_EQ|INE873D01024
INDOFARM,NSE_EQ|INE622H01018
INDOKEM,NSE_EQ|INE716F01012
INDOMIM,NSE_EQ|INE084101034
INDORAMA,NSE_EQ|INE156A01020
INDOSTAR,NSE_EQ|INE896L01010
INDOTECH,NSE_EQ|INE332H01014
INDOTHAI,NSE_EQ|INE337M01021
INDOUS,NSE_EQ|INE250Z01010
INDOWIND,NSE_EQ|INE227G01018
INDPRUD,NSE_EQ|INE620D01011
INDRAMEDCO,NSE_EQ|INE681B01017
INDSWFTLAB,NSE_EQ|INE915B01019
INDTERRAIN,NSE_EQ|INE611L01021
INDUSINDBK,NSE_EQ|INE095A01012
INDUSTOWER,NSE_EQ|INE121J01017
INFOBEAN,NSE_EQ|INE344S01016
INFOMEDIA,NSE_EQ|INE669A01022
INFY,NSE_EQ|INE009A01021
INGERRAND,NSE_EQ|INE177A01018
INNOVACAP,NSE_EQ|INE0DUT01020
INNOVANA,NSE_EQ|INE403Y01018
INNOVISION,NSE_EQ|INE0ADB01012
INOXGREEN,NSE_EQ|INE510W01014
INOXINDIA,NSE_EQ|INE616N01034
INOXWIND,NSE_EQ|INE066P01011
INSECTICID,NSE_EQ|INE070I01018
INSPIRISYS,NSE_EQ|INE020G01017
INTELLECT,NSE_EQ|INE306R01017
INTENTECH,NSE_EQ|INE781A01025
INTERARCH,NSE_EQ|INE00M901018
INTLCONV,NSE_EQ|INE575C01027
INVENTURE,NSE_EQ|INE878H01024
INVPRECQ,NSE_EQ|INE155E01016
IOB,NSE_EQ|INE565A01014
IOC,NSE_EQ|INE242A01010
IOLCP,NSE_EQ|INE485C01029
IONEXCHANG,NSE_EQ|INE570A01022
IPCALAB,NSE_EQ|INE571A01038
IPL,NSE_EQ|INE0D6701023
IPRINGLTD,NSE_EQ|INE558A01019
IRB,NSE_EQ|INE821I01022
IRCON,NSE_EQ|INE962Y01021
IRCTC,NSE_EQ|INE335Y01020
IREDA,NSE_EQ|INE202E01016
IRFC,NSE_EQ|INE053F01010
IRIS,NSE_EQ|INE864K01010
IRISDOREME,NSE_EQ|INE01GN01025
IRMENERGY,NSE_EQ|INE07U701015
ISFT,NSE_EQ|INE566K01011
ISGEC,NSE_EQ|INE858B01029
ISHANCH,NSE_EQ|INE561M01018
ISTLTD,NSE_EQ|INE684B01029
ITC,NSE_EQ|INE154A01025
ITCHOTELS,NSE_EQ|INE379A01028
ITDC,NSE_EQ|INE353K01014
ITI,NSE_EQ|INE248A01017
ITL,NSE_EQ|INE478D01014
IVALUE,NSE_EQ|INE056801025
IVC,NSE_EQ|INE050B01023
IVP,NSE_EQ|INE043C01018
IWP,NSE_EQ|INE586E01020
IXIGO,NSE_EQ|INE0HV901016
IZMO,NSE_EQ|INE848A01014
J&KBANK,NSE_EQ|INE168A01041
JAGRAN,NSE_EQ|INE199G01027
JAGSNPHARM,NSE_EQ|INE048B01035
JAIBALAJI,NSE_EQ|INE091G01026
JAICORPLTD,NSE_EQ|INE070D01027
JAINREC,NSE_EQ|INE0YD401026
JAIPURKURT,NSE_EQ|INE696V01013
JAMNAAUTO,NSE_EQ|INE039C01032
JARO,NSE_EQ|INE00YJ01010
JASH,NSE_EQ|INE039O01029
JAYAGROGN,NSE_EQ|INE785A01026
JAYBARMARU,NSE_EQ|INE571B01036
JAYKAY,NSE_EQ|INE903A01025
JAYNECOIND,NSE_EQ|INE854B01010
JAYSREETEA,NSE_EQ|INE364A01020
JBMA,NSE_EQ|INE927D01051
JENBURPH,NSE_EQ|INE354A01013
JETFREIGHT,NSE_EQ|INE982V01025
JGCHEM,NSE_EQ|INE0MB501011
JHS,NSE_EQ|INE544H01014
JINDALPHOT,NSE_EQ|INE796G01012
JINDALPOLY,NSE_EQ|INE197D01010
JINDALSAW,NSE_EQ|INE324A01032
JINDALSTEL,NSE_EQ|INE749A01030
JINDRILL,NSE_EQ|INE742C01031
JINDWORLD,NSE_EQ|INE247D01039
JIOFIN,NSE_EQ|INE758E01017
JISLDVREQS,NSE_EQ|IN9175A01010
JISLJALEQS,NSE_EQ|INE175A01038
JITFINFRA,NSE_EQ|INE863T01013
JKCEMENT,NSE_EQ|INE823G01014
JKIL,NSE_EQ|INE576I01022
JKIPL,NSE_EQ|INE1FF001016
JKLAKSHMI,NSE_EQ|INE786A01032
JKPAPER,NSE_EQ|INE789E01012
JKTYRE,NSE_EQ|INE573A01042
JLHL,NSE_EQ|INE682M01020
JMA,NSE_EQ|INE412C01023
JMFINANCIL,NSE_EQ|INE780C01023
JNKINDIA,NSE_EQ|INE0OAF01028
JNPR,NSE_EQ|INE05C901015
JOCIL,NSE_EQ|INE839G01010
JPOLYINVST,NSE_EQ|INE147P01019
JPPOWER,NSE_EQ|INE351F01018
JSFB,NSE_EQ|INE953L01027
JSIPL,NSE_EQ|INE1DLO01028
JSL,NSE_EQ|INE220G01021
JSLL,NSE_EQ|INE0J5801029
JSWCEMENT,NSE_EQ|INE718I01012
JSWDULUX,NSE_EQ|INE133A01011
JSWENERGY,NSE_EQ|INE121E01018
JSWHL,NSE_EQ|INE824G01012
JSWINFRA,NSE_EQ|INE880J01026
JSWSTEEL,NSE_EQ|INE019A01038
JTEKTINDIA,NSE_EQ|INE643A01035
JTLIND,NSE_EQ|INE391J01032
JUBLCPL,NSE_EQ|INE03CC01015
JUBLFOOD,NSE_EQ|INE797F01020
JUBLINGREA,NSE_EQ|INE0BY001018
JUBLPHARMA,NSE_EQ|INE700A01033
JUNIPER,NSE_EQ|INE696F01016
JUSTDIAL,NSE_EQ|INE599M01018
JWL,NSE_EQ|INE209L01016
JYOTHYLAB,NSE_EQ|INE668F01031
JYOTICNC,NSE_EQ|INE980O01024
JYOTIRES,NSE_EQ|INE577D01013
JYOTISTRUC,NSE_EQ|INE197A01024
KABRAEXTRU,NSE_EQ|INE900B01029
KAJARIACER,NSE_EQ|INE217B01036
KAKATCEM,NSE_EQ|INE437B01014
KALAMANDIR,NSE_EQ|INE438K01021
KALPATARU,NSE_EQ|INE227J01012
KALYANI,NSE_EQ|INE610E01010
KALYANIFRG,NSE_EQ|INE314G01014
KALYANKJIL,NSE_EQ|INE303R01014
KAMAHOLD,NSE_EQ|INE411F01010
KAMANWALA,NSE_EQ|INE344D01018
KAMATHOTEL,NSE_EQ|INE967C01018
KAMDHENU,NSE_EQ|INE390H01020
KAMOPAINTS,NSE_EQ|INE0BTI01037
KANANIIND,NSE_EQ|INE879E01037
KANCHI,NSE_EQ|INE081G01019
KANCOTEA,NSE_EQ|INE398L01017
KANOHAR,NSE_EQ|INE877D01025
KANORICHEM,NSE_EQ|INE138C01024
KANPRPLA,NSE_EQ|INE694E01014
KANSAINER,NSE_EQ|INE531A01024
KAPSTON,NSE_EQ|INE542Z01028
KARAMTARA,NSE_EQ|INE590T01012
KARMAENG,NSE_EQ|INE725L01011
KARURVYSYA,NSE_EQ|INE036D01028
KAUSHALYA,NSE_EQ|INE234I01028
KAVDEFENCE,NSE_EQ|INE641C01019
KAYA,NSE_EQ|INE587G01015
KAYNES,NSE_EQ|INE918Z01012
KCP,NSE_EQ|INE805C01028
KCPSUGIND,NSE_EQ|INE790B01024
KDDL,NSE_EQ|INE291D01011
KDGREEN,NSE_EQ|INE348N01042
KEC,NSE_EQ|INE389H01022
KECL,NSE_EQ|INE134B01017
KEEPLEARN,NSE_EQ|INE055C01020
KEI,NSE_EQ|INE878B01027
KELLTONTEC,NSE_EQ|INE164B01030
KENNAMET,NSE_EQ|INE717A01029
KERNEX,NSE_EQ|INE202H01019
KESORAMIND,NSE_EQ|INE087A01019
KEYFINSERV,NSE_EQ|INE681C01015
KFINTECH,NSE_EQ|INE138Y01010
KHADIM,NSE_EQ|INE834I01025
KHAICHEM,NSE_EQ|INE745B01028
KHAITANLTD,NSE_EQ|INE731C01018
KHANDSE,NSE_EQ|INE060B01014
KICL,NSE_EQ|INE029L01018
KILITCH,NSE_EQ|INE729D01010
KIMS,NSE_EQ|INE967H01025
KINGFA,NSE_EQ|INE473D01015
KIOCL,NSE_EQ|INE880L01014
KIRANVYPAR,NSE_EQ|INE555P01013
KIRIINDUS,NSE_EQ|INE415I01015
KIRLFER,NSE_EQ|INE884B01025
KIRLOSBROS,NSE_EQ|INE732A01036
KIRLOSENG,NSE_EQ|INE146L01010
KIRLOSIND,NSE_EQ|INE250A01039
KIRLPNU,NSE_EQ|INE811A01038
KISSHT,NSE_EQ|INE12F801023
KITEX,NSE_EQ|INE602G01020
KJMCFIN,NSE_EQ|INE533C01018
KKCL,NSE_EQ|INE401H01017
KLBRENG-B,NSE_EQ|INE338F01015
KMCSHIL,NSE_EQ|INE879K01018
KMEW,NSE_EQ|INE0CJD01029
KMSUGAR,NSE_EQ|INE157H01023
KNACK,NSE_EQ|INE17QZ01016
KNAGRI,NSE_EQ|INE0KNW01016
KNRCON,NSE_EQ|INE634I01029
KOHINOOR,NSE_EQ|INE080B01012
KOKUYOCMLN,NSE_EQ|INE760A01029
KOLTEPATIL,NSE_EQ|INE094I01018
KOPRAN,NSE_EQ|INE082A01010
KOTAKBANK,NSE_EQ|INE237A01036
KOTARISUG,NSE_EQ|INE419A01022
KOTHARIPET,NSE_EQ|INE720A01015
KOTHARIPRO,NSE_EQ|INE823A01017
KOTIC,NSE_EQ|INE972A01020
KOTYARK,NSE_EQ|INE0J0B01017
KOVAI,NSE_EQ|INE177F01017
KPEL,NSE_EQ|INE127T01021
KPIGREEN,NSE_EQ|INE542W01025
KPIL,NSE_EQ|INE220B01022
KPITTECH,NSE_EQ|INE04I401011
KPL,NSE_EQ|INE552U01010
KPRMILL,NSE_EQ|INE930H01031
KRBL,NSE_EQ|INE001B01026
KREBSBIO,NSE_EQ|INE268B01013
KRIDHANINF,NSE_EQ|INE524L01026
KRISHANA,NSE_EQ|INE506W01020
KRISHIVAL,NSE_EQ|INE0GGO01015
KRISHNADEF,NSE_EQ|INE0J5601015
KRITI,NSE_EQ|INE479D01038
KRITIKA,NSE_EQ|INE00Z501029
KRITINUT,NSE_EQ|INE798K01010
KRN,NSE_EQ|INE0Q3J01015
KRONOX,NSE_EQ|INE0ATZ01017
KROSS,NSE_EQ|INE0O6601022
KRSNAA,NSE_EQ|INE08LI01020
KRYSTAL,NSE_EQ|INE0QN801017
KSB,NSE_EQ|INE999A01023
KSCL,NSE_EQ|INE455I01029
KSE,NSE_EQ|INE953E01022
KSHINTL,NSE_EQ|INE987S01020
KSHITIJPOL,NSE_EQ|INE013801027
KSL,NSE_EQ|INE907A01026
KSOLVES,NSE_EQ|INE0D6I01023
KSR,NSE_EQ|INE1SPP01016
KTKBANK,NSE_EQ|INE614B01018
KUANTUM,NSE_EQ|INE529I01021
KUSUMGAR,NSE_EQ|INE0ISX01025
KWIL,NSE_EQ|INE2KCE01013
LADDERUP,NSE_EQ|INE519D01015
LAGNAM,NSE_EQ|INE548Z01017
LAHOTIOV,NSE_EQ|INE515C01023
LAKSHMIMIL,NSE_EQ|INE938C01019
LAL,NSE_EQ|INE740X01023
LALITHAA,NSE_EQ|INE0K9O01026
LALPATHLAB,NSE_EQ|INE600L01024
LAMBODHARA,NSE_EQ|INE112F01022
LANCER,NSE_EQ|INE359U01028
LANCORHOL,NSE_EQ|INE572G01025
LANDMARK,NSE_EQ|INE559R01029
LANDSMILL,NSE_EQ|INE688J01023
LAOPALA,NSE_EQ|INE059D01020
LASERPOWER,NSE_EQ|INE17IR01028
LATENTVIEW,NSE_EQ|INE0I7C01011
LATTEYS,NSE_EQ|INE262Z01023
LAURUSLABS,NSE_EQ|INE947Q01028
LAXMICOT,NSE_EQ|INE801V01019
LAXMIDENTL,NSE_EQ|INE0WO601020
LAXMIINDIA,NSE_EQ|INE06WU01026
LCCINFOTEC,NSE_EQ|INE938A01021
LCCPROJECT,NSE_EQ|INE1FPN01026
LCL,NSE_EQ|INE0QJW01029
LEAPIND,NSE_EQ|INE00GO01025
LEENEE,NSE_EQ|INE791B01014
LEMERITE,NSE_EQ|INE0G1L01025
LEMONTREE,NSE_EQ|INE970X01018
LENSKART,NSE_EQ|INE956O01016
LEXUS,NSE_EQ|INE500X01013
LFIC,NSE_EQ|INE850E01012
LGBBROSLTD,NSE_EQ|INE337A01034
LGEINDIA,NSE_EQ|INE324D01010
LGHL,NSE_EQ|INE258Y01016
LIBAS,NSE_EQ|INE908V01012
LIBERTSHOE,NSE_EQ|INE557B01019
LICHSGFIN,NSE_EQ|INE115A01026
LICI,NSE_EQ|INE0J1Y01017
LIKHITHA,NSE_EQ|INE060901027
LINC,NSE_EQ|INE802B01027
LINCOLN,NSE_EQ|INE405C01035
LINDEINDIA,NSE_EQ|INE473A01011
LKPSEC,NSE_EQ|INE341H01023
LLOYDSENGG,NSE_EQ|INE093R01011
LLOYDSENT,NSE_EQ|INE080I01025
LLOYDSME,NSE_EQ|INE281B01032
LMW,NSE_EQ|INE269B01029
LODHA,NSE_EQ|INE670K01029
LOKESHMACH,NSE_EQ|INE397H01017
LORDSCHLO,NSE_EQ|INE846D01012
LOTUSCHO,NSE_EQ|INE026D01011
LOTUSDEV,NSE_EQ|INE0V9Q01010
LOTUSEYE,NSE_EQ|INE947I01017
LOVABLE,NSE_EQ|INE597L01014
LOYALTEX,NSE_EQ|INE970D01010
LPDC,NSE_EQ|INE197J01017
LT,NSE_EQ|INE018A01030
LTF,NSE_EQ|INE498L01015
LTFOODS,NSE_EQ|INE818H01020
LTM,NSE_EQ|INE214T01019
LTTS,NSE_EQ|INE010V01017
LUMAXIND,NSE_EQ|INE162B01018
LUMAXTECH,NSE_EQ|INE872H01027
LUMINO,NSE_EQ|INE185Q01025
LUPIN,NSE_EQ|INE326A01037
LUXIND,NSE_EQ|INE150G01020
LXCHEM,NSE_EQ|INE576O01020
LYKALABS,NSE_EQ|INE933A01014
M&M,NSE_EQ|INE101A01026
M&MFIN,NSE_EQ|INE774D01024
MAANALU,NSE_EQ|INE215I01027
MACPOWER,NSE_EQ|INE155Z01011
MADHAV,NSE_EQ|INE925C01016
MADHAVIPL,NSE_EQ|INE631R01026
MADHUCON,NSE_EQ|INE378D01032
MADRASFERT,NSE_EQ|INE414A01015
MAFATIND,NSE_EQ|INE270B01035
MAGADSUGAR,NSE_EQ|INE347W01011
MAGNUM,NSE_EQ|INE387I01016
MAHABANK,NSE_EQ|INE457A01014
MAHAPEXLTD,NSE_EQ|INE843B01013
MAHASTEEL,NSE_EQ|INE451L01014
MAHEPC,NSE_EQ|INE215D01010
MAHESHWARI,NSE_EQ|INE263W01010
MAHLIFE,NSE_EQ|INE813A01018
MAHLOG,NSE_EQ|INE766P01016
MAHSCOOTER,NSE_EQ|INE288A01013
MAHSEAMLES,NSE_EQ|INE271B01025
MAITHANALL,NSE_EQ|INE683C01011
MAJESAUT,NSE_EQ|INE201B01022
MAKERSL,NSE_EQ|INE987A01010
MALLCOM,NSE_EQ|INE389C01015
MALUPAPER,NSE_EQ|INE383H01017
MAMATA,NSE_EQ|INE0TO701015
MANAKALUCO,NSE_EQ|INE859Q01017
MANAKCOAT,NSE_EQ|INE830Q01018
MANAKSIA,NSE_EQ|INE015D01022
MANAKSTEEL,NSE_EQ|INE824Q01011
MANALIPETC,NSE_EQ|INE201A01024
MANAPPURAM,NSE_EQ|INE522D01027
MANBA,NSE_EQ|INE939X01013
MANCREDIT,NSE_EQ|INE545L01039
MANGALAM,NSE_EQ|INE584F01014
MANGLMCEM,NSE_EQ|INE347A01017
MANIKA,NSE_EQ|INE0KWF01020
MANINDS,NSE_EQ|INE993A01026
MANINFRA,NSE_EQ|INE949H01023
MANIPALHOS,NSE_EQ|INE459N01021
MANKIND,NSE_EQ|INE634S01028
MANOMAY,NSE_EQ|INE784W01015
MANORAMA,NSE_EQ|INE00VM01036
MANORG,NSE_EQ|INE370D01013
MANUGRAPH,NSE_EQ|INE867A01022
MANYAVAR,NSE_EQ|INE825V01034
MAPMYINDIA,NSE_EQ|INE0BV301023
MARALOVER,NSE_EQ|INE882A01013
MARATHON,NSE_EQ|INE182D01020
MARICO,NSE_EQ|INE196A01026
MARINE,NSE_EQ|INE01JE01028
MARKOLINES,NSE_EQ|INE0FW001016
MARKSANS,NSE_EQ|INE750C01026
MARSONS,NSE_EQ|INE415B01044
MARUTI,NSE_EQ|INE585B01010
MASFIN,NSE_EQ|INE348L01012
MASKINVEST,NSE_EQ|INE885F01015
MASTEK,NSE_EQ|INE759A01021
MASTERTR,NSE_EQ|INE677D01037
MATRIMONY,NSE_EQ|INE866R01028
MAWANASUG,NSE_EQ|INE636A01039
MAXESTATES,NSE_EQ|INE03EI01018
MAXHEALTH,NSE_EQ|INE027H01010
MAXIND,NSE_EQ|INE0CG601016
MAYURUNIQ,NSE_EQ|INE040D01038
MAZDA,NSE_EQ|INE885E01042
MAZDOCK,NSE_EQ|INE249Z01020
MBAPL,NSE_EQ|INE900L01028
MBECL,NSE_EQ|INE748A01024
MBEL,NSE_EQ|INE08N601015
MBLINFRA,NSE_EQ|INE912H01013
MCCHRLS-B,NSE_EQ|INE435D01014
MCL,NSE_EQ|INE813V01022
MCLEODRUSS,NSE_EQ|INE942G01012
MCLOUD,NSE_EQ|INE613C01026
MCX,NSE_EQ|INE745G01043
MEDANTA,NSE_EQ|INE474Q01031
MEDIASSIST,NSE_EQ|INE456Z01021
MEDICAMEQ,NSE_EQ|INE646B01010
MEDICAPQ,NSE_EQ|INE442D01010
MEDICO,NSE_EQ|INE630Y01024
MEDPLUS,NSE_EQ|INE804L01022
MEESHO,NSE_EQ|INE0VDM01015
MEGASTAR,NSE_EQ|INE00EM01016
MEIL,NSE_EQ|INE0PKD01011
MENNPIS,NSE_EQ|INE650G01029
MENONBE,NSE_EQ|INE071D01033
MERCANTILE,NSE_EQ|INE689O01013
MERCURYEV,NSE_EQ|INE763M01028
METROBRAND,NSE_EQ|INE317I01021
METROGLOBL,NSE_EQ|INE085D01033
METROPOLIS,NSE_EQ|INE112L01020
MFML,NSE_EQ|INE0US801024
MFSL,NSE_EQ|INE180A01020
MGEL,NSE_EQ|INE0APB01032
MGL,NSE_EQ|INE002S01010
MHLXMIRU,NSE_EQ|INE112D01035
MHRIL,NSE_EQ|INE998I01010
MICEL,NSE_EQ|INE287C01037
MIDHANI,NSE_EQ|INE099Z01011
MIDWESTLTD,NSE_EQ|INE0XAD01024
MIIL,NSE_EQ|INE898Q01015
MILKYMIST,NSE_EQ|INE00IT01020
MINALIND,NSE_EQ|INE097E01028
MINDACORP,NSE_EQ|INE842C01021
MINDTECK,NSE_EQ|INE110B01017
MIRZAINT,NSE_EQ|INE771A01026
MITCON,NSE_EQ|INE828O01033
MITTAL,NSE_EQ|INE997Y01027
MKEXIM,NSE_EQ|INE227F01010
MKPL,NSE_EQ|INE964W01021
MLKFOOD,NSE_EQ|INE588G01021
MMFL,NSE_EQ|INE227C01017
MMP,NSE_EQ|INE511Y01018
MMTC,NSE_EQ|INE123F01029
MMWL,NSE_EQ|INE200D01020
MOBIKWIK,NSE_EQ|INE0HLU01028
MODINATUR,NSE_EQ|INE537F01012
MODIRUBBER,NSE_EQ|INE832A01018
MODIS,NSE_EQ|INE0L0L01012
MODISONLTD,NSE_EQ|INE737D01021
MODTHREAD,NSE_EQ|INE794W01014
MOHITE,NSE_EQ|INE154B01023
MOHITIND,NSE_EQ|INE954E01012
MOIL,NSE_EQ|INE490G01020
MOKSH,NSE_EQ|INE514Y01020
MOL,NSE_EQ|INE0CT101020
MOLBIO,NSE_EQ|INE869T01028
MOLDTECH,NSE_EQ|INE835B01035
MOLDTKPAC,NSE_EQ|INE893J01029
MOMSBELIEF,NSE_EQ|INE1FCO01014
MONARCH,NSE_EQ|INE903D01011
MONEYBOXX,NSE_EQ|INE296Q01012
MONEYVIEW,NSE_EQ|INE0PTN01011
MONTECARLO,NSE_EQ|INE950M01013
MOREPENLAB,NSE_EQ|INE083A01026
MOSCHIP,NSE_EQ|INE935B01025
MOTHERSON,NSE_EQ|INE775A01035
MOTILALOFS,NSE_EQ|INE338I01027
MOTISONS,NSE_EQ|INE0FRK01020
MOTOGENFIN,NSE_EQ|INE861B01023
MPDL,NSE_EQ|INE493H01014
MPHASIS,NSE_EQ|INE356A01018
MPIMANIPAL,NSE_EQ|INE241U01028
MPSLTD,NSE_EQ|INE943D01017
MRF,NSE_EQ|INE883A01011
MRPL,NSE_EQ|INE103A01014
MSL,NSE_EQ|INE829S01016
MSPL,NSE_EQ|INE752G01015
MSTCLTD,NSE_EQ|INE255X01014
MSUMI,NSE_EQ|INE0FS801015
MTARTECH,NSE_EQ|INE864I01014
MTEDUCARE,NSE_EQ|INE472M01018
MTNL,NSE_EQ|INE153A01019
MUFIN,NSE_EQ|INE08KJ01020
MUFTI,NSE_EQ|INE220Q01020
MUKANDLTD,NSE_EQ|INE304A01026
MUKESHB,NSE_EQ|INE596B01017
MUKKA,NSE_EQ|INE0CG401037
MUKTAARTS,NSE_EQ|INE374B01019
MUNJALAU,NSE_EQ|INE672B01032
MUNJALSHOW,NSE_EQ|INE577A01027
MURUDCERA,NSE_EQ|INE692B01014
MUTHOOTCAP,NSE_EQ|INE296G01013
MUTHOOTFIN,NSE_EQ|INE414G01012
MUTHOOTMF,NSE_EQ|INE046W01019
MVELECTRO,NSE_EQ|INE0OWZ01020
MVGJL,NSE_EQ|INE0KNT01012
MWL,NSE_EQ|INE0JYY01029
MYSORPETRO,NSE_EQ|INE741A01011
NACLIND,NSE_EQ|INE295D01020
NAGREEKCAP,NSE_EQ|INE245I01016
NAGREEKEXP,NSE_EQ|INE123B01028
NAHARCAP,NSE_EQ|INE049I01012
NAHARINDUS,NSE_EQ|INE289A01011
NAHARPOLY,NSE_EQ|INE308A01027
NAHARSPING,NSE_EQ|INE290A01027
NAM-INDIA,NSE_EQ|INE298J01013
NARMADA,NSE_EQ|INE117Z01029
NATCAPSUQ,NSE_EQ|INE936B01015
NATCOPHARM,NSE_EQ|INE987B01026
NATHBIOGEN,NSE_EQ|INE448G01010
NATIONALUM,NSE_EQ|INE139A01034
NATIONSTD,NSE_EQ|INE166R01015
NAUKRI,NSE_EQ|INE663F01032
NAVA,NSE_EQ|INE725A01030
NAVINFLUOR,NSE_EQ|INE048G01026
NAVKARCORP,NSE_EQ|INE278M01019
NAVKARURB,NSE_EQ|INE268H01044
NAVNETEDUL,NSE_EQ|INE060A01024
NAZARA,NSE_EQ|INE418L01047
NBCC,NSE_EQ|INE095N01031
NBIFIN,NSE_EQ|INE365I01020
NCC,NSE_EQ|INE868B01028
NCLIND,NSE_EQ|INE732C01016
NDGL,NSE_EQ|INE756C01015
NDL,NSE_EQ|INE875G01048
NDLVENTURE,NSE_EQ|INE353A01023
NDRAUTO,NSE_EQ|INE07OG01012
NDTV,NSE_EQ|INE155G01029
NEAGI,NSE_EQ|INE605D01012
NECCLTD,NSE_EQ|INE553C01016
NECLIFE,NSE_EQ|INE023H01027
NELCAST,NSE_EQ|INE189I01024
NELCO,NSE_EQ|INE045B01015
NEOGEN,NSE_EQ|INE136S01016
NEPHROPLUS,NSE_EQ|INE428V01029
NESCO,NSE_EQ|INE317F01035
NESTLEIND,NSE_EQ|INE239A01024
NETWEB,NSE_EQ|INE0NT901020
NETWORK18,NSE_EQ|INE870H01013
NEUEON,NSE_EQ|INE333I01044
NEULANDLAB,NSE_EQ|INE794A01010
NEWGEN,NSE_EQ|INE619B01017
NEXTMEDIA,NSE_EQ|INE747B01016
NFL,NSE_EQ|INE870D01012
NGIL,NSE_EQ|INE236Y01012
NGLFINE,NSE_EQ|INE887E01022
NH,NSE_EQ|INE410P01011
NHPC,NSE_EQ|INE848E01016
NIACL,NSE_EQ|INE470Y01017
NIBE,NSE_EQ|INE149O01018
NIBL,NSE_EQ|INE047O01014
NICCOPAR,NSE_EQ|INE653C01022
NIITLTD,NSE_EQ|INE161A01038
NIITMTS,NSE_EQ|INE342G01023
NILAINFRA,NSE_EQ|INE937C01029
NILASPACES,NSE_EQ|INE00S901012
NILE,NSE_EQ|INE445D01013
NILKAMAL,NSE_EQ|INE310A01015
NIMBSPROJ,NSE_EQ|INE875B01015
NINSYS,NSE_EQ|INE395U01014
NIPPOBATRY,NSE_EQ|INE567A01028
NIRAJ,NSE_EQ|INE368I01016
NIRAJISPAT,NSE_EQ|INE326T01011
NIRLON,NSE_EQ|INE910A01012
NITCO,NSE_EQ|INE858F01012
NITINSPIN,NSE_EQ|INE229H01012
NITIRAJ,NSE_EQ|INE439T01012
NITTAGELA,NSE_EQ|INE265B01019
NIVABUPA,NSE_EQ|INE995S01015
NKIND,NSE_EQ|INE542C01019
NLCINDIA,NSE_EQ|INE589A01014
NMDC,NSE_EQ|INE584A01023
NOCIL,NSE_EQ|INE163A01018
NOIDATOLL,NSE_EQ|INE781B01015
NORBTEAEXP,NSE_EQ|INE369C01017
NORTHARC,NSE_EQ|INE850M01015
NOVAAGRI,NSE_EQ|INE02H701025
NOVARTIND,NSE_EQ|INE234A01025
NPST,NSE_EQ|INE0FFK01017
NRAIL,NSE_EQ|INE740D01017
NRBBEARING,NSE_EQ|INE349A01021
NRL,NSE_EQ|INE0JM501013
NSIL,NSE_EQ|INE023A01030
NSLNISP,NSE_EQ|INE0NNS01018
NTCIND,NSE_EQ|INE920C01017
NTPC,NSE_EQ|INE733E01010
NTPCGREEN,NSE_EQ|INE0ONG01011
NUCLEUS,NSE_EQ|INE096B01018
NURECA,NSE_EQ|INE0DSF01015
NUVAMA,NSE_EQ|INE531F01023
NUVOCO,NSE_EQ|INE118D01016
NYKAA,NSE_EQ|INE388Y01029
OAL,NSE_EQ|INE959C01023
OBCL,NSE_EQ|INE426Z01016
OBEROIRLTY,NSE_EQ|INE093I01010
OCCLLTD,NSE_EQ|INE0PK601023
ODIGMA,NSE_EQ|INE054301028
ODYCORP,NSE_EQ|INE839E01023
OFSS,NSE_EQ|INE881D01027
OIL,NSE_EQ|INE274J01014
OILCOUNTUB,NSE_EQ|INE591A01010
OLAELEC,NSE_EQ|INE0LXG01040
OLECTRA,NSE_EQ|INE260D01016
OMAXAUTO,NSE_EQ|INE090B01011
OMAXE,NSE_EQ|INE800H01010
OMFREIGHT,NSE_EQ|INE1BZC01019
OMINFRAL,NSE_EQ|INE239D01028
OMNI,NSE_EQ|INE0UH301010
OMPOWER,NSE_EQ|INE25E901019
ONEGLOBAL,NSE_EQ|INE670O01013
ONELIFECAP,NSE_EQ|INE912L01015
ONEPOINT,NSE_EQ|INE840Y01029
ONESOURCE,NSE_EQ|INE013P01021
ONGC,NSE_EQ|INE213A01029
ONIDA,NSE_EQ|INE831A01028
ONIXSOLAR,NSE_EQ|INE173M01012
ONMOBILE,NSE_EQ|INE809I01019
ONWARDTEC,NSE_EQ|INE229A01017
OPTIEMUS,NSE_EQ|INE350C01017
OPTIFIN,NSE_EQ|INE031G01022
ORBTEXP,NSE_EQ|INE231G01010
ORCHASP,NSE_EQ|INE215B01022
ORCHPHARMA,NSE_EQ|INE191A01027
ORICONENT,NSE_EQ|INE730A01022
ORIENTALTL,NSE_EQ|INE998H01012
ORIENTBELL,NSE_EQ|INE607D01018
ORIENTCABL,NSE_EQ|INE0J1N01028
ORIENTCEM,NSE_EQ|INE876N01018
ORIENTCER,NSE_EQ|INE569C01020
ORIENTELEC,NSE_EQ|INE142Z01019
ORIENTHOT,NSE_EQ|INE750A01020
ORIENTLTD,NSE_EQ|INE609C01024
ORIENTPPR,NSE_EQ|INE592A01026
ORIENTTECH,NSE_EQ|INE0PPK01015
ORIRAIL,NSE_EQ|INE457G01029
ORISSAMINE,NSE_EQ|INE725E01024
ORKLAINDIA,NSE_EQ|INE16NZ01023
ORTINGLOBE,NSE_EQ|INE749B01020
OSWALAGRO,NSE_EQ|INE142A01012
OSWALGREEN,NSE_EQ|INE143A01010
OSWALPUMPS,NSE_EQ|INE0BYP01024
OSWALSEEDS,NSE_EQ|INE00IK01029
PACEDIGITK,NSE_EQ|INE0S3G01027
PACIFICI,NSE_EQ|INE883C01025
PAGEIND,NSE_EQ|INE761H01022
PAISALO,NSE_EQ|INE420C01059
PAKKA,NSE_EQ|INE551D01018
PALASHSECU,NSE_EQ|INE471W01019
PALREDTEC,NSE_EQ|INE218G01033
PANACEABIO,NSE_EQ|INE922B01023
PANACHE,NSE_EQ|INE895W01019
PANAMAPET,NSE_EQ|INE305C01029
PANCHMAHQ,NSE_EQ|INE798F01010
PANORAMA,NSE_EQ|INE258R01028
PANSARI,NSE_EQ|INE697V01011
PAR,NSE_EQ|INE04LG01015
PARACABLES,NSE_EQ|INE074B01023
PARADEEP,NSE_EQ|INE088F01024
PARAGMILK,NSE_EQ|INE883N01014
PARAS,NSE_EQ|INE045601023
PARASPETRO,NSE_EQ|INE162C01024
PARIN,NSE_EQ|INE00U801010
PARKHOSPS,NSE_EQ|INE119201023
PARKHOTELS,NSE_EQ|INE988S01028
PARNAXLAB,NSE_EQ|INE383L01019
PARSVNATH,NSE_EQ|INE561H01026
PASHUPATI,NSE_EQ|INE124Y01028
PASUPTAC,NSE_EQ|INE818B01023
PATANJALI,NSE_EQ|INE619A01035
PATELENG,NSE_EQ|INE244B01030
PATELRMART,NSE_EQ|INE0R8B01010
PATINTLOG,NSE_EQ|INE529D01014
PAUSHAKLTD,NSE_EQ|INE111F01024
PAVNAIND,NSE_EQ|INE07S101038
PAYTM,NSE_EQ|INE982J01020
PBMPOLY,NSE_EQ|INE501F01018
PCBL,NSE_EQ|INE602A01031
PCJEWELLER,NSE_EQ|INE785M01021
PDMJEPAPER,NSE_EQ|INE865T01018
PDSL,NSE_EQ|INE111Q01021
PEARLPOLY,NSE_EQ|INE844A01013
PENIND,NSE_EQ|INE932A01024
PENINLAND,NSE_EQ|INE138A01028
PERMAGN,NSE_EQ|INE418E01018
PERNIASPOP,NSE_EQ|INE0I1B01016
PERSISTENT,NSE_EQ|INE262H01021
PETRONET,NSE_EQ|INE347G01014
PFC,NSE_EQ|INE134E01011
PFIZER,NSE_EQ|INE182A01018
PFOCUS,NSE_EQ|INE367G01038
PFS,NSE_EQ|INE560K01014
PGEL,NSE_EQ|INE457L01029
PGHH,NSE_EQ|INE179A01014
PGHL,NSE_EQ|INE199A01012
PGIL,NSE_EQ|INE940H01022
PHOENIXLTD,NSE_EQ|INE211B01039
PHOENXINTL,NSE_EQ|INE245B01011
PICCADIL,NSE_EQ|INE546C01010
PIDILITIND,NSE_EQ|INE318A01026
PIGL,NSE_EQ|INE557Z01018
PIIND,NSE_EQ|INE603J01030
PILANIINVS,NSE_EQ|INE417C01014
PILITA,NSE_EQ|INE600A01035
PINELABS,NSE_EQ|INE15B701018
PIONEEREMB,NSE_EQ|INE156C01018
PIONRINV,NSE_EQ|INE746D01014
PIRAMALFIN,NSE_EQ|INE202B01038
PITTIENG,NSE_EQ|INE450D01021
PIXTRANS,NSE_EQ|INE751B01018
PKTEA,NSE_EQ|INE431F01018
PLASTIBLEN,NSE_EQ|INE083C01022
PLATIND,NSE_EQ|INE0PT501018
PLAZACABLE,NSE_EQ|INE0INJ01017
PML,NSE_EQ|INE291E01019
PNB,NSE_EQ|INE160A01022
PNBGILTS,NSE_EQ|INE859A01011
PNBHOUSING,NSE_EQ|INE572E01012
PNC,NSE_EQ|INE392B01011
PNCINFRA,NSE_EQ|INE195J01029
PNGJL,NSE_EQ|INE953R01016
PNGSREVA,NSE_EQ|INE1RDG01013
POCL,NSE_EQ|INE063E01061
PODDARMENT,NSE_EQ|INE371C01013
POEL,NSE_EQ|INE035S01028
POKARNA,NSE_EQ|INE637C01025
POLICYBZR,NSE_EQ|INE417T01026
POLYCAB,NSE_EQ|INE455K01017
POLYMED,NSE_EQ|INE205C01021
POLYPLEX,NSE_EQ|INE633B01018
POLYSPIN,NSE_EQ|INE914G01029
PONNIERODE,NSE_EQ|INE838E01017
POONAWALLA,NSE_EQ|INE511C01022
POWERGRID,NSE_EQ|INE752E01010
POWERICA,NSE_EQ|INE921L01032
POWERINDIA,NSE_EQ|INE07Y701011
POWERMECH,NSE_EQ|INE211R01019
PPAP,NSE_EQ|INE095I01015
PPL,NSE_EQ|INE050001010
PPLPHARMA,NSE_EQ|INE0DK501011
PRABHA,NSE_EQ|INE0I0M01023
PRADPME,NSE_EQ|INE770A01010
PRAENG,NSE_EQ|INE505C01016
PRAJIND,NSE_EQ|INE074A01025
PRAKASH,NSE_EQ|INE603A01013
PRAKASHSTL,NSE_EQ|INE696K01024
PRANAV,NSE_EQ|INE0H4201019
PRASOLCHEM,NSE_EQ|INE455U01024
PRAVEG,NSE_EQ|INE722B01019
PRAXIS,NSE_EQ|INE546Y01022
PRECAM,NSE_EQ|INE484I01029
PRECOT,NSE_EQ|INE283A01014
PRECWIRE,NSE_EQ|INE372C01037
PREMCO,NSE_EQ|INE001E01012
PREMEXPLN,NSE_EQ|INE863B01029
PREMIER,NSE_EQ|INE342A01018
PREMIERENE,NSE_EQ|INE0BS701011
PREMIERPOL,NSE_EQ|INE309M01020
PRESTIGE,NSE_EQ|INE811K01011
PRICOLLTD,NSE_EQ|INE726V01018
PRIMESECU,NSE_EQ|INE032B01021
PRIMO,NSE_EQ|INE607A01022
PRINCEPIPE,NSE_EQ|INE689W01016
PRIORITY,NSE_EQ|INE15EH01014
PRISMX,NSE_EQ|INE286N01028
PRITI,NSE_EQ|INE974Z01015
PRITIKAUTO,NSE_EQ|INE583R01029
PRIVISCL,NSE_EQ|INE959A01019
PROSTARM,NSE_EQ|INE0BX301013
PROTEAN,NSE_EQ|INE004A01022
PROZONER,NSE_EQ|INE195N01013
PRSMJOHNSN,NSE_EQ|INE010A01011
PRUDENT,NSE_EQ|INE00F201020
PRUDMOULI,NSE_EQ|INE024D01016
PSB,NSE_EQ|INE608A01012
PSPPROJECT,NSE_EQ|INE488V01015
PTC,NSE_EQ|INE877F01012
PTCIL,NSE_EQ|INE596F01018
PTL,NSE_EQ|INE034D01049
PUNJABCHEM,NSE_EQ|INE277B01014
PURVA,NSE_EQ|INE323I01011
PVP,NSE_EQ|INE362A01016
PVRINOX,NSE_EQ|INE191H01014
PVSL,NSE_EQ|INE772T01024
PWL,NSE_EQ|INE0LP301011
PYRAMID,NSE_EQ|INE0MIS01010
QMSMEDI,NSE_EQ|INE0FMW01018
QPOWER,NSE_EQ|INE0SII01026
QUADFUTURE,NSE_EQ|INE0LRY01011
QUESS,NSE_EQ|INE615P01015
QUICKHEAL,NSE_EQ|INE306L01010
QUINT,NSE_EQ|INE641R01017
QUINTEGRA,NSE_EQ|INE033B01011
RACE,NSE_EQ|INE084Q01012
RACLGEAR,NSE_EQ|INE704B01017
RADAAN,NSE_EQ|INE874F01027
RADHIKAJWE,NSE_EQ|INE583V01021
RADIANTCMS,NSE_EQ|INE855R01021
RADICO,NSE_EQ|INE944F01028
RADIOCITY,NSE_EQ|INE919I01024
RAILTEL,NSE_EQ|INE0DD101019
RAIN,NSE_EQ|INE855B01025
RAINBOW,NSE_EQ|INE961O01016
RAJMET,NSE_EQ|INE00KV01022
RAJOOENG,NSE_EQ|INE535F01024
RAJPALAYAM,NSE_EQ|INE296E01026
RAJRATAN,NSE_EQ|INE451D01029
RAJRILTD,NSE_EQ|INE533D01032
RAJSREESUG,NSE_EQ|INE562B01019
RAJTV,NSE_EQ|INE952H01027
RALLIS,NSE_EQ|INE613A01020
RAMANEWS,NSE_EQ|INE278B01020
RAMAPHO,NSE_EQ|INE809A01032
RAMASTEEL,NSE_EQ|INE230R01035
RAMBHAJO,NSE_EQ|INE1SJO01012
RAMCOCEM,NSE_EQ|INE331A01037
RAMCOIND,NSE_EQ|INE614A01028
RAMCOSYS,NSE_EQ|INE246B01019
RAMKY,NSE_EQ|INE874I01013
RAMRAT,NSE_EQ|INE207E01023
RANASUG,NSE_EQ|INE625B01014
RANEHOLDIN,NSE_EQ|INE384A01010
RATEGAIN,NSE_EQ|INE0CLI01024
RATNAMANI,NSE_EQ|INE703B01027
RATNAVEER,NSE_EQ|INE05CZ01011
RAYMOND,NSE_EQ|INE301A01014
RAYMONDLSL,NSE_EQ|INE02ID01020
RAYMONDREL,NSE_EQ|INE1SY401010
RBA,NSE_EQ|INE07T201019
RBLBANK,NSE_EQ|INE976G01028
RBZJEWEL,NSE_EQ|INE0PEQ01016
RCF,NSE_EQ|INE027A01015
RCOM,NSE_EQ|INE330H01018
RECLTD,NSE_EQ|INE020B01018
REDINGTON,NSE_EQ|INE891D01026
REDTAPE,NSE_EQ|INE0LXT01019
REFEX,NSE_EQ|INE056I01025
REGAAL,NSE_EQ|INE0MHO01029
REGENCERAM,NSE_EQ|INE277C01012
RELAXO,NSE_EQ|INE131B01039
RELCHEMQ,NSE_EQ|INE750D01016
RELIABLE,NSE_EQ|INE375Y01018
RELIANCE,NSE_EQ|INE002A01018
RELIGARE,NSE_EQ|INE621H01010
RELINFRA,NSE_EQ|INE036A01016
RELTD,NSE_EQ|INE206N01018
REMSONSIND,NSE_EQ|INE474C01023
RENTOMOJO,NSE_EQ|INE08T701025
RENUKA,NSE_EQ|INE087H01022
REPCOHOME,NSE_EQ|INE612J01015
REPL,NSE_EQ|INE364Z01019
REPRO,NSE_EQ|INE461B01014
RESPONIND,NSE_EQ|INE688D01026
RETAIL,NSE_EQ|INE03DD01011
RGL,NSE_EQ|INE722H01024
RHETAN,NSE_EQ|INE0KKN01029
RHIM,NSE_EQ|INE743M01012
RHL,NSE_EQ|INE508K01013
RICOAUTO,NSE_EQ|INE209B01025
RIIL,NSE_EQ|INE046A01015
RIR,NSE_EQ|INE302D01024
RISHABH,NSE_EQ|INE0N2P01017
RITCO,NSE_EQ|INE01EG01016
RITES,NSE_EQ|INE320J01015
RKDL,NSE_EQ|INE722J01012
RKEC,NSE_EQ|INE786W01010
RKFORGE,NSE_EQ|INE399G01023
RKSWAMY,NSE_EQ|INE0NQ801033
RMC,NSE_EQ|INE655V01019
RMDRIP,NSE_EQ|INE219Y01026
RML,NSE_EQ|INE050H01012
RNBDENIMS,NSE_EQ|INE012Q01039
ROHLTD,NSE_EQ|INE283H01019
ROLEXRINGS,NSE_EQ|INE645S01024
ROLLT,NSE_EQ|INE927A01040
ROML,NSE_EQ|INE294G01026
ROSSARI,NSE_EQ|INE02A801020
ROSSELLIND,NSE_EQ|INE847C01020
ROSSTECH,NSE_EQ|INE0OJW01016
ROTO,NSE_EQ|INE535D01037
ROUTE,NSE_EQ|INE450U01017
RPEL,NSE_EQ|INE912T01018
RPGLIFE,NSE_EQ|INE105J01010
RPOWER,NSE_EQ|INE614G01033
RPPINFRA,NSE_EQ|INE324L01013
RPPL,NSE_EQ|INE760W01023
RPSGVENT,NSE_EQ|INE425Y01011
RPTECH,NSE_EQ|INE0J1F01024
RRECL,NSE_EQ|INE0AK901016
RRIL,NSE_EQ|INE951M01037
RRKABEL,NSE_EQ|INE777K01022
RSDFIN,NSE_EQ|INE616F01022
RSL,NSE_EQ|INE313L01016
RSSOFTWARE,NSE_EQ|INE165B01029
RSWM,NSE_EQ|INE611A01016
RSYSTEMS,NSE_EQ|INE411H01032
RTNINDIA,NSE_EQ|INE834M01019
RTNPOWER,NSE_EQ|INE399K01017
RTSPOWR,NSE_EQ|INE005C01017
RUBFILA,NSE_EQ|INE642C01025
RUBICON,NSE_EQ|INE506V01022
RUBYMILLS,NSE_EQ|INE301D01026
RUCHINFRA,NSE_EQ|INE413B01023
RUCHIRA,NSE_EQ|INE803H01014
RUDRA,NSE_EQ|INE027T01023
RUNWALENTR,NSE_EQ|INE804W01029
RUPA,NSE_EQ|INE895B01021
RUSHIL,NSE_EQ|INE573K01025
RUSTOMJEE,NSE_EQ|INE263M01029
RVHL,NSE_EQ|INE09E501017
RVNL,NSE_EQ|INE415G01027
RVTH,NSE_EQ|INE0DAB01012
S&SPOWER,NSE_EQ|INE902B01017
SAATVIKGL,NSE_EQ|INE13B501022
SAB,NSE_EQ|INE137M01017
SADBHAV,NSE_EQ|INE226H01026
SADBHIN,NSE_EQ|INE764L01010
SADHNANIQ,NSE_EQ|INE888C01040
SAFARI,NSE_EQ|INE429E01023
SAGARDEEP,NSE_EQ|INE976T01013
SAGCEM,NSE_EQ|INE229C01021
SAGILITY,NSE_EQ|INE0W2G01015
SAHLIBHFI,NSE_EQ|INE861D01011
SAHYADRI,NSE_EQ|INE280H01015
SAICAPI,NSE_EQ|INE531X01018
SAIL,NSE_EQ|INE114A01011
SAILIFE,NSE_EQ|INE570L01029
SAIPARENT,NSE_EQ|INE0H9F01037
SAKAR,NSE_EQ|INE732S01012
SAKHTISUG,NSE_EQ|INE623A01011
SAKSOFT,NSE_EQ|INE667G01023
SAKUMA,NSE_EQ|INE190H01024
SALASAR,NSE_EQ|INE170V01027
SALONA,NSE_EQ|INE498E01010
SALSTEEL,NSE_EQ|INE658G01014
SALZERELEC,NSE_EQ|INE457F01013
SAMBANDAM,NSE_EQ|INE304D01012
SAMBHAAV,NSE_EQ|INE699B01027
SAMBHV,NSE_EQ|INE12NJ01018
SAMHI,NSE_EQ|INE08U801020
SAMMAANCAP,NSE_EQ|INE148I01020
SAMPANN,NSE_EQ|INE735M01018
SANATHAN,NSE_EQ|INE0JPD01013
SANDESH,NSE_EQ|INE583B01015
SANDHAR,NSE_EQ|INE278H01035
SANDUMA,NSE_EQ|INE149K01016
SANGAMIND,NSE_EQ|INE495C01010
SANGHVIMOV,NSE_EQ|INE989A01032
SANOFI,NSE_EQ|INE058A01010
SANOFICONR,NSE_EQ|INE0UOS01011
SANSERA,NSE_EQ|INE953O01021
SANSTAR,NSE_EQ|INE08NE01025
SAPPHIRE,NSE_EQ|INE806T01020
SAPPL,NSE_EQ|INE185C01017
SARDAEN,NSE_EQ|INE385C01021
SAREGAMA,NSE_EQ|INE979A01025
SARLAPOLY,NSE_EQ|INE453D01025
SARVESHWAR,NSE_EQ|INE324X01026
SASKEN,NSE_EQ|INE231F01020
SATIA,NSE_EQ|INE170E01023
SATIN,NSE_EQ|INE836B01017
SAURASHCEM,NSE_EQ|INE626A01014
SAYAJIHOTL,NSE_EQ|INE318C01014
SAYAJIIND,NSE_EQ|INE327G01032
SBC,NSE_EQ|INE04AK01028
SBCL,NSE_EQ|INE386D01027
SBFC,NSE_EQ|INE423Y01016
SBGLP,NSE_EQ|INE05ST01028
SBICARD,NSE_EQ|INE018E01016
SBIFUNDS,NSE_EQ|INE640G01020
SBILIFE,NSE_EQ|INE123W01016
SBIN,NSE_EQ|INE062A01020
SCANSTL,NSE_EQ|INE099G01011
SCHAEFFLER,NSE_EQ|INE513A01022
SCHAND,NSE_EQ|INE807K01035
SCHNEIDER,NSE_EQ|INE839M01018
SCI,NSE_EQ|INE109A01011
SCILAL,NSE_EQ|INE0PB301013
SCODATUBES,NSE_EQ|INE090501011
SCPL,NSE_EQ|INE501Y01019
SDBL,NSE_EQ|INE480C01038
SEAMECLTD,NSE_EQ|INE497B01018
SECMARK,NSE_EQ|INE0BTM01013
SECURKLOUD,NSE_EQ|INE650K01021
SEDEMAC,NSE_EQ|INE00XB01019
SEIL,NSE_EQ|INE440T01028
SEJALLTD,NSE_EQ|INE955I01044
SEKURITIND,NSE_EQ|INE068B01017
SEMAC,NSE_EQ|INE617A01013
SENCO,NSE_EQ|INE602W01027
SENORES,NSE_EQ|INE0RB801010
SEPC,NSE_EQ|INE964H01014
SERVOTECH,NSE_EQ|INE782X01033
SESHAPAPER,NSE_EQ|INE630A01024
SETCO,NSE_EQ|INE878E01021
SETL,NSE_EQ|INE0M4D01010
SEYAIND,NSE_EQ|INE573R01012
SFL,NSE_EQ|INE916U01025
SGFIN,NSE_EQ|INE618R01015
SGIL,NSE_EQ|INE00QT01015
SGL,NSE_EQ|INE353H01010
SGLRES,NSE_EQ|INE967B01028
SGMART,NSE_EQ|INE385F01024
SGRL,NSE_EQ|INE414Y01015
SHADOWFAX,NSE_EQ|INE12UN01015
SHAH,NSE_EQ|INE482J01021
SHAHALLOYS,NSE_EQ|INE640C01011
SHAHINVEST,NSE_EQ|INE029N01014
SHAILY,NSE_EQ|INE151G01028
SHAKTIPUMP,NSE_EQ|INE908D01010
SHALBY,NSE_EQ|INE597J01018
SHALPAINTS,NSE_EQ|INE849C01026
SHANKARA,NSE_EQ|INE274V01019
SHANKESH,NSE_EQ|INE1WFC01025
SHANTI,NSE_EQ|INE933X01016
SHANTIGEAR,NSE_EQ|INE631A01022
SHANTIGOLD,NSE_EQ|INE06ZD01017
SHARDACROP,NSE_EQ|INE221J01015
SHARDAMOTR,NSE_EQ|INE597I01028
SHARDUL,NSE_EQ|INE037B01020
SHAREINDIA,NSE_EQ|INE932X01026
SHBAJRG,NSE_EQ|INE402H01015
SHEKHAWATI,NSE_EQ|INE268L01046
SHEMAROO,NSE_EQ|INE363M01019
SHERVANI,NSE_EQ|INE011D01013
SHILCTECH,NSE_EQ|INE024F01011
SHILGRAVQ,NSE_EQ|INE960A01017
SHILPAMED,NSE_EQ|INE790G01031
SHINDL,NSE_EQ|INE220Z01013
SHIPROCKET,NSE_EQ|INE0FOO01011
SHIVAAGRO,NSE_EQ|INE960E01019
SHIVACEM,NSE_EQ|INE555C01029
SHIVALIK,NSE_EQ|INE788J01021
SHIVAMAUTO,NSE_EQ|INE637H01024
SHIVAMILLS,NSE_EQ|INE644Y01017
SHIVATEX,NSE_EQ|INE705C01020
SHIVAUM,NSE_EQ|INE719F01016
SHK,NSE_EQ|INE500L01026
SHOPERSTOP,NSE_EQ|INE498B01024
SHRADDHA,NSE_EQ|INE311M01018
SHRADHA,NSE_EQ|INE715Y01031
SHREDIGCEM,NSE_EQ|INE232A01011
SHREECEM,NSE_EQ|INE070A01015
SHREEJISPG,NSE_EQ|INE1B6101010
SHREEPUSHK,NSE_EQ|INE712K01011
SHREERAMA,NSE_EQ|INE879A01019
SHREYANIND,NSE_EQ|INE231C01019
SHRIKRISH,NSE_EQ|INE997I01012
SHRINGARMS,NSE_EQ|INE1B3L01017
SHRIPISTON,NSE_EQ|INE526E01018
SHRIRAMFIN,NSE_EQ|INE721A01047
SHRIRAMPPS,NSE_EQ|INE217L01019
SHRJAGP,NSE_EQ|INE564J01026
SHUKRAPHAR,NSE_EQ|INE551C01044
SHYAMCENT,NSE_EQ|INE979R01011
SHYAMMETL,NSE_EQ|INE810G01011
SHYAMTEL,NSE_EQ|INE635A01023
SICAGEN,NSE_EQ|INE176J01011
SICALLOG,NSE_EQ|INE075B01020
SIEL,NSE_EQ|INE843L01012
SIEMENS,NSE_EQ|INE003A01024
SIGACHI,NSE_EQ|INE0D0K01022
SIGIND,NSE_EQ|INE529F01035
SIGMA,NSE_EQ|INE0A0S01028
SIGMAADV,NSE_EQ|INE933B01012
SIGNATURE,NSE_EQ|INE903U01023
SIGNPOST,NSE_EQ|INE0KGZ01021
SIKA,NSE_EQ|INE438E01032
SIKKO,NSE_EQ|INE112X01025
SIL,NSE_EQ|INE173A01025
SILGO,NSE_EQ|INE01II01013
SILINV,NSE_EQ|INE923A01015
SILVERTUC,NSE_EQ|INE625X01026
SIMPLEXINF,NSE_EQ|INE059B01024
SIMPLXREA,NSE_EQ|INE167H01014
SINCLAIR,NSE_EQ|INE985A01022
SINDHUTRAD,NSE_EQ|INE325D01025
SINGERIND,NSE_EQ|INE638A01035
SINTERCOM,NSE_EQ|INE129Z01016
SIRCA,NSE_EQ|INE792Z01011
SIS,NSE_EQ|INE285J01028
SIYSIL,NSE_EQ|INE076B01028
SJS,NSE_EQ|INE284S01014
SJVN,NSE_EQ|INE002L01015
SKFINDIA,NSE_EQ|INE640A01023
SKFINDUS,NSE_EQ|INE2J8701016
SKIPPER,NSE_EQ|INE439E01022
SKMEGGPROD,NSE_EQ|INE411D01023
SKYGOLD,NSE_EQ|INE01IU01018
SKYWAYS,NSE_EQ|INE0PX301025
SMARTLINK,NSE_EQ|INE178C01020
SMARTWORKS,NSE_EQ|INE0NAZ01010
SMCGLOBAL,NSE_EQ|INE103C01036
SMLMAH,NSE_EQ|INE294B01019
SMLT,NSE_EQ|INE017W01010
SMSPHARMA,NSE_EQ|INE812G01025
SNOWMAN,NSE_EQ|INE734N01019
SOBHA,NSE_EQ|INE671H01015
SOFTTECH,NSE_EQ|INE728Z01015
SOLARA,NSE_EQ|INE624Z01016
SOLARINDS,NSE_EQ|INE343H01029
SOLARWORLD,NSE_EQ|INE0TY101024
SOLEX,NSE_EQ|INE880Y01017
SOMANYCERA,NSE_EQ|INE355A01028
SOMATEX,NSE_EQ|INE314C01013
SOMICONVEY,NSE_EQ|INE323J01019
SONA,NSE_EQ|INE0LLZ01011
SONACOMS,NSE_EQ|INE073K01018
SONAL,NSE_EQ|INE321M01017
SONAMLTD,NSE_EQ|INE00LM01029
SONATSOFTW,NSE_EQ|INE269A01021
SOTL,NSE_EQ|INE035D01020
SOUTHBANK,NSE_EQ|INE683A01023
SOUTHWEST,NSE_EQ|INE980Y01015
SPAL,NSE_EQ|INE212I01016
SPANDANA,NSE_EQ|INE572J01011
SPARC,NSE_EQ|INE232I01014
SPCENET,NSE_EQ|INE970N01027
SPECIALITY,NSE_EQ|INE247M01014
SPECTRUM,NSE_EQ|INE01EO01010
SPENCERS,NSE_EQ|INE020801028
SPIC,NSE_EQ|INE147A01011
SPLIL,NSE_EQ|INE978G01016
SPLPETRO,NSE_EQ|INE663A01033
SPMLINFRA,NSE_EQ|INE937A01023
SPORTKING,NSE_EQ|INE885H01029
SRD,NSE_EQ|INE01NE01012
SREEL,NSE_EQ|INE099F01013
SRF,NSE_EQ|INE647A01010
SRGHFL,NSE_EQ|INE559N01010
SRHHYPOLTD,NSE_EQ|INE917H01012
SRIKPRIND,NSE_EQ|INE009C01019
SRIT,NSE_EQ|INE307K01028
SRM,NSE_EQ|INE0R6Z01013
SRTL,NSE_EQ|INE19GK01015
SSDL,NSE_EQ|INE0PQ101010
SSRETAIL,NSE_EQ|INE1EQW01028
SSWL,NSE_EQ|INE802C01033
STALLION,NSE_EQ|INE0RYC01010
STANLEY,NSE_EQ|INE01A001028
STAR,NSE_EQ|INE939A01011
STARCEMENT,NSE_EQ|INE460H01021
STARHEALTH,NSE_EQ|INE575P01011
STARPAPER,NSE_EQ|INE733A01018
STARTECK,NSE_EQ|INE992I01013
STCINDIA,NSE_EQ|INE655A01013
STEAMHOUSE,NSE_EQ|INE0FRO01022
STEELCAS,NSE_EQ|INE124E01038
STEELCITY,NSE_EQ|INE395H01011
STEELXIND,NSE_EQ|INE503B01021
STEL,NSE_EQ|INE577L01016
STERTOOLS,NSE_EQ|INE334A01023
STLNETWORK,NSE_EQ|INE1VXE01018
STLSTRINF,NSE_EQ|INE205F01016
STLTECH,NSE_EQ|INE089C01029
STOVEKRAFT,NSE_EQ|INE00IN01015
STUDDS,NSE_EQ|INE00Q601028
STYL,NSE_EQ|INE04VU01023
STYLAMIND,NSE_EQ|INE239C01020
STYLEBAAZA,NSE_EQ|INE01FR01028
STYRENIX,NSE_EQ|INE189B01011
SUBEXLTD,NSE_EQ|INE754A01055
SUBROS,NSE_EQ|INE287B01021
SUDARCOLOR,NSE_EQ|INE492A01029
SUDARSCHEM,NSE_EQ|INE659A01023
SUDEEPPHRM,NSE_EQ|INE0QPI01025
SUKHJITS,NSE_EQ|INE450E01029
SULA,NSE_EQ|INE142Q01026
SUMEDHA,NSE_EQ|INE886B01012
SUMEETINDS,NSE_EQ|INE235C01036
SUMICHEM,NSE_EQ|INE258G01013
SUMIT,NSE_EQ|INE748Z01013
SUMMITSEC,NSE_EQ|INE519C01017
SUNCLAY,NSE_EQ|INE0Q3R01026
SUNDARAM,NSE_EQ|INE108E01023
SUNDARMFIN,NSE_EQ|INE660A01013
SUNDRMBRAK,NSE_EQ|INE073D01013
SUNDRMFAST,NSE_EQ|INE387A01021
SUNDROP,NSE_EQ|INE209A01019
SUNFLAG,NSE_EQ|INE947A01014
SUNLOC,NSE_EQ|INE671C01016
SUNPHARMA,NSE_EQ|INE044A01036
SUNRAKSHAK,NSE_EQ|INE671K01027
SUNSHIEL,NSE_EQ|INE199E01014
SUNSHINE,NSE_EQ|INE1B3O01011
SUNTECK,NSE_EQ|INE805D01034
SUNTV,NSE_EQ|INE424H01027
SUPERHOUSE,NSE_EQ|INE712B01010
SUPERSPIN,NSE_EQ|INE662A01027
SUPRAJIT,NSE_EQ|INE399C01030
SUPREME,NSE_EQ|INE822E01011
SUPREMEIND,NSE_EQ|INE195A01028
SUPREMEINF,NSE_EQ|INE550H01011
SUPRIYA,NSE_EQ|INE07RO01027
SUPTANERY,NSE_EQ|INE460D01038
SURAJEST,NSE_EQ|INE843S01025
SURAJLTD,NSE_EQ|INE713C01016
SURAKSHA,NSE_EQ|INE877V01027
SURANASOL,NSE_EQ|INE272L01022
SURANAT&P,NSE_EQ|INE130B01031
SURYALA,NSE_EQ|INE132C01027
SURYALAXMI,NSE_EQ|INE713B01026
SURYAROSNI,NSE_EQ|INE335A01020
SURYODAY,NSE_EQ|INE428Q01011
SUTLEJTEX,NSE_EQ|INE645H01027
SUVEN,NSE_EQ|INE495B01038
SUVIDHAA,NSE_EQ|INE018401013
SUYOG,NSE_EQ|INE442P01014
SUZLON,NSE_EQ|INE040H01021
SVGLOBAL,NSE_EQ|INE159L01013
SVLL,NSE_EQ|INE00CE01017
SVPGLOB,NSE_EQ|INE308E01029
SWANCORP,NSE_EQ|INE665A01038
SWANDEF,NSE_EQ|INE542F01020
SWARAJ,NSE_EQ|INE0GMR01016
SWARAJENG,NSE_EQ|INE277A01016
SWARNSAR,NSE_EQ|INE967A01012
SWASTIKAIN,NSE_EQ|INE1QJA01015
SWELECTES,NSE_EQ|INE409B01013
SWIGGY,NSE_EQ|INE00H001014
SWISSMLTRY,NSE_EQ|INE010C01025
SWSOLAR,NSE_EQ|INE00M201021
SYMBIOTEC,NSE_EQ|INE899I01028
SYMPHONY,NSE_EQ|INE225D01027
SYNCOMF,NSE_EQ|INE312C01025
SYNGENE,NSE_EQ|INE398R01022
SYRMA,NSE_EQ|INE0DYJ01015
SYSTMTXC,NSE_EQ|INE356B01024
TAALTECH,NSE_EQ|INE524T01029
TAINWALCHM,NSE_EQ|INE123C01018
TAJGVK,NSE_EQ|INE586B01026
TAKE,NSE_EQ|INE142I01023
TALBROAUTO,NSE_EQ|INE187D01029
TAMBOLIIN,NSE_EQ|INE864J01012
TANAA,NSE_EQ|INE692C01020
TANLA,NSE_EQ|INE483C01032
TARACHAND,NSE_EQ|INE555Z01020
TARAPUR,NSE_EQ|INE747K01017
TARC,NSE_EQ|INE0EK901012
TARIL,NSE_EQ|INE763I01026
TARMAT,NSE_EQ|INE924H01018
TARSONS,NSE_EQ|INE144Z01023
TASTYBITE,NSE_EQ|INE488B01017
TATACAP,NSE_EQ|INE976I01016
TATACHEM,NSE_EQ|INE092A01019
TATACOMM,NSE_EQ|INE151A01013
TATACONSUM,NSE_EQ|INE192A01025
TATAELXSI,NSE_EQ|INE670A01012
TATAINVEST,NSE_EQ|INE672A01026
TATAPOWER,NSE_EQ|INE245A01021
TATASTEEL,NSE_EQ|INE081A01020
TATATECH,NSE_EQ|INE142M01025
TATVA,NSE_EQ|INE0GK401011
TBOTEK,NSE_EQ|INE673O01025
TBZ,NSE_EQ|INE760L01018
TCC,NSE_EQ|INE887D01024
TCI,NSE_EQ|INE688A01022
TCIEXP,NSE_EQ|INE586V01016
TCIFINANCE,NSE_EQ|INE911B01018
TCPLPACK,NSE_EQ|INE822C01015
TCS,NSE_EQ|INE467B01029
TDPOWERSYS,NSE_EQ|INE419M01035
TEAMGTY,NSE_EQ|INE289C01025
TEAMLEASE,NSE_EQ|INE985S01024
TECHM,NSE_EQ|INE669C01036
TECHNOCRAF,NSE_EQ|INE1D0W01018
TECHNOE,NSE_EQ|INE285K01026
TECHNVISN,NSE_EQ|INE314H01012
TECILCHEM,NSE_EQ|INE014B01011
TEGA,NSE_EQ|INE011K01018
TEJASNET,NSE_EQ|INE010J01012
TEMBO,NSE_EQ|INE869Y01028
TEMPSENS,NSE_EQ|INE1KZI01025
TENNIND,NSE_EQ|INE19RI01016
TERAI,NSE_EQ|INE390D01011
TERASOFT,NSE_EQ|INE482B01010
TEXINFRA,NSE_EQ|INE435C01024
TEXMOPIPES,NSE_EQ|INE141K01013
TEXRAIL,NSE_EQ|INE621L01012
TFCILTD,NSE_EQ|INE305A01023
TFL,NSE_EQ|INE804H01012
TGBHOTELS,NSE_EQ|INE797H01018
TGVSL,NSE_EQ|INE284B01028
THACKER,NSE_EQ|INE077P01034
THAKDEV,NSE_EQ|INE403F01017
THANGAMAYL,NSE_EQ|INE085J01014
THEINVEST,NSE_EQ|INE924D01017
THEJO,NSE_EQ|INE121N01019
THELEELA,NSE_EQ|INE0AQ201015
THEMISMED,NSE_EQ|INE083B01024
THERMAX,NSE_EQ|INE152A01029
THOMASCOOK,NSE_EQ|INE332A01027
THOMASCOTT,NSE_EQ|INE480M01011
THYROCARE,NSE_EQ|INE594H01019
TI,NSE_EQ|INE133E01013
TICL,NSE_EQ|INE388G01026
TIGERLOGS,NSE_EQ|INE906O01029
TIIL,NSE_EQ|INE545H01011
TIINDIA,NSE_EQ|INE974X01010
TIJARIA,NSE_EQ|INE440L01017
TIL,NSE_EQ|INE806C01018
TIMETECHNO,NSE_EQ|INE508G01029
TIMEX,NSE_EQ|INE064A01026
TIMKEN,NSE_EQ|INE325A01013
TINNARUBR,NSE_EQ|INE015C01016
TIPSFILMS,NSE_EQ|INE0LQS01015
TIPSMUSIC,NSE_EQ|INE716B01029
TIRUMALCHM,NSE_EQ|INE338A01024
TIRUPATIFL,NSE_EQ|INE319Y01024
TITAGARH,NSE_EQ|INE615H01020
TITAN,NSE_EQ|INE280A01028
TMB,NSE_EQ|INE668A01016
TMCV,NSE_EQ|INE1TAE01010
TMPV,NSE_EQ|INE155A01022
TNPETRO,NSE_EQ|INE148A01019
TNPL,NSE_EQ|INE107A01015
TNTELE,NSE_EQ|INE141D01018
TOKYOPLAST,NSE_EQ|INE932C01012
TOLINS,NSE_EQ|INE0RWQ01014
TORNTPHARM,NSE_EQ|INE685A01028
TORNTPOWER,NSE_EQ|INE813H01021
TOTAL,NSE_EQ|INE336X01012
TOUCHWOOD,NSE_EQ|INE486Y01013
TOYAMSL,NSE_EQ|INE457P01020
TPHQ,NSE_EQ|INE065J01024
TPLPLASTEH,NSE_EQ|INE413G01022
TRACXN,NSE_EQ|INE0HMF01019
TRANSCOR,NSE_EQ|INE330E01023
TRANSPEK,NSE_EQ|INE687A01016
TRANSRAILL,NSE_EQ|INE454P01035
TRANSWORLD,NSE_EQ|INE757B01015
TRAVELFOOD,NSE_EQ|INE103V01028
TREEHOUSE,NSE_EQ|INE040M01013
TREJHARA,NSE_EQ|INE00CA01015
TREL,NSE_EQ|INE0O3901029
TRENT,NSE_EQ|INE849A01020
TRF,NSE_EQ|INE391D01019
TRIDENT,NSE_EQ|INE064C01022
TRIGYN,NSE_EQ|INE948A01012
TRITONV,NSE_EQ|INE440G01017
TRITURBINE,NSE_EQ|INE152M01016
TRIVENI,NSE_EQ|INE256C01024
TRU,NSE_EQ|INE615R01029
TRUALT,NSE_EQ|INE0MWH01014
TSFINV,NSE_EQ|INE202Z01029
TTKHLTCARE,NSE_EQ|INE910C01018
TTKPRESTIG,NSE_EQ|INE690A01028
TTL,NSE_EQ|INE592B01024
TTML,NSE_EQ|INE517B01013
TURTLEMINT,NSE_EQ|INE0OC301013
TUTIALKA,NSE_EQ|INE400A01014
TVSELECT,NSE_EQ|INE236G01019
TVSHLTD,NSE_EQ|INE105A01035
TVSMOTOR,NSE_EQ|INE494B01023
TVSSCS,NSE_EQ|INE395N01027
TVSSRICHAK,NSE_EQ|INE421C01016
TVTODAY,NSE_EQ|INE038F01029
TVVISION,NSE_EQ|INE871L01013
UBL,NSE_EQ|INE686F01025
UCAL,NSE_EQ|INE139B01016
UCOBANK,NSE_EQ|INE691A01018
UDAYJEW,NSE_EQ|INE551B01012
UDS,NSE_EQ|INE851I01011
UEL,NSE_EQ|INE899L01030
UFBL,NSE_EQ|INE382M01027
UFLEX,NSE_EQ|INE516A01017
UFO,NSE_EQ|INE527H01019
UGARSUGAR,NSE_EQ|INE071E01023
UGROCAP,NSE_EQ|INE583D01011
UJJIVANSFB,NSE_EQ|INE551W01018
ULTRACEMCO,NSE_EQ|INE481G01011
ULTRAMAR,NSE_EQ|INE405A01021
UMAEXPORTS,NSE_EQ|INE0GIU01018
UMESLTD,NSE_EQ|INE240C01028
UMIYA-MRO,NSE_EQ|INE398B01018
UNICHEMLAB,NSE_EQ|INE351A01035
UNIDT,NSE_EQ|INE961D01019
UNIECOM,NSE_EQ|INE00U401027
UNIENTER,NSE_EQ|INE037A01022
UNIINFO,NSE_EQ|INE481Z01011
UNIMECH,NSE_EQ|INE0U3I01011
UNIONBANK,NSE_EQ|INE692A01016
UNIPARTS,NSE_EQ|INE244O01017
UNITDSPR,NSE_EQ|INE854D01024
UNITECH,NSE_EQ|INE694A01020
UNITEDPOLY,NSE_EQ|INE368U01029
UNITEDTEA,NSE_EQ|INE458F01011
UNIVASTU,NSE_EQ|INE562X01013
UNIVCABLES,NSE_EQ|INE279A01012
UNIVPHOTO,NSE_EQ|INE03V001013
UNOMINDA,NSE_EQ|INE405E01023
UPHOT,NSE_EQ|INE726E01014
UPL,NSE_EQ|INE628A01036
URAVIDEF,NSE_EQ|INE568Z01015
URBANCO,NSE_EQ|INE0CAZ01013
URJA,NSE_EQ|INE550C01020
USHAMART,NSE_EQ|INE228A01035
USK,NSE_EQ|INE0N0Y01013
UTIAMC,NSE_EQ|INE094J01016
UTKARSHBNK,NSE_EQ|INE735W01017
UTLSOLAR,NSE_EQ|INE12UR01024
UTTAMSUGAR,NSE_EQ|INE786F01031
UYFINCORP,NSE_EQ|INE152C01025
V2RETAIL,NSE_EQ|INE945H01021
VADILALIND,NSE_EQ|INE694D01016
VADILENT,NSE_EQ|INE693D01018
VAIBHAVGBL,NSE_EQ|INE884A01027
VAISHALI,NSE_EQ|INE972X01022
VAKRANGEE,NSE_EQ|INE051B01021
VALIANTLAB,NSE_EQ|INE0JWS01017
VALIANTORG,NSE_EQ|INE565V01010
VAML,NSE_EQ|INE1CDF01017
VARDHACRLC,NSE_EQ|INE116G01013
VARDMNPOLY,NSE_EQ|INE835A01029
VARMORA,NSE_EQ|INE0M5301040
VARROC,NSE_EQ|INE665L01035
VASCONEQ,NSE_EQ|INE893I01013
VASUPRADA,NSE_EQ|INE574G01013
VASWANI,NSE_EQ|INE590L01019
VBL,NSE_EQ|INE200M01039
VCL,NSE_EQ|INE098201036
VEDAVAAG,NSE_EQ|INE359B01010
VEDL,NSE_EQ|INE205A01025
VEDPOWER,NSE_EQ|INE694L01019
VEEDOL,NSE_EQ|INE484C01030
VEEGALAND,NSE_EQ|INE1JTV01015
VELJAN,NSE_EQ|INE232E01013
VENKEYS,NSE_EQ|INE398A01010
VENTIVE,NSE_EQ|INE781S01027
VENUSPIPES,NSE_EQ|INE0JA001018
VENUSREM,NSE_EQ|INE411B01019
VERANDA,NSE_EQ|INE0IQ001011
VERTOZ,NSE_EQ|INE188Y01031
VESUVIUS,NSE_EQ|INE386A01023
VETO,NSE_EQ|INE918N01018
VGCL,NSE_EQ|INE761Q01015
VGL,NSE_EQ|INE273D01027
VGUARD,NSE_EQ|INE951I01027
VHL,NSE_EQ|INE701A01023
VHLTD,NSE_EQ|INE048C01025
VIDHIING,NSE_EQ|INE632C01026
VIDYAWIRES,NSE_EQ|INE14UN01029
VIJAYA,NSE_EQ|INE043W01024
VIJIFIN,NSE_EQ|INE159N01027
VIJSOLX,NSE_EQ|INE362D01010
VIKASECO,NSE_EQ|INE806A01020
VIKASLIFE,NSE_EQ|INE161L01027
VIKRAMSOLR,NSE_EQ|INE078V01014
VIKRAN,NSE_EQ|INE01R501028
VIMTALABS,NSE_EQ|INE579C01029
VINATIORGA,NSE_EQ|INE410B01037
VINCOFE,NSE_EQ|INE498Q01014
VINDHYATEL,NSE_EQ|INE707A01012
VINEETLAB,NSE_EQ|INE505Y01010
VINNY,NSE_EQ|INE01KI01027
VINYLINDIA,NSE_EQ|INE250B01029
VIPCLOTHNG,NSE_EQ|INE450G01024
VIPIND,NSE_EQ|INE054A01027
VIPULLTD,NSE_EQ|INE946H01037
VIRAT,NSE_EQ|INE467D01017
VIRINCHI,NSE_EQ|INE539B01017
VIRTUALG,NSE_EQ|INE247C01023
VISACHROME,NSE_EQ|INE286H01012
VISAKAIND,NSE_EQ|INE392A01021
VISHAL,NSE_EQ|INE755Q01025
VISHNU,NSE_EQ|INE270I01022
VISHWARAJ,NSE_EQ|INE430N01022
VISL,NSE_EQ|INE1CLE01013
VITAL,NSE_EQ|INE0L4K01016
VIVIANA,NSE_EQ|INE0MEG01014
VIVIDHA,NSE_EQ|INE370E01029
VIVIMEDLAB,NSE_EQ|INE526G01021
VIVOBIOT,NSE_EQ|INE380K01017
VIYASH,NSE_EQ|INE807F01027
VLEGOV,NSE_EQ|INE03HW01020
VLSFINANCE,NSE_EQ|INE709A01018
VMART,NSE_EQ|INE665J01013
VMM,NSE_EQ|INE01EA01019
VMSTMT,NSE_EQ|INE0SJA01013
VOEPL,NSE_EQ|INE0I0T01010
VOGL,NSE_EQ|INE704J01044
VOITHPAPR,NSE_EQ|INE285C01015
VOLTAMP,NSE_EQ|INE540H01012
VOLTAS,NSE_EQ|INE226A01021
VPRPL,NSE_EQ|INE0AE001013
VRAJ,NSE_EQ|INE0S2V01010
VRLLOG,NSE_EQ|INE366I01010
VSSL,NSE_EQ|INE050M01012
VSTIND,NSE_EQ|INE710A01016
VSTL,NSE_EQ|INE0QTF01015
VSTTILLERS,NSE_EQ|INE764D01017
VTL,NSE_EQ|INE825A01020
VTMLTD,NSE_EQ|INE222F01029
WAAREEENER,NSE_EQ|INE377N01017
WAAREEINDO,NSE_EQ|INE866K01023
WAAREERTL,NSE_EQ|INE299N01021
WABAG,NSE_EQ|INE956G01038
WAKEFIT,NSE_EQ|INE0E7301029
WALCHANNAG,NSE_EQ|INE711A01022
WANBURY,NSE_EQ|INE107F01022
WATERBASE,NSE_EQ|INE054C01015
WCIL,NSE_EQ|INE0CJF01024
WEALTH,NSE_EQ|INE658T01017
WEBELSOLAR,NSE_EQ|INE855C01023
WEIZMANIND,NSE_EQ|INE080A01014
WEL,NSE_EQ|INE02WG01024
WELCORP,NSE_EQ|INE191B01025
WELENT,NSE_EQ|INE625G01013
WELINV,NSE_EQ|INE389K01018
WELSPLSOL,NSE_EQ|INE731F01037
WELSPUNLIV,NSE_EQ|INE192B01031
WENDT,NSE_EQ|INE274C01019
WESTLIFE,NSE_EQ|INE274F01020
WEWIN,NSE_EQ|INE082W01014
WEWORK,NSE_EQ|INE085001019
WHBRADY,NSE_EQ|INE855A01019
WHEELS,NSE_EQ|INE715A01015
WHIRLPOOL,NSE_EQ|INE716A01013
WILLAMAGOR,NSE_EQ|INE210A01017
WINDLAS,NSE_EQ|INE0H5O01029
WINDMACHIN,NSE_EQ|INE052A01021
WIPL,NSE_EQ|INE215F01023
WIPRO,NSE_EQ|INE075A01022
WOCKPHARMA,NSE_EQ|INE049B01025
WONDERLA,NSE_EQ|INE066O01014
WORTHPERI,NSE_EQ|INE196Y01018
WPIL,NSE_EQ|INE765D01022
WSI,NSE_EQ|INE100D01014
WSTCSTPAPR,NSE_EQ|INE976A01021
XCHANGING,NSE_EQ|INE692G01013
XELPMOC,NSE_EQ|INE01P501012
XPROINDIA,NSE_EQ|INE445C01015
XTGLOBAL,NSE_EQ|INE547B01028
XTRANET,NSE_EQ|INE0NG701011
YASHO,NSE_EQ|INE616Z01012
YATHARTH,NSE_EQ|INE0JO301016
YATRA,NSE_EQ|INE0JR601024
YESBANK,NSE_EQ|INE528G01035
YOGI,NSE_EQ|INE290E01011
YUKEN,NSE_EQ|INE384C01016
ZAGGLE,NSE_EQ|INE07K301024
ZEEL,NSE_EQ|INE256A01028
ZEELEARN,NSE_EQ|INE565L01011
ZEEMEDIA,NSE_EQ|INE966H01019
ZENITHEXPO,NSE_EQ|INE058B01018
ZENITHSTL,NSE_EQ|INE318D01020
ZENSARTECH,NSE_EQ|INE520A01027
ZENTEC,NSE_EQ|INE251B01027
ZFCVINDIA,NSE_EQ|INE342J01019
ZFSTEERING,NSE_EQ|INE116C01012
ZIMLAB,NSE_EQ|INE518E01015
ZODIAC,NSE_EQ|INE761Y01019
ZODIACLOTH,NSE_EQ|INE206B01013
ZOTA,NSE_EQ|INE358U01012
ZSARACOM,NSE_EQ|INE967G01019
ZUARI,NSE_EQ|INE840M01016
ZUARIIND,NSE_EQ|INE217A01012
ZYDUSLIFE,NSE_EQ|INE010B01027
ZYDUSWELL,NSE_EQ|INE768C01028
